                 0.3 0 0 0 -4.48139e-10  3.38363e-10  4.01093e-07 0 0 0 0 0 0 -3.64213e-08  1.89305e-08   4.0068e-05 -3.93268e-09  3.98679e-09 -2.76984e-09 0 0 0 -0.000966743  0.000488272       -9.809 
                0.32  0.00196751 -0.00753025 -0.00309056 -0.000758433 -0.000252495   0.00199686 0 0 0 0 0 0 -0.000107591 -3.02856e-05  0.000139708 -4.06612e-09   4.5008e-09 -2.55402e-09  3.02537e-10  1.00764e-10 -7.97691e-10 -0.000966744  0.000488271       -9.809 
                0.34 -0.000186063  -0.00815446   -0.0040907  -0.00190282 -0.000845591   0.00283685 0 0 0 0 0 0 -0.0286119  -0.014773  0.0209963 1.89252e-06 5.07047e-07 8.69986e-07  1.14127e-06  5.90825e-07 -8.35673e-07 -0.000967842  0.000487703       -9.809 
                0.36 0.000219723 -0.00686556 -0.00382764  -0.00195499 -0.000542849   0.00274236 0 0 0 0 0 0  -0.0188839 -0.00355695   0.0113626  1.49391e-06 -7.47905e-07  5.84058e-07 -9.74795e-06  -9.3608e-06  7.26221e-06 -0.000957363  0.000497277       -9.809 
                0.38   -0.005674 -0.00839665 -0.00314168  -0.00198744 -0.000608097   0.00251067 0 0 0 0 0 0  -0.0137134 -0.00345188   0.0044761 6.75893e-06 3.96999e-07 7.94036e-08 -4.62357e-05 -3.73304e-06  3.25197e-05 -0.000922254  0.000491859       -9.809 
                 0.4 -0.00104263 -0.00907448  -0.0042551 -0.00187423 -0.00045917  0.00312074 0 0 0 0 0 0  -0.00885782 -0.000704336    0.0110459 2.54251e-06 1.65073e-06 1.03617e-06 -0.000106272 -2.65846e-05 -1.40635e-05 -0.000864505  0.000513842       -9.809 
                0.42 -0.00107018  -0.0102992 -0.00421517 -0.00183496    -0.00042  0.00339353 0 0 0 0 0 0  -0.00650092 -0.000128485    0.0116232 2.55462e-06 2.89263e-06 1.03856e-06 -0.000192321 -2.68608e-05 -1.27966e-05 -0.000781724  0.000514102       -9.809 
                0.44 -0.000845476   -0.0109805  -0.00415095  -0.00182058 -0.000411573   0.00351147 0 0 0 0 0 0  -0.00507646 -3.39704e-05    0.0105225 2.40521e-06 3.44348e-06 1.02851e-06  -0.00030775 -1.30121e-05  4.51094e-05 -0.00067067 0.000500767      -9.809 
                0.46 -0.000788005   -0.0113094    -0.004156  -0.00181406 -0.000411239   0.00356536 0 0 0 0 0 0 -0.00407151 -4.2004e-05  0.00914488 2.41407e-06 3.61227e-06 1.07333e-06 -0.000450323  7.86648e-06  0.000153943 -0.000533495  0.000480665       -9.809 
                0.48 -0.000787159   -0.0114985  -0.00416581  -0.00180553 -0.000414497   0.00358812 0 0 0 0 0 0  -0.00325438 -8.33685e-05   0.00782616 2.47055e-06  3.6411e-06 1.11557e-06 -0.000621356  3.41572e-05  0.000308978 -0.000368935  0.000455353       -9.809 
                 0.5 0.000616713  -0.0110556 -0.00407009  -0.00181551 -0.000362473   0.00348789 0 0 0 0 0 0 -0.00273729 0.000361493  0.00580965 1.30381e-06 2.98593e-06 1.03016e-06  -0.00077449 -5.10784e-05  0.000623104 -0.000221552   0.00053731       -9.809 
                0.52 0.000518186  -0.0108412 -0.00399317  -0.00178397 -0.000311863   0.00342117 0 0 0 0 0 0 -0.00195198 0.000702573  0.00440038 1.42638e-06 2.63973e-06 9.68372e-07  -0.00101909 -0.000121726  0.000922868 1.37986e-05  0.00060523      -9.809 
                0.54 0.000947802  -0.0103358 -0.00402932  -0.00173936 -0.000310534   0.00331856 0 0 0 0 0 0 -0.00114316 0.000568476  0.00295005  1.1059e-06 2.04403e-06 1.02101e-06 -0.00131753 -6.4663e-05  0.00129845 0.000300952 0.000550302      -9.809 
                0.56 0.000728362 -0.00989086 -0.00385198  -0.00177353 -0.000353643   0.00323156 0 0 0 0 0 0 -0.00114606 0.000116572  0.00186323  1.3412e-06  1.5204e-06 8.82275e-07 -0.00134649  8.3048e-05  0.00160996 0.000328863 0.000408205      -9.809 
                0.58 7.15822e-05 -0.00991787  -0.0038498  -0.00181127 -0.000354874   0.00320617 0 0 0 0 0 0 -0.00123313 9.36229e-05  0.00138938 1.92221e-06 1.48906e-06 8.80274e-07 -0.00131572 8.53812e-05  0.00176116 0.000299306 0.000405953      -9.809 
                 0.6 -0.000343686   -0.0104727  -0.00373238  -0.00184431 -0.000363356   0.00311528 0 0 0 0 0 0 -0.00124179 1.45013e-05 0.000490713 2.30049e-06  1.8886e-06  7.8005e-07 -0.00132134 0.000110339  0.00208501 0.000304773  0.00038193      -9.809 
                0.62 -0.00184735  -0.0104254 -0.00367015  -0.00185724 -0.000418697   0.00313855 0 0 0 0 0 0  -0.00110002 -0.000473391  0.000569741 3.60298e-06  1.8521e-06 7.29322e-07 -0.00137641 0.000308422  0.00204455 0.000357722 0.000191424      -9.809 
                0.64  -0.0018964  -0.0104887 -0.00375039  -0.00186319 -0.000459451   0.00315444 0 0 0 0 0 0 -0.000926685 -0.000758672  0.000579691 3.64201e-06 1.90695e-06  7.9862e-07 -0.00144154 0.000423272  0.00203212 0.000420349 8.09715e-05      -9.809 
                0.66 -0.00193498  -0.0105377 -0.00381182  -0.00186451 -0.000488339   0.00316465 0 0 0 0 0 0 -0.000746002 -0.000895175  0.000544168 3.67125e-06 1.94719e-06 8.50327e-07 -0.00150748 0.000475353  0.00203918 0.000483766 3.08855e-05      -9.809 
                0.68 -0.00196411   -0.010578 -0.00385168  -0.00186358 -0.000507736   0.00317066 0 0 0 0 0 0 -0.000579057 -0.000926204  0.000481737 3.69238e-06 1.97923e-06 8.83247e-07 -0.00156595 0.000483079  0.00205802 0.000539996 2.34547e-05      -9.809 
                 0.7 -0.00198656  -0.0106023 -0.00388384  -0.00186088 -0.000520044    0.0031735 0 0 0 0 0 0 -0.000426623 -0.000889566  0.000404313 3.70804e-06 1.99745e-06 9.09818e-07 -0.00161694 0.000463198  0.00208337 0.000589032 4.25709e-05      -9.809 
                0.72 -0.00200099  -0.0106219 -0.00390089  -0.00185676 -0.000526662   0.00317416 0 0 0 0 0 0 -0.000288742 -0.000808449  0.000321879  3.7171e-06  2.0119e-06 9.23713e-07  -0.0016607 0.000426238  0.00211062 0.000631113 7.81086e-05      -9.809 
                0.74 -0.00201263  -0.0106301 -0.00391584  -0.00185255 -0.000529499   0.00317325 0 0 0 0 0 0  -0.00017393 -0.000706238  0.000240159   3.724e-06 2.01686e-06 9.36129e-07 -0.00169419  0.00038233  0.00213714 0.000663322 0.000120324      -9.809 
                0.76 -0.00202043  -0.0106335 -0.00392421  -0.00184846 -0.000529696   0.00317139 0 0 0 0 0 0 -7.99455e-05 -0.000596397  0.000163865 3.72769e-06 2.01791e-06 9.43056e-07 -0.00171873 0.000337097  0.00216081 0.000686917 0.000163812      -9.809 
                0.78 -0.00202433  -0.0106335 -0.00392845  -0.00184426 -0.000528526   0.00316907 0 0 0 0 0 0 -8.36396e-07 -0.000491509  9.57115e-05 3.72801e-06 2.01603e-06 9.46448e-07 -0.00173691 0.000295348  0.00218042 0.000704401 0.000203948      -9.809 
                 0.8 -0.00195001  -0.0106484 -0.00414345  -0.00181612 -0.000512478   0.00317063 0 0 0 0 0 0  0.000269929 -0.000284431  5.97536e-05 3.66162e-06 2.02506e-06 1.13153e-06 -0.00182482 0.000216564  0.00218456 0.000788925 0.000279682      -9.809 
                0.82 -0.00138092  -0.0107736 -0.00436609  -0.00180428 -0.000453606   0.00318791 0 0 0 0 0 0 0.000330075 0.000264383 0.000152699 3.17238e-06 2.12921e-06 1.32621e-06   -0.001837 1.78885e-05  0.00213345 0.000800643  0.00047067      -9.809 
                0.84 -0.00210903  -0.0105619 -0.00355069  -0.00187206 -0.000413114   0.00313462 0 0 0 0 0 0 -0.000286049  0.000607491 -0.000276667 3.79666e-06 1.95774e-06 6.27365e-07  -0.00160803 -9.74336e-05   0.00230933 0.000580592 0.000581534      -9.809 
                0.86 -0.00186958  -0.0104598 -0.00473672  -0.00176742 -0.000307281   0.00311515 0 0 0 0 0 0  0.000681625   0.00137879 -0.000446267 3.59155e-06 1.86119e-06 1.64936e-06  -0.00193397 -0.000364122   0.00236472  0.00089392 0.000837838      -9.809 
                0.88 -0.000179351  -0.00683019  -0.00466356  -0.00182435 -0.000246311   0.00302511 0 0 0 0 0 0 0.000126037  0.00171423  -0.0010682  2.13471e-06 -1.24554e-06  1.58813e-06  -0.00172654 -0.000470357   0.00261335 0.000694591 0.000939954      -9.809 
                 0.9 -0.00115989  -0.0072722 -0.00438218  -0.00185237 -0.000162119   0.00289665 0 0 0 0 0 0 -8.43872e-05   0.00218392  -0.00190449  2.97449e-06 -8.49883e-07  1.34781e-06  -0.00164016 -0.000618286   0.00294282 0.000611624  0.00108211      -9.809 
                0.92 -0.000388766   -0.0063364  -0.00437298   -0.0018738 -0.000104044   0.00287304 0 0 0 0 0 0 -0.00022618  0.00233977 -0.00182873  2.31061e-06 -1.65273e-06  1.33976e-06  -0.0015803 -0.00066089  0.00289695 0.000554108  0.00112307      -9.809 
                0.94 -0.00166255 -0.00722509 -0.00408063  -0.00187036 -6.67342e-05   0.00294882 0 0 0 0 0 0 -0.000152875   0.00227901  -0.00101937  3.40388e-06 -9.00896e-07   1.0873e-06   -0.0015946 -0.000631894   0.00255869 0.000567821  0.00109523      -9.809 
                0.96 -0.00114142 -0.00731128 -0.00410457  -0.00187409 -3.52559e-05   0.00303377 0 0 0 0 0 0 -0.000150845   0.00217964  -0.00025411  2.95562e-06 -8.36493e-07  1.10645e-06  -0.00158543 -0.000591624   0.00224457 0.000558982  0.00105656      -9.809 
                0.98 -0.00118922 -0.00735315  -0.0043694  -0.00191759 -6.98823e-05   0.00306972 0 0 0 0 0 0 -0.000449994   0.00155344  4.80211e-05  2.99155e-06 -8.01143e-07  1.32993e-06  -0.00147932 -0.000384991   0.00211814 0.000456995 0.000858034      -9.809 
                   1  0.00149435  -0.0102431 -0.00477298  -0.00170876 -7.06803e-05    0.0029939 0 0 0 0 0 0   0.00152161     0.001207 -0.000615107 6.86236e-07 1.66898e-06 1.66854e-06  -0.00208415 -0.000275873   0.00236249 0.00103811 0.00075315     -9.809 
                1.02 -0.00270689 -0.00856069 -0.00435907  -0.00175555 -5.29385e-05   0.00301052 0 0 0 0 0 0  0.000890628   0.00120233 -0.000401018 4.28294e-06  2.2901e-07 1.31384e-06  -0.00187439 -0.000267638   0.00227123 0.000836584  0.00074525      -9.809 
                1.04 -0.00304451  -0.0086684  -0.0046576  -0.00184211 -0.000103403   0.00299989 0 0 0 0 0 0 5.25355e-05 0.000632268 -0.00040954 4.56525e-06 3.26716e-07 1.56711e-06   -0.0016057 -8.69021e-05   0.00226633 0.000578451 0.000571623      -9.809 
                1.06 -0.00207437 -0.00775687 -0.00446242   -0.0018746 -8.03316e-05   0.00302426 0 0 0 0 0 0 -0.000219862  0.000742693 -0.000180655 3.73228e-06 -4.5361e-07 1.39976e-06  -0.00151348 -0.000116818   0.00217107 0.000489863 0.000600373      -9.809 
                1.08 -0.00195993 -0.00748224 -0.00476387  -0.00194757 -0.000112793   0.00302589 0 0 0 0 0 0 -0.000767991  0.000379578 -0.000140594  3.62956e-06 -6.84875e-07  1.65558e-06  -0.00134044 -5.02681e-06   0.00214817 0.000323642 0.000492994      -9.809 
                 1.1 -0.00202731 -0.00730679 -0.00475399  -0.00200522 -0.000139254   0.00302507 0 0 0 0 0 0  -0.00109664  0.000114646 -0.000133356   3.6826e-06 -8.32237e-07  1.64507e-06 -0.00123565 7.52393e-05  0.00213743 0.000222993 0.000415899      -9.809 
                1.12 -0.00214772 -0.00730322  -0.0047407  -0.00204287 -0.000161899   0.00302881 0 0 0 0 0 0  -0.00120221 -8.68842e-05 -0.000101347  3.78111e-06 -8.34222e-07  1.63152e-06  -0.0011981 0.000135191   0.0021175 0.000186923 0.000358322      -9.809 
                1.14 -0.00217022 -0.00725543 -0.00474471  -0.00206889 -0.000178257    0.0030317 0 0 0 0 0 0  -0.00119281 -0.000208545 -8.50714e-05  3.79617e-06 -8.74452e-07  1.63286e-06 -0.0011944 0.00017078 0.00210347 0.000183366 0.000324144      -9.809 
                1.16 -0.00220358 -0.00751776 -0.00440518  -0.00203457 -0.000142278   0.00305265 0 0 0 0 0 0 -0.000688118  0.000107048  4.28211e-05  3.82224e-06 -6.53814e-07  1.34213e-06 -0.00133226 8.08284e-05  0.00204874 0.000315757  0.00041053      -9.809 
                1.18 -0.000716383   -0.0107115  -0.00510939  -0.00179443 -0.000176099   0.00304575 0 0 0 0 0 0   0.00156173 -0.000304585 -0.000109912 2.54841e-06 2.05706e-06 1.93495e-06  -0.0019596 0.000194688   0.0020944 0.000918144  0.00030117      -9.809 
                 1.2 -0.00184502 -0.00704215  -0.0048503  -0.00183885 -0.000127611   0.00307968 0 0 0 0 0 0 0.000919526 0.000185695 0.000158559  3.50996e-06 -1.06863e-06  1.71571e-06 -0.00176721 5.83166e-05   0.0019912 0.000733425 0.000432131      -9.809 
                1.22 -0.000704726   -0.0102243  -0.00439215  -0.00176681 -0.000159535   0.00307347 0 0 0 0 0 0   0.00143982 -0.000138024  5.45484e-05 2.53418e-06 1.63919e-06 1.32184e-06  -0.0019005 0.000147128  0.00202074 0.000861387  0.00034685      -9.809 
                1.24 -0.000292889    -0.010455   -0.0049812  -0.00166886 -0.000111296   0.00310097 0 0 0 0 0 0  0.00205176 0.000258998 0.000208158 2.18307e-06 1.82958e-06 1.82224e-06 -0.00205707 3.71129e-05  0.00195895 0.00101171 0.00045247     -9.809 
                1.26 -0.00280677  -0.0135625 -0.00427842  -0.00160164 -0.000150725   0.00296464 0 0 0 0 0 0   0.00237999 -0.000110166 -0.000870603  4.3148e-06 4.47658e-06 1.22068e-06 -0.00213432 0.000138996   0.0023294  0.00108588 0.000354621      -9.809 
                1.28 -0.00303107 -0.00798301 -0.00465667  -0.00170869 -0.000107255   0.00300516 0 0 0 0 0 0   0.00105013  0.000340062 -0.000419091   4.5044e-06 -2.65614e-07  1.54512e-06 -0.00176587 2.10985e-05  0.00216431 0.000732207 0.000467841      -9.809 
                 1.3 -0.00285369 -0.00770569 -0.00479529  -0.00183909 -0.000125726   0.00301593 0 0 0 0 0 0 -0.000222962  0.000194988  -0.00025168  4.34967e-06 -4.95519e-07  1.66321e-06 -0.00141885 6.27594e-05  0.00209957 0.000399111 0.000427892      -9.809 
                1.32 -0.00280971 -0.00750722   -0.004726  -0.00193836 -0.000139264   0.00302297 0 0 0 0 0 0  -0.00101613  9.23291e-05 -0.000153495  4.30823e-06 -6.60183e-07  1.60387e-06 -0.00120399 9.20775e-05  0.00205906 0.000192882  0.00039978      -9.809 
                1.34 -0.00284141 -0.00736774  -0.0046338    -0.002009 -0.000151765   0.00303083 0 0 0 0 0 0   -0.0014302 -3.16849e-06 -7.66022e-05  4.33091e-06 -7.76414e-07  1.52451e-06 -0.00109131 0.000118682  0.00202604 8.47367e-05 0.000374261      -9.809 
                1.36 -0.00283115 -0.00728917 -0.00457884  -0.00205729 -0.000162365   0.00303591 0 0 0 0 0 0  -0.00158156 -7.96831e-05 -4.08831e-05  4.31787e-06 -8.41846e-07  1.47642e-06  -0.001048 0.00013969 0.00200717  4.3176e-05 0.000354106      -9.809 
                1.38 -0.00277315 -0.00720036 -0.00456503  -0.00209097 -0.000168254   0.00304095 0 0 0 0 0 0  -0.00158308 -0.000111645 -1.61604e-05  4.26447e-06 -9.16526e-07  1.46319e-06 -0.00104348 0.000148815  0.00199211 3.88341e-05 0.000345352      -9.809 
                 1.4 -0.00242519 -0.00716309 -0.00465781  -0.00207966 -0.000127887   0.00305781 0 0 0 0 0 0 -0.00121622 0.000231623 7.70037e-05  3.96693e-06 -9.49735e-07  1.54101e-06 -0.00113184 6.28822e-05  0.00195405 0.000123626   0.0004278      -9.809 
                1.42 -0.00141562  -0.0110076 -0.00440943  -0.00183256 -6.35582e-05   0.00306927 0 0 0 0 0 0  0.00112317 0.000624202 4.69786e-05 3.10903e-06 2.29422e-06 1.32677e-06  -0.00171188 -3.59172e-05    0.0019558  0.00068015 0.000522535      -9.809 
                1.44 -0.00132245  -0.0114093 -0.00502188  -0.00167679 -0.000179863   0.00307829 0 0 0 0 0 0   0.0023613 -0.00051411 5.83794e-05 3.02295e-06 2.62543e-06 1.83747e-06 -0.00200901 0.000245208  0.00194505 0.000965157 0.000252801      -9.809 
                1.46 -2.0534e-05  -0.0112035 -0.00502972  -0.00155487 -5.10665e-05   0.00300021 0 0 0 0 0 0   0.00302017  0.000627145 -0.000587042 1.92178e-06 2.45071e-06 1.84524e-06 -0.00215968 -3.5934e-05  0.00214948  0.00110975 0.000522471      -9.809 
                1.48 -0.00291241 -0.00817218 -0.00458844  -0.00165794 -3.71782e-05   0.00304352 0 0 0 0 0 0   0.00163766  0.000712091 -0.000148582  4.36526e-06 -1.09847e-07  1.47322e-06  -0.00181273 -5.28843e-05   0.00200044 0.000776942 0.000538777      -9.809 
                 1.5 -0.00282082 -0.00815187 -0.00446499 -0.00173963 -2.9201e-05  0.00307735 0 0 0 0 0 0 0.000677159 0.000714632 0.000141687   4.2845e-06 -1.24414e-07  1.36922e-06  -0.00157297 -5.01133e-05    0.0019009 0.000546966  0.00053615      -9.809 
                1.52 -0.000181731   -0.0109479  -0.00408938  -0.00171298 -4.46741e-05   0.00298632 0 0 0 0 0 0  0.000858758  0.000468384 -0.000581448 2.05038e-06 2.24028e-06 1.04962e-06 -0.00160913 9.08078e-06   0.0021273 0.000581652 0.000479357      -9.809 
                1.54 -0.00288683  -0.0078813 -0.00442469  -0.00178577 -3.89666e-05   0.00303186 0 0 0 0 0 0  9.63749e-05  0.000479184 -0.000148514  4.33174e-06 -3.48642e-07  1.33281e-06 -0.00142213 9.14291e-06  0.00198251 0.000402318 0.000479325      -9.809 
                1.56 -0.00280742 -0.00766536 -0.00467472  -0.00188677 -8.74403e-05   0.00304917 0 0 0 0 0 0 -0.000750251  3.93248e-05  1.87074e-05  4.25977e-06 -5.27759e-07  1.54226e-06 -0.00121811 0.000114304  0.00192396 0.000206663 0.000378505      -9.809 
                1.58 -0.000123057   -0.0103587  -0.00500284 -0.00166177 -5.5687e-05  0.00294365 0 0 0 0 0 0   0.00136691  0.000205872 -0.000866629 1.99188e-06 1.73903e-06  1.8144e-06  -0.0017027 7.38615e-05  0.00219566 0.000671326  0.00041723      -9.809 
                 1.6 -0.00296337 -0.00782627 -0.00450625  -0.00174872 -4.92141e-05   0.00300015 0 0 0 0 0 0  0.000390319  0.000274041 -0.000303738  4.38377e-06 -3.95103e-07  1.39625e-06 -0.00147102 6.03448e-05  0.00201256 0.000449191 0.000430218      -9.809 
                1.62 -0.00286387 -0.00762376  -0.0047358 -0.00186121 -9.6435e-05  0.00302649 0 0 0 0 0 0 -0.000609787 -0.000115548 -4.15287e-05 4.29535e-06 -5.6259e-07 1.58849e-06 -0.00123728  0.00015096  0.00192542 0.000225094 0.000343366      -9.809 
                1.64 -0.00284421 -0.00751228 -0.00473891  -0.00194632 -0.000130907   0.00304565 0 0 0 0 0 0  -0.00121209 -0.000354044  0.000113732   4.2744e-06 -6.54292e-07  1.58977e-06 -0.00109689 0.000205774  0.00187213 9.05093e-05 0.000290833      -9.809 
                1.66 -0.00179887  -0.0110363  -0.0040006  -0.00184879 -0.000180721   0.00304576 0 0 0 0 0 0 -0.000133382 -0.000766459  4.68556e-05  3.3895e-06 2.30516e-06 9.64538e-07 -0.00133574 0.000296704  0.00188671 0.000319435 0.000203662      -9.809 
                1.68 -0.00154143   -0.011292 -0.00521853 -0.00171175  -0.0002736   0.0030615 0 0 0 0 0 0  0.00111783 -0.00148491  0.00010411 3.16764e-06 2.51179e-06 1.98306e-06 -0.00160877 0.000453405  0.00186313 0.000581088 5.34632e-05      -9.809 
                 1.7 0.000222533  -0.0111185 -0.00460337  -0.00169719 -0.000224114   0.00294166 0 0 0 0 0 0   0.00108341 -0.000823494 -0.000829047 1.68335e-06 2.37028e-06  1.4665e-06 -0.00159494 0.000304679  0.00214125 0.000567872 0.000195974      -9.809 
                1.72 -0.00314003 -0.00781248 -0.00474522    -0.001778 -0.000167549   0.00299437 0 0 0 0 0 0  0.000179007 -0.000173723 -0.000308101   4.5078e-06 -4.07021e-07  1.58765e-06 -0.00139179 0.000163549  0.00197755 0.000373208 0.000331239      -9.809 
                1.74 -0.00297742  -0.0075976 -0.00489359 -0.00188453   -0.000175  0.00301801 0 0 0 0 0 0 -0.000753936 -0.000160731 -7.16214e-05  4.36775e-06 -5.84603e-07   1.7121e-06 -0.00118505 0.000162007  0.00190129 0.000175112 0.000332737      -9.809 
                1.76 -0.00292198 -0.00750749 -0.00478966  -0.00196213 -0.000181096   0.00303585 0 0 0 0 0 0 -0.00127942 -0.00015716 7.33125e-05  4.31746e-06 -6.58405e-07  1.62412e-06 -0.00106858 0.000162267  0.00185299 6.35197e-05 0.000332502      -9.809 
                1.78 -0.00151644  -0.0110905 -0.00466317   -0.0017668 -0.000102946   0.00305222 0 0 0 0 0 0 0.000597146 0.000432377 9.56709e-05 3.13657e-06 2.33735e-06 1.51576e-06 -0.00146557 3.60346e-05   0.0018401 0.000443856 0.000453395      -9.809 
                 1.8 -0.000238812   -0.0109522  -0.00417795 -0.00173402 -9.2037e-05   0.0029721 0 0 0 0 0 0  0.000823741  0.000449021 -0.000540875 2.06221e-06 2.22245e-06 1.10748e-06 -0.00150823 3.24854e-05  0.00202274  0.00048474 0.000456778      -9.809 
                1.82  -0.0030173 -0.00779313 -0.00426332  -0.00182048 -7.51818e-05    0.0030194 0 0 0 0 0 0 -5.63983e-05  0.000561794 -9.64628e-05 4.38775e-06 -4.2387e-07 1.17951e-06 -0.00131864 1.11843e-05  0.00188697 0.000303135 0.000477211      -9.809 
                1.84 -0.00290655 -0.00755629 -0.00447855  -0.00193137 -0.000115265    0.0030385 0 0 0 0 0 0 -0.000964968  0.000183428  7.94985e-05  4.29034e-06 -6.19186e-07  1.35867e-06 -0.00112549  9.1847e-05  0.00183109  0.00011813 0.000399979      -9.809 
                1.86 -0.0018189  -0.011026 -0.0038352  -0.00184862 -0.000162953   0.00303984 0 0 0 0 0 0 -5.56853e-05 -0.000287879  3.42541e-05  3.3749e-06 2.27976e-06 8.16765e-07 -0.00131041 0.000188689  0.00183896 0.000295199 0.000307219      -9.809 
                1.88 -0.00164338  -0.0111882 -0.00508818  -0.00167082 -0.000188087   0.00303977 0 0 0 0 0 0   0.00151027 -0.000526472 -4.00661e-05 3.22401e-06 2.40722e-06 1.86044e-06 -0.00162621 0.000236176  0.00185474 0.000597594 0.000261722      -9.809 
                 1.9 -0.00304317  -0.0081422 -0.00449245  -0.00177375 -0.000147098    0.0030689 0 0 0 0 0 0  0.000366523 -3.99386e-05  0.000202611  4.39234e-06 -1.36636e-07  1.36396e-06 -0.00138855 0.000138587  0.00178088 0.000370046 0.000355185      -9.809 
                1.92 -0.000438302   -0.0108551  -0.00399257  -0.00176786 -0.000135858   0.00297617 0 0 0 0 0 0  0.000398608  6.58859e-05 -0.000536692 2.21226e-06 2.13321e-06   9.455e-07 -0.00139071  0.00011677  0.00198703 0.000372144 0.000376058      -9.809 
                1.94  -0.0030676 -0.00775894 -0.00429662  -0.00184851 -0.000108616   0.00302114 0 0 0 0 0 0 -0.000366682  0.000321539 -0.000115626  4.40597e-06 -4.52232e-07  1.20012e-06 -0.00123361 6.73276e-05  0.00186253 0.000221745 0.000423409      -9.809 
                1.96  -0.0028864 -0.00750987 -0.00455039  -0.00195612 -0.000137453   0.00303461 0 0 0 0 0 0 -0.00119925 7.27939e-05 1.76278e-05   4.2504e-06 -6.57236e-07  1.41108e-06 -0.00106494 0.000118216  0.00182061 6.02806e-05 0.000374713      -9.809 
                1.98 -0.00175075  -0.0106914 -0.00473741  -0.00171345 -0.000144505   0.00301422 0 0 0 0 0 0   0.00111512  -0.00010639 -0.000232751 3.29825e-06 1.98811e-06 1.56209e-06 -0.00151672 0.000152623  0.00188502 0.000492689 0.000341749      -9.809 
                   2 -0.00304776 -0.00797049 -0.00437449  -0.00180433 -0.000115423   0.00305191 0 0 0 0 0 0 0.000144977 0.000203432 9.73378e-05  4.37728e-06 -2.79051e-07  1.26038e-06 -0.00132245 9.35868e-05  0.00178857 0.000306763 0.000398267      -9.809 
                2.02 -0.000407949   -0.0107482  -0.00391127  -0.00178891 -0.000113665   0.00296302 0 0 0 0 0 0  0.000299061  0.000184128 -0.000600425 2.17367e-06 2.03794e-06 8.73157e-07 -0.0013485 9.6995e-05 0.00197749 0.000331711 0.000394989      -9.809 
                2.04 -0.00303613 -0.00767806 -0.00424258  -0.00186219 -9.37173e-05   0.00301179 0 0 0 0 0 0 -0.000384114  0.000354924 -0.000143569  4.36034e-06 -5.19469e-07  1.14945e-06 -0.00121319 6.57139e-05  0.00184653 0.000202235 0.000424938      -9.809 
                2.06 -0.00287286  -0.0074567  -0.0045158  -0.00196413 -0.000128245   0.00302784 0 0 0 0 0 0 -0.00116312 5.04184e-05 1.20707e-05  4.22002e-06 -7.01273e-07  1.37583e-06   -0.001061 0.000125303  0.00179966 5.66202e-05 0.000367938      -9.809 
                2.08 -0.00171516  -0.0102061 -0.00446272 -0.00177218 -0.00010498  0.00297233 0 0 0 0 0 0  0.000706514  0.000153318 -0.000486088 3.25258e-06  1.5813e-06 1.32827e-06   -0.001412 0.000105411  0.00193022 0.000392413 0.000386941      -9.809 
                 2.1 -0.00304095  -0.0078706 -0.00425018  -0.00183457 -8.87898e-05   0.00302992 0 0 0 0 0 0  4.8321e-05 0.000295758 1.96921e-05  4.35241e-06 -3.61511e-07  1.15165e-06 -0.00128399 8.00378e-05  0.00178833 0.000269959  0.00041123      -9.809 
                2.12 -0.00019884  -0.0102872 -0.00491053  -0.00165283 -7.06737e-05   0.00292295 0 0 0 0 0 0   0.00165032  0.000329415 -0.000852176 1.98639e-06 1.64516e-06 1.69697e-06  -0.0015782 7.28922e-05  0.00201851 0.000551376 0.000418027      -9.809 
                2.14 -0.00307868 -0.00788806 -0.00432784  -0.00174889 -6.30928e-05   0.00299408 0 0 0 0 0 0  0.000544773  0.000391518 -0.000176091  4.37631e-06 -3.47863e-07  1.21332e-06 -0.00136837 6.31115e-05  0.00183218 0.000350685 0.000427408      -9.809 
                2.16 -0.00292703 -0.00800321 -0.00416987  -0.00181982 -6.12798e-05   0.00304682 0 0 0 0 0 0 -0.000149116  0.000377839  0.000251894  4.2471e-06 -2.5204e-07 1.08203e-06 -0.00123678 6.71712e-05  0.00171385 0.000224839 0.000423545      -9.809 
                2.18 -0.000323578   -0.0106716  -0.00376181   -0.0017997 -7.12853e-05   0.00296005 0 0 0 0 0 0  9.94686e-05  0.000227175 -0.000452972 2.08285e-06 1.96402e-06 7.41912e-07 -0.00127907 9.44155e-05   0.0018971 0.000265296 0.000397476      -9.809 
                 2.2 -0.00300144 -0.00778006 -0.00416119  -0.00186002 -6.75225e-05   0.00302205 0 0 0 0 0 0 -0.000436241  0.000247116  7.79626e-05  4.30115e-06 -4.35436e-07  1.07293e-06 -0.00117852 9.20755e-05  0.00175241 0.000169152 0.000399731      -9.809 
                2.22 -0.000305813    -0.010555  -0.00382588  -0.00181899 -7.41078e-05   0.00294265 0 0 0 0 0 0  3.36321e-05  0.000134086 -0.000554988 2.06296e-06 1.86543e-06 7.93293e-07  -0.0012604 0.000111895  0.00191457 0.000247431 0.000380766      -9.809 
                2.24 -0.00301038 -0.00769286 -0.00415193  -0.00187289 -7.10933e-05   0.00300917 0 0 0 0 0 0 -0.000438501  0.000158833  2.19342e-05  4.30109e-06 -5.07512e-07  1.06314e-06 -0.00117268 0.000108574   0.0017592 0.000163576 0.000383958      -9.809 
                2.26 -0.000217663   -0.0101878  -0.00500062  -0.00167015 -8.68729e-05   0.00291055 0 0 0 0 0 0   0.00143234 -8.26885e-05 -0.000793707 1.98421e-06  1.5555e-06 1.76145e-06 -0.00150114 0.000150266  0.00196659 0.000477509 0.000344077      -9.809 
                2.28 -0.00310431 -0.00783176 -0.00432969   -0.0017628 -7.73867e-05   0.00298691 0 0 0 0 0 0  0.000386353  5.77849e-05 -8.98528e-05  4.37107e-06 -3.94802e-07  1.20661e-06 -0.00131228 0.000126596  0.00177995 0.000297009  0.00036672      -9.809 
                 2.3 -0.00294424 -0.00796952 -0.00417053  -0.00183069 -7.30226e-05   0.00304365 0 0 0 0 0 0 -0.000260238  0.000116163  0.000353289  4.23551e-06 -2.80902e-07  1.07492e-06 -0.00119555 0.000117415  0.00166215 0.000185462 0.000375508      -9.809 
                2.32 -0.000333531   -0.0106544  -0.00376178  -0.00180815 -8.03822e-05   0.00295985 0 0 0 0 0 0 2.28272e-05 2.77264e-05 -0.00034497 2.07343e-06 1.94032e-06  7.3564e-07 -0.00124216 0.000132238  0.00183748 0.000230014 0.000361329      -9.809 
                2.34 -0.00300341 -0.00777404 -0.00415931  -0.00186593 -7.39228e-05   0.00302387 0 0 0 0 0 0 -0.000481526  0.000100419  0.000183991  4.27705e-06 -4.41101e-07  1.06398e-06 -0.00115194 0.000120634  0.00169863 0.000143813 0.000372429      -9.809 
                2.36 -0.000341338   -0.0105317  -0.00372997  -0.00183293 -8.17886e-05   0.00294402 0 0 0 0 0 0 -7.42168e-05  3.58125e-06 -0.000464614 2.07484e-06  1.8373e-06 7.07931e-07 -0.0012195 0.00013663 0.00185939 0.000208355 0.000357133      -9.809 
                2.38 -0.00300809 -0.00768304 -0.00413933   -0.0018825 -7.56036e-05   0.00301167 0 0 0 0 0 0 -0.000493922  7.30554e-05   0.00010567   4.2736e-06 -5.15928e-07   1.0456e-06   -0.001145 0.000125662  0.00171137 0.000137185 0.000367624      -9.809 
                 2.4 -0.000353505   -0.0104688  -0.00371954  -0.00184311 -8.36787e-05   0.00293445 0 0 0 0 0 0 -3.11554e-05  -2.4101e-05 -0.000513811 2.07991e-06 1.78292e-06 6.97762e-07 -0.00122108 0.000141456  0.00186314 0.000209859 0.000352526      -9.809 
                2.42 -0.00301842 -0.00764134 -0.00413226  -0.00188821 -7.73628e-05   0.00300448 0 0 0 0 0 0 -0.000420929  4.90983e-05  8.01519e-05  4.27487e-06 -5.50467e-07  1.03783e-06 -0.00115255 0.000129958  0.00171062 0.000144405 0.000363519      -9.809 
                2.44 -0.000337408   -0.0104611   -0.0037597  -0.00184136 -8.40787e-05    0.0029305 0 0 0 0 0 0  9.15353e-05 -3.56845e-05 -0.000513175 2.06178e-06 1.77376e-06 7.29251e-07 -0.00123593 0.000143419  0.00185439 0.000224028 0.000350653      -9.809 
                2.46 -0.00302148 -0.00763347 -0.00413771  -0.00188525 -7.78317e-05   0.00300194 0 0 0 0 0 0 -0.000308749  3.91554e-05  9.16167e-05  4.2703e-06 -5.5738e-07 1.04037e-06 -0.00116644 0.000131779  0.00170072 0.000157668 0.000361778      -9.809 
                2.48 -0.000363832   -0.0104396  -0.00372295  -0.00184219 -8.56793e-05   0.00292788 0 0 0 0 0 0  0.000152895 -5.08661e-05 -0.000501825 2.07874e-06 1.75336e-06 6.97444e-07 -0.00124028 0.000145958  0.00184319 0.000228171 0.000348231      -9.809 
                 2.5 -0.00302574 -0.00762553  -0.0041408  -0.00188481 -7.90511e-05   0.00300037 0 0 0 0 0 0 -0.000247257  2.95099e-05  0.000109124  4.26672e-06 -5.64144e-07  1.04104e-06 -0.00117165  0.00013354  0.00168955 0.000162653 0.000360096      -9.809 
                2.52 -0.000365096   -0.0104358  -0.00372711 -0.00184111 -8.6572e-05   0.0029271 0 0 0 0 0 0  0.000209054 -5.60305e-05  -0.00048056 2.07502e-06 1.74761e-06 6.99379e-07 -0.00124368 0.000146801   0.0018298  0.00023141 0.000347428      -9.809 
                2.54 -0.00302645 -0.00762705 -0.00414438 -0.00188332  -7.966e-05  0.00300025 0 0 0 0 0 0 -0.000197224  2.78191e-05  0.000132449   4.2603e-06 -5.63141e-07  1.04214e-06  -0.0011749 0.000133971  0.00167719 0.000165758 0.000359683      -9.809 
                2.56 -0.000365945   -0.0104407  -0.00372996  -0.00183944 -8.68904e-05   0.00292752 0 0 0 0 0 0   0.00025178  -5.4644e-05 -0.000456205 2.07099e-06 1.74902e-06 7.00252e-07 -0.00124485  0.00014658  0.00181591 0.000232517 0.000347641      -9.809 
                2.58 -0.00302564 -0.00763133 -0.00414717  -0.00188159 -7.98131e-05   0.00300094 0 0 0 0 0 0 -0.000161097  3.07238e-05  0.000155606  4.25262e-06 -5.59834e-07  1.04262e-06 -0.00117585 0.000133673   0.0016651 0.000166673 0.000359967      -9.809 
                 2.6 -0.000363902    -0.010447  -0.00373217 -0.00183783 -8.6946e-05  0.00292841 0 0 0 0 0 0  0.000280647 -5.10228e-05 -0.000434322 2.06455e-06 1.75158e-06 7.00628e-07 -0.00124381 0.000146019   0.0018029  0.00023151 0.000348178      -9.809 
                2.62 -0.00302354 -0.00763772 -0.00414959  -0.00188017 -7.97497e-05   0.00300192 0 0 0 0 0 0 -0.000138691  3.50609e-05  0.000175282  4.24389e-06 -5.54792e-07  1.04281e-06 -0.00117463 0.000133155  0.00165409 0.000165513 0.000360459      -9.809 
                2.64  -0.0003625  -0.0104528 -0.00373385  -0.00183662 -8.68139e-05    0.0029294 0 0 0 0 0 0  0.000297397 -4.65002e-05 -0.000417027 2.05867e-06 1.75382e-06 7.00577e-07 -0.00124089  0.00014533   0.0017912 0.000228714 0.000348837      -9.809 
                2.66 -0.00302216 -0.00764329 -0.00415077  -0.00187915 -7.95742e-05   0.00300287 0 0 0 0 0 0 -0.000126411   3.9455e-05  0.000190006  4.23578e-06 -5.50343e-07  1.04199e-06 -0.00117185 0.000132646  0.00164443 0.000162871 0.000360945      -9.809 
                2.68 -0.000361073   -0.0104577  -0.00373401  -0.00183581 -8.66077e-05   0.00293029 0 0 0 0 0 0  0.000305658 -4.23188e-05 -0.000404466 2.05276e-06 1.75534e-06 6.99287e-07 -0.00123672 0.000144716  0.00178086 0.000224734 0.000349424      -9.809 
                 2.7 -0.00302075 -0.00764762 -0.00415117  -0.00187851 -7.93523e-05   0.00300367 0 0 0 0 0 0 -0.000120826   4.3225e-05  0.000200158  4.22764e-06 -5.46897e-07  1.04054e-06 -0.00116811 0.000132246  0.00163604  0.00015931 0.000361324      -9.809 
                2.72 -0.000359815   -0.0104614  -0.00373395  -0.00183532 -8.63978e-05   0.00293101 0 0 0 0 0 0  0.000308933 -3.91494e-05 -0.000396181   2.047e-06 1.75591e-06 6.97819e-07 -0.00123188 0.000144267  0.00177167 0.000220113 0.000349855      -9.809 
                2.74 -0.00301962 -0.00765052 -0.00415128  -0.00187813 -7.91519e-05   0.00300427 0 0 0 0 0 0 -0.000119078  4.58533e-05  0.000206517  4.21978e-06 -5.44548e-07  1.03887e-06 -0.00116386 0.000132022  0.00162866 0.000155267 0.000361537      -9.809 
                2.76 -0.000358883   -0.0104638  -0.00373386  -0.00183505 -8.62188e-05   0.00293152 0 0 0 0 0 0 0.000309252 -3.7046e-05 -0.00039106 2.04157e-06 1.75553e-06 6.96341e-07 -0.00122671 0.000143984   0.0017634 0.000215172 0.000350126      -9.809 
                2.78 -0.00301892 -0.00765247 -0.00415111  -0.00187796 -7.89972e-05   0.00300468 0 0 0 0 0 0 -0.000119588  4.74667e-05  0.000210248  4.21231e-06 -5.42958e-07  1.03696e-06 -0.00115936 0.000131957  0.00162204 0.000150994 0.000361598      -9.809 
                 2.8 -0.000358183   -0.0104654  -0.00373381  -0.00183496 -8.60883e-05   0.00293186 0 0 0 0 0 0  0.000307958 -3.58537e-05 -0.000388175 2.03632e-06 1.75453e-06 6.94891e-07  -0.0012214 0.000143846  0.00175578 0.000210109  0.00035026      -9.809 
                2.82 -0.00301853 -0.00765371 -0.00415081  -0.00187792 -7.88904e-05   0.00300495 0 0 0 0 0 0 -0.000121163  4.82586e-05  0.000212162  4.20512e-06 -5.41904e-07  1.03495e-06 -0.00115481 0.000132012  0.00161594 0.000146667 0.000361544      -9.809 
                2.84 -0.000357732   -0.0104664  -0.00373372  -0.00183496 -8.60152e-05   0.00293208 0 0 0 0 0 0  0.000306016 -3.54433e-05 -0.000386649  2.0313e-06   1.753e-06 6.93411e-07 -0.00121613 0.000143825  0.00174862 0.000205079 0.000350282      -9.809 
                2.86  -0.0030182 -0.00765429 -0.00415075  -0.00187794 -7.88376e-05    0.0030051 0 0 0 0 0 0 -0.000123039  4.84455e-05  0.000213049  4.19799e-06 -5.41435e-07  1.03314e-06 -0.00115033  0.00013216  0.00161018 0.000142404 0.000361402      -9.809 
                2.88 -0.000357539   -0.0104668  -0.00373348  -0.00183502 -8.59731e-05    0.0029322 0 0 0 0 0 0  0.000303909 -3.53265e-05 -0.000385951 2.02646e-06 1.75099e-06 6.91808e-07 -0.00121095 0.000143857  0.00174176 0.000200143 0.000350253      -9.809 
                 2.9 -0.00301807  -0.0076545 -0.00415059    -0.001878 -7.88043e-05   0.00300518 0 0 0 0 0 0 -0.000124885  4.84408e-05  0.000213357  4.19098e-06 -5.41274e-07  1.03126e-06 -0.00114595 0.000132339  0.00160465 0.000138244 0.000361231      -9.809 
                2.92 -0.000357347    -0.010467   -0.0037334  -0.00183509 -8.59546e-05   0.00293227 0 0 0 0 0 0  0.000301959 -3.54681e-05 -0.000385579 2.02162e-06 1.74884e-06 6.90342e-07 -0.00120593 0.000143924   0.0017351 0.000195346 0.000350191      -9.809 
                2.94 -0.00301796 -0.00765453 -0.00415043  -0.00187806 -7.87964e-05   0.00300522 0 0 0 0 0 0 -0.000126502     4.82e-05  0.000213477  4.18404e-06 -5.41288e-07  1.02938e-06 -0.00114171 0.000132544  0.00159927 0.000134212 0.000361034      -9.809 
                2.96 -0.000357221   -0.0104671  -0.00373328  -0.00183516 -8.59498e-05    0.0029323 0 0 0 0 0 0  0.000300353 -3.56915e-05 -0.000385348 2.01686e-06 1.74657e-06  6.8884e-07 -0.00120105 0.000144002  0.00172857 0.000190697 0.000350119      -9.809 
                2.98 -0.00301776 -0.00765455 -0.00415044 -0.00187812 -7.8802e-05  0.00300524 0 0 0 0 0 0 -0.000127804  4.79072e-05  0.000213622  4.17703e-06 -5.41287e-07  1.02764e-06  -0.0011376 0.000132756  0.00159397 0.000130309 0.000360832      -9.809 
                   3 -0.000357232   -0.0104671  -0.00373314  -0.00183523 -8.59563e-05   0.00293233 0 0 0 0 0 0  0.000298928 -3.59519e-05 -0.000384979  2.0122e-06 1.74423e-06 6.87331e-07 -0.00119631 0.000144084  0.00172215 0.000186181 0.000350043      -9.809 
                3.02 -0.00301776 -0.00765454  -0.0041504  -0.00187817 -7.88089e-05   0.00300525 0 0 0 0 0 0 -0.000128936  4.76323e-05  0.000213844  4.17021e-06 -5.41342e-07  1.02587e-06  -0.0011336 0.000132956  0.00158875 0.000126514  0.00036064      -9.809 
                3.04 -0.000357217   -0.0104671  -0.00373312  -0.00183528 -8.59555e-05   0.00293234 0 0 0 0 0 0  0.000297785 -3.61334e-05  -0.00038456 2.00755e-06  1.7419e-06 6.85926e-07  -0.0011917 0.000144148  0.00171581 0.000181788 0.000349984      -9.809 
                3.06 -0.00301764 -0.00765455 -0.00415036  -0.00187821 -7.88136e-05   0.00300526 0 0 0 0 0 0 -0.000129871  4.73988e-05  0.000214188  4.16332e-06 -5.41306e-07   1.0241e-06 -0.00112971 0.000133142  0.00158359 0.000122818 0.000360462      -9.809 
                3.08 -0.000357212   -0.0104671  -0.00373305  -0.00183533 -8.59584e-05   0.00293236 0 0 0 0 0 0  0.000296688 -3.63118e-05 -0.000383954 2.00295e-06 1.73962e-06 6.84476e-07  -0.0011872 0.000144208  0.00170956 0.000177498 0.000349928      -9.809 
                 3.1 -0.00301756 -0.00765455 -0.00415029  -0.00187825 -7.88235e-05   0.00300527 0 0 0 0 0 0 -0.000130708  4.71458e-05  0.000214665  4.1565e-06 -5.4129e-07  1.0223e-06 -0.00112592 0.000133326  0.00157849 0.000119217 0.000360287      -9.809 
                3.12 -0.000357114   -0.0104671  -0.00373302 -0.00183537  -8.597e-05  0.00293239 0 0 0 0 0 0  0.000295757 -3.65433e-05 -0.000383364 1.99829e-06 1.73737e-06 6.83069e-07 -0.00118281 0.000144272   0.0017034 0.000173316  0.00034987      -9.809 
                3.14 -0.00301752 -0.00765453 -0.00415028  -0.00187828 -7.88406e-05   0.00300529 0 0 0 0 0 0 -0.000131544  4.69068e-05  0.000215148 4.14975e-06 -5.4127e-07 1.02057e-06  -0.0011222 0.000133505  0.00157347 0.000115691 0.000360115      -9.809 
                3.16 -0.000357137   -0.0104671  -0.00373295  -0.00183541 -8.59805e-05   0.00293241 0 0 0 0 0 0   0.00029477  -3.6657e-05 -0.000382653 1.99372e-06  1.7351e-06 6.81623e-07 -0.00117852 0.000144325  0.00169733 0.000169226 0.000349821      -9.809 
                3.18 -0.00301747 -0.00765454 -0.00415039  -0.00187831 -7.88518e-05    0.0030053 0 0 0 0 0 0 -0.00013242 4.68051e-05  0.00021572  4.14296e-06 -5.41302e-07  1.01894e-06 -0.00111856 0.000133669  0.00156853 0.000112244 0.000359959      -9.809 
                 3.2 -0.00035703  -0.0104671 -0.00373294  -0.00183545 -8.59916e-05   0.00293244 0 0 0 0 0 0  0.000293746 -3.67452e-05 -0.000381979 1.98902e-06 1.73283e-06 6.80235e-07  -0.0011743 0.000144376  0.00169136 0.000165216 0.000349775      -9.809 
                3.22 -0.00301739 -0.00765455 -0.00415031  -0.00187835 -7.88607e-05   0.00300532 0 0 0 0 0 0 -0.000133266  4.67174e-05  0.000216278 4.13618e-06 -5.4131e-07 1.01716e-06 -0.00111501 0.000133825  0.00156365 0.000108871 0.000359809      -9.809 
                3.24 -0.000356967   -0.0104671  -0.00373283  -0.00183548 -8.60072e-05   0.00293246 0 0 0 0 0 0  0.000292783 -3.68581e-05 -0.000381216 1.98438e-06 1.73053e-06  6.7877e-07 -0.00117019 0.000144429  0.00168548 0.000161301 0.000349726      -9.809 
                3.26 -0.00301736 -0.00765467 -0.00415034  -0.00187838 -7.88764e-05   0.00300534 0 0 0 0 0 0 -0.00013409 4.66073e-05 0.000216915  4.12943e-06 -5.41263e-07  1.01546e-06 -0.00111153 0.000133984  0.00155886 0.000105573 0.000359657      -9.809 
                3.28 -0.00035687  -0.0104672 -0.00373276  -0.00183551 -8.60128e-05    0.0029325 0 0 0 0 0 0  0.000291914 -3.68668e-05 -0.000380472 1.97972e-06 1.72836e-06 6.77338e-07 -0.00116617 0.000144469  0.00167969 0.000157474  0.00034969      -9.809 
                 3.3 -0.00301723 -0.00765475 -0.00415037   -0.0018784 -7.88821e-05   0.00300537 0 0 0 0 0 0 -0.000134874  4.65641e-05  0.000217522  4.12263e-06 -5.41222e-07  1.01378e-06 -0.00110812 0.000134129  0.00155413 0.000102345 0.000359518      -9.809 
                3.32 -0.00035685  -0.0104673 -0.00373271  -0.00183555 -8.60167e-05   0.00293253 0 0 0 0 0 0  0.000291006 -3.69076e-05 -0.000379682 1.97514e-06 1.72616e-06 6.75932e-07 -0.00116223 0.000144507  0.00167398 0.000153722 0.000349656      -9.809 
                3.34 -0.00301711 -0.00765478  -0.0041504  -0.00187843 -7.88896e-05    0.0030054 0 0 0 0 0 0 -0.000135577  4.64622e-05  0.000218186 4.11588e-06 -5.4123e-07  1.0121e-06 -0.00110478 0.000134274  0.00154948 9.91877e-05  0.00035938      -9.809 
                3.36 -0.000356837   -0.0104674  -0.00373266  -0.00183558 -8.60172e-05   0.00293257 0 0 0 0 0 0   0.00029019 -3.69368e-05  -0.00037893  1.9706e-06 1.72398e-06 6.74525e-07 -0.00115836  0.00014454  0.00166838 0.000150045 0.000349626      -9.809 
                3.38 -0.00301708  -0.0076549 -0.00415033  -0.00187845 -7.88914e-05   0.00300543 0 0 0 0 0 0 -0.000136268  4.64064e-05  0.000218825 4.10924e-06  -5.411e-07 1.01034e-06 -0.00110151 0.000134408  0.00154491 9.60901e-05 0.000359251      -9.809 
                 3.4 -0.000356753   -0.0104674  -0.00373262  -0.00183561 -8.60251e-05    0.0029326 0 0 0 0 0 0  0.000289371 -3.70473e-05 -0.000378166 1.96602e-06 1.72182e-06 6.73127e-07 -0.00115458  0.00014458  0.00166286 0.000146446  0.00034959      -9.809 
                3.42 -0.00301706   -0.007655 -0.00415036  -0.00187847 -7.88942e-05   0.00300545 0 0 0 0 0 0 -0.000136941  4.63284e-05  0.000219409  4.10264e-06 -5.41022e-07  1.00867e-06 -0.00109831  0.00013454  0.00154041 9.30588e-05 0.000359124      -9.809 
                3.44 -0.000356696   -0.0104675  -0.00373262  -0.00183563 -8.60254e-05   0.00293264 0 0 0 0 0 0  0.000288602 -3.70661e-05 -0.000377468 1.96149e-06 1.71969e-06 6.71766e-07 -0.00115087  0.00014461  0.00165744 0.000142919 0.000349563      -9.809 
                3.46   -0.003017 -0.00765503 -0.00415033  -0.00187849 -7.88963e-05   0.00300548 0 0 0 0 0 0 -0.000137633  4.63087e-05  0.000219993   4.096e-06 -5.4098e-07 1.00696e-06 -0.00109517 0.000134669  0.00153599 9.00864e-05 0.000359001      -9.809 
                3.48 -0.000356707   -0.0104675  -0.00373258  -0.00183565 -8.60262e-05   0.00293267 0 0 0 0 0 0  0.000287772 -3.70476e-05 -0.000376726 1.95698e-06 1.71747e-06 6.70375e-07 -0.00114723 0.000144642  0.00165211 0.000139466 0.000349536      -9.809 
                 3.5 -0.00301696 -0.00765505 -0.00415026  -0.00187851 -7.88933e-05    0.0030055 0 0 0 0 0 0 -0.000138357  4.63291e-05  0.000220562  4.08937e-06 -5.41016e-07  1.00521e-06 -0.00109209 0.000134792  0.00153164  8.7175e-05 0.000358884      -9.809 
                3.52 -0.000356623   -0.0104676  -0.00373248  -0.00183568 -8.60199e-05    0.0029327 0 0 0 0 0 0  0.000286936 -3.70069e-05 -0.000376092  1.9524e-06  1.7153e-06 6.68939e-07 -0.00114367 0.000144668  0.00164686 0.000136075 0.000349513      -9.809 
                3.54 -0.00301689 -0.00765512 -0.00415024  -0.00187854 -7.88884e-05   0.00300553 0 0 0 0 0 0 -0.000139103  4.63488e-05  0.000221126  4.08274e-06 -5.40988e-07  1.00351e-06 -0.00108906 0.000134913  0.00152736 8.43144e-05 0.000358767      -9.809 
                3.56 -0.000356576   -0.0104678  -0.00373241  -0.00183571 -8.60177e-05   0.00293274 0 0 0 0 0 0  0.000286061  -3.7018e-05 -0.000375351 1.94786e-06  1.7132e-06 6.67533e-07 -0.00114016   0.0001447  0.00164169 0.000132749 0.000349484      -9.809 
                3.58 -0.00301695 -0.00765513 -0.00415015  -0.00187856 -7.88811e-05   0.00300556 0 0 0 0 0 0 -0.000139846  4.63477e-05  0.000221661  4.07624e-06 -5.41031e-07  1.00176e-06 -0.00108609 0.000135032  0.00152314 8.15116e-05 0.000358654      -9.809 
                 3.6 -0.000356469   -0.0104677  -0.00373221  -0.00183574 -8.60211e-05   0.00293277 0 0 0 0 0 0  0.000285285 -3.71064e-05 -0.000374759  1.9433e-06 1.71097e-06 6.66024e-07 -0.00113674  0.00014474  0.00163661 0.000129493 0.000349448      -9.809 
                3.62 -0.00301687 -0.00765523 -0.00415008  -0.00187858 -7.88882e-05   0.00300558 0 0 0 0 0 0 -0.000140487  4.62167e-05   0.00022216  4.06965e-06 -5.40982e-07  1.00003e-06 -0.00108319 0.000135164  0.00151899 7.87687e-05 0.000358528      -9.809 
                3.64 -0.000356401   -0.0104678  -0.00373224  -0.00183577 -8.60263e-05    0.0029328 0 0 0 0 0 0  0.000284527 -3.72116e-05 -0.000374075 1.93878e-06 1.70879e-06 6.64703e-07 -0.00113337 0.000144778  0.00163161 0.000126298 0.000349414      -9.809 
                3.66 -0.00301686 -0.00765515 -0.00415009   -0.0018786 -7.88934e-05   0.00300559 0 0 0 0 0 0 -0.000141072  4.60879e-05  0.000222635  4.06315e-06 -5.41061e-07  9.98374e-07 -0.00108034 0.000135288  0.00151492 7.60795e-05 0.000358409      -9.809 
                3.68 -0.000356329   -0.0104678   -0.0037322   -0.0018358 -8.60341e-05   0.00293282 0 0 0 0 0 0  0.000283831 -3.73528e-05 -0.000373541  1.9343e-06 1.70668e-06 6.63334e-07 -0.00113007 0.000144815  0.00162669 0.000123163 0.000349381      -9.809 
                 3.7 -0.00301677 -0.00765526 -0.00415009  -0.00187862 -7.89065e-05   0.00300561 0 0 0 0 0 0 -0.00014162 4.59057e-05 0.000223095  4.05663e-06 -5.40945e-07  9.96711e-07 -0.00107755 0.000135414   0.0015109 7.34421e-05 0.000358289      -9.809 
                3.72 -0.000356285   -0.0104679   -0.0037323  -0.00183581 -8.60466e-05   0.00293284 0 0 0 0 0 0   0.00028315 -3.74902e-05 -0.000372885 1.92987e-06 1.70463e-06 6.62068e-07 -0.00112683 0.000144852  0.00162183 0.000120093 0.000349348      -9.809 
                3.74 -0.00301674 -0.00765528  -0.0041501  -0.00187864 -7.89163e-05   0.00300563 0 0 0 0 0 0 -0.000142235  4.58134e-05  0.000223635  4.05018e-06 -5.40937e-07  9.95054e-07 -0.0010748 0.00013553 0.00150694 7.08477e-05 0.000358178      -9.809 
                3.76 -0.000356209    -0.010468  -0.00373229  -0.00183584 -8.60566e-05   0.00293287 0 0 0 0 0 0  0.000282415 -3.75646e-05 -0.000372277  1.9254e-06 1.70255e-06 6.60729e-07 -0.00112365 0.000144883  0.00161705 0.000117068 0.000349321      -9.809 
                3.78 -0.00301678 -0.00765531 -0.00415013  -0.00187866 -7.89222e-05   0.00300565 0 0 0 0 0 0 -0.000142902  4.57757e-05  0.000224103  4.04378e-06 -5.40902e-07  9.93422e-07 -0.00107209 0.000135639  0.00150304 6.82971e-05 0.000358074      -9.809 
                 3.8 -0.000356152    -0.010468  -0.00373199  -0.00183588 -8.60528e-05    0.0029329 0 0 0 0 0 0  0.000281562 -3.74895e-05 -0.000371645 1.92095e-06 1.70042e-06 6.59157e-07 -0.00112051 0.000144899  0.00161234 0.000114097 0.000349307      -9.809 
                3.82  -0.0030167 -0.00765532 -0.00415004  -0.00187869 -7.89233e-05   0.00300567 0 0 0 0 0 0 -0.000143594  4.57936e-05  0.000224648  4.03728e-06 -5.40954e-07  9.91701e-07 -0.00106944 0.000135743  0.00149919 6.57959e-05 0.000357975      -9.809 
                3.84 -0.00035606  -0.0104681 -0.00373194  -0.00183591 -8.60491e-05   0.00293292 0 0 0 0 0 0  0.000280818 -3.74176e-05 -0.000371026 1.91646e-06 1.69829e-06 6.57793e-07 -0.00111744 0.000144918   0.0016077 0.000111187 0.000349291      -9.809 
                3.86 -0.00301663 -0.00765534 -0.00414993  -0.00187872 -7.89211e-05   0.00300569 0 0 0 0 0 0 -0.000144251  4.58179e-05  0.000225151  4.03079e-06 -5.40961e-07  9.89967e-07 -0.00106684 0.000135845   0.0014954  6.3341e-05 0.000357877      -9.809 
                3.88 -0.000356001   -0.0104682  -0.00373183  -0.00183594 -8.60472e-05   0.00293295 0 0 0 0 0 0  0.000280078 -3.74144e-05 -0.000370395   1.912e-06 1.69622e-06 6.56381e-07 -0.00111443 0.000144942  0.00160313 0.000108333  0.00034927      -9.809 
                 3.9 -0.00301673  -0.0076553  -0.0041499  -0.00187873 -7.89177e-05   0.00300571 0 0 0 0 0 0 -0.00014479 4.58127e-05 0.000225619  4.02448e-06 -5.41059e-07  9.88298e-07 -0.00106429 0.000135947  0.00149167 6.09447e-05 0.000357779      -9.809 
                3.92 -0.000355895   -0.0104682  -0.00373184  -0.00183595 -8.60485e-05   0.00293298 0 0 0 0 0 0  0.000279497 -3.74633e-05 -0.000369825 1.90753e-06 1.69407e-06 6.55065e-07 -0.00111149 0.000144971  0.00159862 0.000105541 0.000349244      -9.809 
                3.94 -0.00301665 -0.00765538 -0.00414987  -0.00187875 -7.89185e-05   0.00300573 0 0 0 0 0 0 -0.000145262  4.57469e-05  0.000226132  4.01804e-06 -5.41012e-07   9.8664e-07 -0.00106179 0.000136052  0.00148799 5.85894e-05 0.000357679      -9.809 
                3.96 -0.000355802   -0.0104683   -0.0037319  -0.00183597 -8.60566e-05   0.00293301 0 0 0 0 0 0  0.000278962 -3.76006e-05 -0.000369181 1.90309e-06   1.692e-06 6.53793e-07 -0.00110859 0.000145005  0.00159418   0.0001028 0.000349214      -9.809 
                3.98 -0.00301665  -0.0076554 -0.00414988  -0.00187875 -7.89286e-05   0.00300575 0 0 0 0 0 0 -0.000145708  4.55932e-05  0.000226614  4.01172e-06 -5.41006e-07  9.85014e-07 -0.00105934 0.000136161  0.00148436 5.62782e-05 0.000357575      -9.809 
                   4 -0.000355781   -0.0104683  -0.00373192  -0.00183598 -8.60649e-05   0.00293303 0 0 0 0 0 0  0.000278406 -3.76942e-05 -0.000368616 1.89874e-06 1.68993e-06 6.52489e-07 -0.00110574 0.000145035  0.00158981 0.000100101 0.000349188      -9.809 
                4.02 -0.00301658 -0.00765545 -0.00414986  -0.00187876 -7.89365e-05   0.00300577 0 0 0 0 0 0 -0.000146185  4.55112e-05  0.000227079  4.00534e-06 -5.40938e-07  9.83371e-07 -0.00105692 0.000136263   0.0014808 5.40013e-05 0.000357478      -9.809 
                4.04 -0.000355758   -0.0104684   -0.0037319    -0.001836 -8.60692e-05   0.00293306 0 0 0 0 0 0   0.00027777 -3.77296e-05 -0.000367985 1.89439e-06 1.68789e-06 6.51165e-07 -0.00110294 0.000145058   0.0015855 9.74436e-05 0.000349168      -9.809 
                4.06  -0.0030165 -0.00765552 -0.00414982  -0.00187878 -7.89417e-05   0.00300579 0 0 0 0 0 0 -0.000146731  4.54521e-05  0.000227556  3.99898e-06 -5.40893e-07  9.81711e-07 -0.00105453  0.00013636  0.00147728 5.17595e-05 0.000357385      -9.809 
                4.08 -0.000355704   -0.0104684  -0.00373188  -0.00183603 -8.60745e-05   0.00293308 0 0 0 0 0 0  0.000277093 -3.77601e-05 -0.000367474 1.89003e-06 1.68584e-06 6.49834e-07 -0.00110017 0.000145081  0.00158126 9.48273e-05 0.000349148      -9.809 
                 4.1 -0.00301644 -0.00765553 -0.00414983   -0.0018788 -7.89435e-05   0.00300581 0 0 0 0 0 0 -0.000147328  4.54768e-05  0.000228013  3.99263e-06 -5.40906e-07  9.80096e-07 -0.00105219 0.000136452  0.00147381 4.95541e-05 0.000357298      -9.809 
                4.12 -0.000355645   -0.0104684  -0.00373184  -0.00183605 -8.60691e-05   0.00293311 0 0 0 0 0 0  0.000276387 -3.76629e-05 -0.000366852 1.88563e-06 1.68371e-06 6.48496e-07 -0.00109746 0.000145096  0.00157707 9.22598e-05 0.000349136      -9.809 
                4.14  -0.0030165 -0.00765555 -0.00414978 -0.00187881 -7.8936e-05  0.00300583 0 0 0 0 0 0 -0.000147882  4.55581e-05  0.000228516 3.98637e-06 -5.4095e-07 9.78445e-07 -0.00104989 0.000136537  0.00147039 4.73933e-05 0.000357216      -9.809 
                4.16 -0.00035557  -0.0104685 -0.00373185  -0.00183606 -8.60631e-05   0.00293314 0 0 0 0 0 0   0.00027579 -3.76204e-05 -0.000366342 1.88123e-06 1.68162e-06 6.47204e-07  -0.0010948 0.000145114  0.00157295 8.97427e-05 0.000349121      -9.809 
                4.18 -0.00301645 -0.00765561  -0.0041497  -0.00187883 -7.89313e-05   0.00300585 0 0 0 0 0 0 -0.000148417  4.55633e-05  0.000228906  3.98006e-06 -5.40938e-07  9.76769e-07 -0.00104762 0.000136627  0.00146702 4.52687e-05  0.00035713      -9.809 
                 4.2 -0.000355508   -0.0104685  -0.00373182  -0.00183609 -8.60581e-05   0.00293316 0 0 0 0 0 0  0.000275145 -3.76112e-05 -0.000365775 1.87686e-06 1.67957e-06  6.4588e-07 -0.00109218 0.000145135  0.00156888 8.72646e-05 0.000349103      -9.809 
                4.22 -0.00301643 -0.00765563 -0.00414963  -0.00187884 -7.89288e-05   0.00300586 0 0 0 0 0 0 -0.000148919  4.55136e-05  0.000229373  3.97378e-06 -5.40969e-07  9.75105e-07  -0.0010454 0.000136719   0.0014637 4.31789e-05 0.000357043      -9.809 
                4.24 -0.000355409   -0.0104686  -0.00373175 -0.00183611 -8.6059e-05  0.00293319 0 0 0 0 0 0  0.000274576 -3.76925e-05 -0.000365244 1.87249e-06 1.67758e-06 6.44526e-07  -0.0010896 0.000145161  0.00156487 8.48253e-05  0.00034908      -9.809 
                4.26 -0.00301641 -0.00765556 -0.00414959  -0.00187887 -7.89293e-05   0.00300588 0 0 0 0 0 0 -0.000149421   4.5421e-05   0.00022978  3.96755e-06 -5.41006e-07   9.7347e-07 -0.0010432 0.00013681 0.00146042 4.11197e-05 0.000356955      -9.809 
                4.28 -0.000355425   -0.0104686  -0.00373177  -0.00183613 -8.60569e-05    0.0029332 0 0 0 0 0 0  0.000274019 -3.77552e-05 -0.000364749 1.86825e-06 1.67548e-06 6.43249e-07 -0.00108706 0.000145183  0.00156092 8.24313e-05 0.000349062      -9.809 
                 4.3 -0.00301641 -0.00765552 -0.00414957  -0.00187888 -7.89286e-05   0.00300589 0 0 0 0 0 0 -0.000149854  4.53568e-05  0.000230188  3.96137e-06 -5.41052e-07  9.71855e-07 -0.00104105 0.000136898  0.00145719 3.91028e-05 0.000356872      -9.809 
                4.32 -0.00035536  -0.0104687 -0.00373173  -0.00183616 -8.60517e-05   0.00293323 0 0 0 0 0 0  0.000273484 -3.77604e-05 -0.000364241 1.86394e-06 1.67352e-06 6.41928e-07 -0.00108457   0.0001452  0.00155702 8.00741e-05 0.000349047      -9.809 
                4.34 -0.00301638 -0.00765556 -0.00414947   -0.0018789 -7.89233e-05   0.00300591 0 0 0 0 0 0 -0.000150309  4.53409e-05  0.000230606  3.95517e-06 -5.41007e-07  9.70186e-07 -0.00103893  0.00013698  0.00145401 3.71144e-05 0.000356793      -9.809 
                4.36 -0.000355305   -0.0104687  -0.00373169  -0.00183618 -8.60441e-05   0.00293325 0 0 0 0 0 0  0.000272894  -3.7759e-05 -0.000363716 1.85965e-06 1.67151e-06 6.40607e-07 -0.00108211 0.000145216  0.00155318 7.77545e-05 0.000349034      -9.809 
                4.38  -0.0030164 -0.00765555  -0.0041495  -0.00187892 -7.89201e-05   0.00300593 0 0 0 0 0 0 -0.000150835  4.53068e-05  0.000231011 3.94903e-06 -5.4104e-07 9.68618e-07 -0.00103685 0.000137064  0.00145086 3.51568e-05 0.000356713      -9.809 
                 4.4 -0.000355297   -0.0104686  -0.00373166   -0.0018362 -8.60406e-05   0.00293327 0 0 0 0 0 0  0.000272327  -3.7747e-05 -0.000363252 1.85538e-06 1.66938e-06 6.39296e-07  -0.0010797 0.000145235  0.00154938 7.54754e-05 0.000349017      -9.809 
                4.42 -0.00301636 -0.00765553 -0.00414941  -0.00187893 -7.89125e-05   0.00300594 0 0 0 0 0 0 -0.00015133  4.5353e-05  0.00023142 3.94281e-06 -5.4109e-07 9.66964e-07 -0.00103479 0.000137143  0.00144776 3.32348e-05 0.000356638      -9.809 
                4.44 -0.000355256   -0.0104687  -0.00373159  -0.00183622 -8.60311e-05   0.00293329 0 0 0 0 0 0  0.000271703 -3.76893e-05 -0.000362703 1.85108e-06 1.66737e-06  6.3796e-07 -0.00107732 0.000145252  0.00154564 7.32318e-05 0.000349004      -9.809 
                4.46 -0.00301633 -0.00765552 -0.00414938  -0.00187895 -7.89026e-05   0.00300596 0 0 0 0 0 0 -0.000151821  4.53749e-05   0.00023181  3.93662e-06 -5.41167e-07   9.6536e-07 -0.00103278 0.000137222   0.0014447 3.13457e-05 0.000356563      -9.809 
                4.48 -0.000355192   -0.0104687  -0.00373158  -0.00183624 -8.60255e-05   0.00293331 0 0 0 0 0 0  0.000271156 -3.77117e-05 -0.000362265 1.84679e-06 1.66535e-06 6.36676e-07 -0.00107498 0.000145273  0.00154195 7.10272e-05 0.000348985      -9.809 
                 4.5 -0.00301631 -0.00765556 -0.00414937  -0.00187897 -7.89026e-05   0.00300597 0 0 0 0 0 0 -0.000152274  4.52972e-05  0.000232201  3.93047e-06 -5.41177e-07  9.63777e-07 -0.00103079 0.000137309  0.00144168 2.9486e-05 0.00035648     -9.809 
                4.52 -0.000355152   -0.0104688   -0.0037316  -0.00183627 -8.60282e-05   0.00293333 0 0 0 0 0 0  0.000270647 -3.78357e-05 -0.000361765 1.84252e-06 1.66332e-06 6.35418e-07 -0.00107268 0.000145301   0.0015383  6.8859e-05 0.000348961      -9.809 
                4.54 -0.00301633 -0.00765558 -0.00414937 -0.00187898 -7.8906e-05  0.00300599 0 0 0 0 0 0 -0.000152639  4.51438e-05  0.000232583   3.9244e-06 -5.41186e-07  9.62197e-07 -0.00102884 0.000137396   0.0014387 2.76606e-05 0.000356397      -9.809 
                4.56 -0.000355107   -0.0104688  -0.00373158  -0.00183628 -8.60327e-05   0.00293336 0 0 0 0 0 0  0.000270197 -3.79697e-05 -0.000361298 1.83831e-06 1.66139e-06 6.34133e-07 -0.00107042 0.000145327   0.0015347 6.67265e-05 0.000348939      -9.809 
                4.58 -0.00301633 -0.00765559 -0.00414935  -0.00187899 -7.89097e-05   0.00300601 0 0 0 0 0 0 -0.000153031  4.50327e-05  0.000233025 3.91835e-06 -5.4118e-07 9.60611e-07 -0.00102692 0.000137477  0.00143575 2.58627e-05  0.00035632      -9.809 
                 4.6 -0.000355042   -0.0104689  -0.00373154   -0.0018363 -8.60356e-05   0.00293338 0 0 0 0 0 0  0.000269694  -3.8037e-05 -0.000360743 1.83408e-06 1.65939e-06 6.32829e-07 -0.00106819 0.000145347  0.00153115 6.46254e-05 0.000348921      -9.809 
                4.62 -0.00301622  -0.0076557 -0.00414933  -0.00187901 -7.89164e-05   0.00300603 0 0 0 0 0 0 -0.000153425  4.49256e-05  0.000233422 3.91221e-06 -5.4113e-07 9.59033e-07 -0.00102502 0.000137558  0.00143285 2.40903e-05 0.000356243      -9.809 
                4.64 -0.000354987    -0.010469  -0.00373152  -0.00183632 -8.60395e-05   0.00293341 0 0 0 0 0 0  0.000269252 -3.81182e-05 -0.000360306 1.82988e-06  1.6575e-06  6.3155e-07   -0.001066 0.000145367  0.00152764 6.25586e-05 0.000348905      -9.809 
                4.66 -0.00301626 -0.00765565 -0.00414931 -0.00187901 -7.8915e-05  0.00300605 0 0 0 0 0 0 -0.000153799  4.48968e-05  0.000233786  3.90622e-06 -5.41169e-07   9.5746e-07 -0.00102316 0.000137629  0.00142998 2.23496e-05 0.000356175      -9.809 
                4.68 -0.000354974    -0.010469  -0.00373154  -0.00183633 -8.60376e-05   0.00293343 0 0 0 0 0 0  0.000268717 -3.81036e-05 -0.000359829 1.82571e-06  1.6555e-06 6.30301e-07 -0.00106384  0.00014538  0.00152419 6.05216e-05 0.000348894      -9.809 
                 4.7 -0.00301615 -0.00765574 -0.00414928  -0.00187903 -7.89204e-05   0.00300606 0 0 0 0 0 0 -0.00015427 4.48745e-05 0.000234184  3.90009e-06 -5.41174e-07  9.55878e-07 -0.00102131 0.000137705  0.00142715 2.06294e-05 0.000356103      -9.809 
                4.72 -0.000354948   -0.0104691  -0.00373154  -0.00183635 -8.60352e-05   0.00293345 0 0 0 0 0 0  0.000268149 -3.80536e-05  -0.00035939 1.82149e-06 1.65353e-06 6.29041e-07  -0.0010617 0.000145394  0.00152078 5.85117e-05 0.000348884      -9.809 
                4.74 -0.00301618 -0.00765573  -0.0041492 -0.00187905 -7.8908e-05  0.00300608 0 0 0 0 0 0 -0.000154834  4.49744e-05  0.000234548  3.89408e-06 -5.41237e-07  9.54265e-07 -0.00101949 0.000137766  0.00142436 1.89295e-05 0.000356044      -9.809 
                4.76 -0.000354923   -0.0104691  -0.00373153  -0.00183638 -8.60255e-05   0.00293347 0 0 0 0 0 0   0.00026757 -3.79935e-05 -0.000358943 1.81731e-06 1.65147e-06  6.2778e-07  -0.0010596 0.000145405  0.00151741 5.65347e-05 0.000348875      -9.809 
                4.78 -0.00301618 -0.00765569 -0.00414908  -0.00187907 -7.89063e-05   0.00300609 0 0 0 0 0 0 -0.000155277  4.49541e-05  0.000234873  3.88807e-06 -5.41359e-07  9.52622e-07 -0.00101771 0.000137839  0.00142161 1.72638e-05 0.000355975      -9.809 
                 4.8 -0.000354864   -0.0104691  -0.00373149   -0.0018364 -8.60277e-05   0.00293348 0 0 0 0 0 0  0.000267114 -3.80424e-05 -0.000358539  1.8131e-06 1.64948e-06 6.26492e-07 -0.00105754 0.000145426  0.00151409 5.45925e-05 0.000348857      -9.809 
                4.82 -0.00301612 -0.00765574 -0.00414904 -0.00187909 -7.8913e-05  0.00300611 0 0 0 0 0 0 -0.000155652  4.48276e-05  0.000235232  3.88202e-06 -5.41357e-07  9.51047e-07 -0.00101595 0.000137917  0.00141889 1.56257e-05 0.000355901      -9.809 
                4.84 -0.000354864   -0.0104692  -0.00373145  -0.00183642 -8.60369e-05    0.0029335 0 0 0 0 0 0   0.00026669 -3.81971e-05 -0.000358099 1.80897e-06 1.64753e-06 6.25206e-07 -0.00105551 0.000145452  0.00151081 5.26806e-05 0.000348835      -9.809 
                4.86 -0.00301609 -0.00765583 -0.00414909  -0.00187911 -7.89205e-05   0.00300612 0 0 0 0 0 0 -0.000156019  4.47023e-05  0.000235584  3.87606e-06 -5.41323e-07  9.49547e-07 -0.00101422 0.000137991   0.0014162 1.4009e-05 0.00035583     -9.809 
                4.88 -0.00035483  -0.0104692 -0.00373146  -0.00183644 -8.60415e-05   0.00293353 0 0 0 0 0 0  0.000266258 -3.82684e-05 -0.000357669 1.80485e-06 1.64565e-06 6.23969e-07  -0.0010535 0.000145469  0.00150756 5.07923e-05  0.00034882      -9.809 
                 4.9   -0.003016 -0.00765586 -0.00414904  -0.00187912 -7.89249e-05   0.00300614 0 0 0 0 0 0 -0.000156381  4.46472e-05     0.000236  3.87006e-06 -5.41309e-07  9.47975e-07 -0.00101251  0.00013806  0.00141354  1.2418e-05 0.000355765      -9.809 
                4.92 -0.000354807   -0.0104692  -0.00373143  -0.00183646 -8.60429e-05   0.00293354 0 0 0 0 0 0  0.000265787 -3.82927e-05 -0.000357221 1.80073e-06 1.64363e-06   6.227e-07 -0.00105152 0.000145483  0.00150436 4.89313e-05 0.000348809      -9.809 
                4.94 -0.00301606 -0.00765583 -0.00414898 -0.00187914 -7.8928e-05  0.00300615 0 0 0 0 0 0 -0.00015671 4.45852e-05 0.000236279   3.8642e-06 -5.41369e-07  9.46395e-07 -0.00101083 0.000138126  0.00141093 1.08513e-05 0.000355702      -9.809 
                4.96 -0.000354812   -0.0104692  -0.00373146  -0.00183648 -8.60475e-05   0.00293356 0 0 0 0 0 0  0.000265395 -3.83473e-05 -0.000356871 1.79666e-06 1.64172e-06  6.2148e-07 -0.00104957 0.000145498   0.0015012 4.71015e-05 0.000348797      -9.809 
                4.98 -0.00301603 -0.00765586 -0.00414894  -0.00187915 -7.89259e-05   0.00300617 0 0 0 0 0 0 -0.000157106  4.46154e-05  0.000236624  3.85828e-06 -5.41363e-07  9.44835e-07 -0.00100917 0.000138186  0.00140834 9.30625e-06 0.000355645      -9.809 
                   5 -0.000354758   -0.0104693  -0.00373143   -0.0018365 -8.60452e-05   0.00293358 0 0 0 0 0 0  0.000264901 -3.82817e-05 -0.000356401 1.79251e-06 1.63977e-06 6.20219e-07 -0.00104765 0.000145509  0.00149808 4.52972e-05 0.000348789      -9.809 
                5.02 -0.00301598  -0.0076559 -0.00414889  -0.00187917 -7.89281e-05   0.00300618 0 0 0 0 0 0 -0.000157509  4.46228e-05  0.000236953  3.85231e-06 -5.41422e-07  9.43273e-07 -0.00100753 0.000138251  0.00140578 7.78408e-06 0.000355583      -9.809 
                5.04 -0.000354777   -0.0104694  -0.00373142  -0.00183652 -8.60496e-05    0.0029336 0 0 0 0 0 0  0.000264448 -3.82994e-05 -0.000356031 1.78842e-06 1.63788e-06 6.18978e-07 -0.00104576 0.000145526  0.00149499 4.35195e-05 0.000348775      -9.809 
                5.06 -0.00301598 -0.00765595 -0.00414887  -0.00187919 -7.89287e-05    0.0030062 0 0 0 0 0 0 -0.000157937  4.46441e-05  0.000237341  3.84641e-06 -5.41444e-07  9.41736e-07 -0.00100592 0.000138314  0.00140325 6.28306e-06 0.000355523      -9.809 
                5.08 -0.000354771   -0.0104694  -0.00373142 -0.00183654 -8.6049e-05  0.00293361 0 0 0 0 0 0  0.000263952 -3.82623e-05 -0.000355558 1.78431e-06 1.63592e-06 6.17744e-07 -0.00104389  0.00014554  0.00149194 4.17665e-05 0.000348763      -9.809 
                 5.1  -0.0030159 -0.00765595 -0.00414879  -0.00187921 -7.89267e-05   0.00300621 0 0 0 0 0 0 -0.000158295   4.4661e-05  0.000237671  3.84045e-06 -5.41539e-07  9.40158e-07 -0.00100433 0.000138376  0.00140076 4.80573e-06 0.000355464      -9.809 
                5.12 -0.000354726   -0.0104694  -0.00373134  -0.00183656 -8.60478e-05   0.00293363 0 0 0 0 0 0  0.000263592 -3.82985e-05 -0.000355205 1.78019e-06   1.634e-06 6.16454e-07 -0.00104205 0.000145555  0.00148894 4.00414e-05 0.000348751      -9.809 
                5.14 -0.00301589 -0.00765597 -0.00414884  -0.00187922 -7.89307e-05   0.00300622 0 0 0 0 0 0 -0.000158609   4.4556e-05  0.000237996   3.8346e-06 -5.41547e-07  9.38691e-07 -0.00100276 0.000138442   0.0013983 3.35001e-06 0.000355401      -9.809 
                5.16 -0.000354717   -0.0104695  -0.00373126  -0.00183658 -8.60468e-05   0.00293365 0 0 0 0 0 0  0.000263228 -3.83292e-05 -0.000354776 1.77614e-06 1.63212e-06 6.15162e-07 -0.00104024 0.000145569  0.00148596 3.83419e-05  0.00034874      -9.809 
                5.18 -0.00301588 -0.00765607 -0.00414884  -0.00187923 -7.89357e-05   0.00300624 0 0 0 0 0 0 -0.000158858  4.44777e-05  0.000238333  3.82877e-06 -5.41502e-07  9.37179e-07 -0.00100122 0.000138507  0.00139586 1.91813e-06  0.00035534      -9.809 
                 5.2 -0.000354654   -0.0104696  -0.00373127 -0.00183659 -8.6052e-05  0.00293367 0 0 0 0 0 0  0.000262905 -3.83935e-05  -0.00035437 1.77206e-06 1.63029e-06 6.13952e-07 -0.00103845 0.000145586  0.00148302 3.66659e-05 0.000348726      -9.809 
                5.22 -0.00301581 -0.00765607 -0.00414881  -0.00187925 -7.89353e-05   0.00300625 0 0 0 0 0 0 -0.000159199  4.44471e-05  0.000238674  3.82291e-06 -5.41514e-07  9.35657e-07 -0.000999689  0.000138565   0.00139345 5.00174e-07 0.000355284      -9.809 
                5.24 -0.000354687   -0.0104696  -0.00373125  -0.00183661 -8.60497e-05   0.00293369 0 0 0 0 0 0  0.000262526 -3.84104e-05 -0.000353978 1.76807e-06 1.62836e-06 6.12712e-07 -0.00103668 0.000145597  0.00148012 3.50118e-05 0.000348718      -9.809 
                5.26 -0.00301577 -0.00765614 -0.00414879  -0.00187926 -7.89388e-05   0.00300627 0 0 0 0 0 0 -0.00015946 4.43973e-05 0.000238981  3.81709e-06 -5.41505e-07  9.34141e-07 -0.000998187  0.000138625   0.00139108 -8.92634e-07  0.000355227       -9.809 
                5.28 -0.000354639   -0.0104696  -0.00373127  -0.00183662 -8.60496e-05    0.0029337 0 0 0 0 0 0  0.000262154  -3.8389e-05 -0.000353611 1.76401e-06  1.6265e-06 6.11509e-07 -0.00103494 0.000145608  0.00147726 3.33803e-05 0.000348709      -9.809 
                 5.3 -0.00301575 -0.00765618 -0.00414883  -0.00187927 -7.89391e-05   0.00300628 0 0 0 0 0 0 -0.000159841  4.44254e-05  0.000239332  3.81127e-06 -5.41523e-07  9.32675e-07 -0.000996701  0.000138683   0.00138873 -2.27017e-06  0.000355172       -9.809 
                5.32 -0.00035481  -0.0104694 -0.00373123  -0.00183662 -8.60417e-05   0.00293372 0 0 0 0 0 0  0.000261787 -3.83068e-05 -0.000353263 1.76009e-06  1.6244e-06 6.10264e-07 -0.00103323 0.000145616  0.00147443 3.17778e-05 0.000348703      -9.809 
                5.34 -0.00301569 -0.00765618 -0.00414879  -0.00187927 -7.89333e-05   0.00300629 0 0 0 0 0 0 -0.000160145  4.44612e-05  0.000239554  3.80544e-06 -5.41616e-07  9.31151e-07 -0.000995241  0.000138737   0.00138641 -3.62355e-06   0.00035512       -9.809 
                5.36 -0.000354824   -0.0104695  -0.00373116  -0.00183663 -8.60327e-05   0.00293373 0 0 0 0 0 0  0.000261424  -3.8233e-05 -0.000352942 1.75607e-06 1.62253e-06    6.09e-07 -0.00103154 0.000145625  0.00147163 3.01938e-05 0.000348697      -9.809 
                5.38  -0.0030156 -0.00765621 -0.00414878  -0.00187928 -7.89282e-05    0.0030063 0 0 0 0 0 0 -0.000160464   4.4488e-05  0.000239884  3.79958e-06 -5.41655e-07  9.29659e-07 -0.000993799  0.000138794   0.00138412 -4.95848e-06  0.000355066       -9.809 
                 5.4 -0.000355107   -0.0104691  -0.00373128  -0.00183663 -8.60136e-05   0.00293373 0 0 0 0 0 0  0.000261152 -3.81113e-05 -0.000352608 1.75226e-06  1.6203e-06 6.07879e-07 -0.00102988 0.000145629  0.00146887   2.864e-05 0.000348695      -9.809 
                5.42 -0.00301556 -0.00765624 -0.00414869  -0.00187927 -7.89139e-05    0.0030063 0 0 0 0 0 0 -0.000160667  4.44999e-05  0.000240095  3.79379e-06 -5.41711e-07  9.28104e-07 -0.000992379  0.000138846   0.00138186 -6.27229e-06  0.000355017       -9.809 
                5.44 -0.000355003   -0.0104693  -0.00373118  -0.00183663 -8.60092e-05   0.00293375 0 0 0 0 0 0  0.000260885 -3.82033e-05  -0.00035229  1.7482e-06 1.61854e-06 6.06596e-07 -0.00102823 0.000145646  0.00146614 2.70996e-05 0.000348681      -9.809 
                5.46 -0.00301554 -0.00765633 -0.00414866  -0.00187927 -7.89123e-05   0.00300631 0 0 0 0 0 0 -0.000160941   4.4407e-05  0.000240451  3.78807e-06 -5.41658e-07  9.26602e-07 -0.000990972  0.000138906   0.00137961 -7.57424e-06   0.00035496       -9.809 
                5.48 -0.000355014   -0.0104692  -0.00373114  -0.00183663 -8.60057e-05   0.00293376 0 0 0 0 0 0  0.000260547 -3.82555e-05  -0.00035184 1.74424e-06 1.61664e-06 6.05361e-07 -0.0010266 0.00014566 0.00146342 2.55771e-05 0.000348669      -9.809 
                 5.5  -0.0030155 -0.00765642 -0.00414866  -0.00187928 -7.89105e-05   0.00300633 0 0 0 0 0 0 -0.000161238  4.43419e-05  0.000240785  3.78235e-06 -5.41632e-07  9.25124e-07 -0.000989578  0.000138963   0.00137739 -8.86245e-06  0.000354906       -9.809 
                5.52 -0.000355043   -0.0104693  -0.00373109  -0.00183664 -8.60051e-05   0.00293378 0 0 0 0 0 0  0.000260178 -3.83311e-05 -0.000351514  1.7403e-06 1.61481e-06 6.04123e-07 -0.00102499 0.000145676  0.00146075  2.4069e-05 0.000348657      -9.809 
                5.54 -0.00301546 -0.00765647 -0.00414865  -0.00187929 -7.89101e-05   0.00300634 0 0 0 0 0 0 -0.000161596  4.42618e-05  0.000241092  3.77664e-06 -5.41612e-07  9.23645e-07 -0.000988199  0.000139019    0.0013752 -1.01368e-05  0.000354853       -9.809 
                5.56 -0.000355085   -0.0104692  -0.00373106  -0.00183666 -8.60024e-05    0.0029338 0 0 0 0 0 0  0.000259762 -3.83554e-05 -0.000351132 1.73639e-06  1.6129e-06 6.02901e-07  -0.0010234 0.000145688   0.0014581 2.25806e-05 0.000348647      -9.809 
                5.58 -0.00301545 -0.00765652 -0.00414861   -0.0018793 -7.89117e-05   0.00300635 0 0 0 0 0 0 -0.000161975  4.42132e-05   0.00024135  3.77096e-06 -5.41629e-07  9.22144e-07 -0.000986837  0.000139075   0.00137303 -1.1395e-05   0.0003548      -9.809 
                 5.6 -0.000355123   -0.0104692  -0.00373108  -0.00183667 -8.60034e-05   0.00293381 0 0 0 0 0 0  0.000259339 -3.83828e-05 -0.000350882 1.73246e-06 1.61099e-06 6.01721e-07 -0.00102183 0.000145702  0.00145549 2.11124e-05 0.000348636      -9.809 
                5.62 -0.00301545 -0.00765653 -0.00414859 -0.00187932 -7.8912e-05  0.00300636 0 0 0 0 0 0 -0.000162391  4.41958e-05    0.0002416  3.76528e-06 -5.41691e-07  9.20669e-07 -0.000985493  0.000139128   0.00137089 -1.26352e-05  0.000354749       -9.809 
                5.64 -0.000355187   -0.0104691  -0.00373098  -0.00183669 -8.60056e-05   0.00293381 0 0 0 0 0 0  0.000258877 -3.84045e-05 -0.000350557 1.72856e-06   1.609e-06 6.00454e-07 -0.00102027 0.000145717  0.00145291 1.96638e-05 0.000348624      -9.809 
                5.66  -0.0030154 -0.00765654 -0.00414858  -0.00187933 -7.89102e-05   0.00300637 0 0 0 0 0 0 -0.000162755  4.42161e-05  0.000241867  3.75957e-06 -5.41783e-07  9.19201e-07 -0.000984169   0.00013918   0.00136877 -1.38572e-05    0.0003547       -9.809 
                5.68 -0.000355143   -0.0104692  -0.00373093  -0.00183671 -8.60024e-05   0.00293383 0 0 0 0 0 0  0.000258496 -3.83836e-05 -0.000350243 1.72456e-06  1.6072e-06 5.99227e-07 -0.00101875 0.000145729  0.00145035 1.82369e-05 0.000348615      -9.809 
                 5.7 -0.00301538 -0.00765659 -0.00414853  -0.00187935 -7.89081e-05   0.00300638 0 0 0 0 0 0 -0.000163086   4.4186e-05  0.000242153  3.75391e-06 -5.41815e-07  9.17703e-07 -0.000982863  0.000139232   0.00136667 -1.50606e-05  0.000354651       -9.809 
                5.72 -0.000355146   -0.0104692   -0.0037309  -0.00183672 -8.60015e-05   0.00293384 0 0 0 0 0 0  0.000258154 -3.84476e-05 -0.000349879 1.72064e-06 1.60532e-06 5.98021e-07 -0.00101724 0.000145743  0.00144782   1.683e-05 0.000348604      -9.809 
                5.74 -0.00301535 -0.00765663 -0.00414855  -0.00187936 -7.89097e-05   0.00300639 0 0 0 0 0 0 -0.000163354  4.40976e-05  0.000242419   3.7483e-06 -5.41842e-07  9.16268e-07 -0.000981573  0.000139285   0.00136459 -1.62498e-05  0.000354601       -9.809 
                5.76 -0.000355084   -0.0104692  -0.00373085  -0.00183674 -8.60043e-05   0.00293386 0 0 0 0 0 0  0.000257868 -3.85162e-05 -0.000349527 1.71669e-06 1.60355e-06 5.96796e-07 -0.00101575 0.000145757  0.00144531 1.54405e-05 0.000348592      -9.809 
                5.78 -0.00301529 -0.00765666 -0.00414851  -0.00187937 -7.89089e-05   0.00300641 0 0 0 0 0 0 -0.000163598  4.40537e-05  0.000242743  3.74265e-06 -5.41841e-07  9.14787e-07 -0.000980302  0.000139334   0.00136253 -1.74207e-05  0.000354554       -9.809 
                 5.8 -0.00035506  -0.0104693 -0.00373081  -0.00183675 -8.60036e-05   0.00293388 0 0 0 0 0 0  0.000257568 -3.85675e-05 -0.000349159 1.71279e-06 1.60177e-06 5.95589e-07 -0.00101428 0.000145768  0.00144283 1.40706e-05 0.000348584      -9.809 
                5.82 -0.00301525 -0.00765669 -0.00414847  -0.00187938 -7.89086e-05   0.00300642 0 0 0 0 0 0 -0.000163826  4.40004e-05  0.000242989  3.73707e-06 -5.41862e-07  9.13308e-07 -0.000979045  0.000139382    0.0013605 -1.8577e-05 0.000354508      -9.809 
                5.84 -0.000354992   -0.0104694  -0.00373083  -0.00183676 -8.60072e-05    0.0029339 0 0 0 0 0 0  0.000257329 -3.86375e-05 -0.000348829 1.70887e-06 1.60005e-06 5.94424e-07 -0.00101283 0.000145781  0.00144038 1.27195e-05 0.000348574      -9.809 
                5.86 -0.00301519  -0.0076567 -0.00414851  -0.00187938 -7.89169e-05   0.00300644 0 0 0 0 0 0 -0.000164023  4.39161e-05  0.000243328  3.73148e-06 -5.41878e-07  9.11901e-07 -0.000977809  0.000139435   0.00135849 -1.97146e-05  0.000354459       -9.809 
                5.88 -0.000355032   -0.0104694  -0.00373082  -0.00183676 -8.60109e-05   0.00293392 0 0 0 0 0 0  0.000257007 -3.86505e-05 -0.000348469 1.70502e-06 1.59823e-06 5.93241e-07 -0.00101139 0.000145792  0.00143795 1.13845e-05 0.000348565      -9.809 
                 5.9 -0.00301519 -0.00765673 -0.00414847  -0.00187939 -7.89192e-05   0.00300645 0 0 0 0 0 0 -0.000164321   4.3918e-05  0.000243538  3.72591e-06 -5.41947e-07  9.10432e-07 -0.000976582  0.000139482    0.0013565 -2.08427e-05  0.000354414       -9.809 
                5.92 -0.000354996   -0.0104694   -0.0037308  -0.00183678 -8.60116e-05   0.00293393 0 0 0 0 0 0  0.000256639 -3.86263e-05  -0.00034822  1.7011e-06 1.59637e-06 5.92058e-07 -0.00100997 0.000145802  0.00143556 1.00624e-05 0.000348558      -9.809 
                5.94 -0.00301518 -0.00765677 -0.00414844   -0.0018794 -7.89204e-05   0.00300646 0 0 0 0 0 0 -0.000164689  4.39352e-05  0.000243798  3.72035e-06 -5.41986e-07  9.08975e-07 -0.000975366  0.000139528   0.00135454 -2.19599e-05   0.00035437       -9.809 
                5.96 -0.000355026   -0.0104694  -0.00373075  -0.00183679 -8.60121e-05   0.00293394 0 0 0 0 0 0  0.000256267 -3.85913e-05 -0.000347877 1.69723e-06 1.59449e-06 5.90845e-07 -0.00100857 0.000145812  0.00143319 8.75915e-06 0.000348551      -9.809 
                5.98 -0.00301516 -0.00765682 -0.00414842  -0.00187942 -7.89147e-05   0.00300647 0 0 0 0 0 0 -0.00016502  4.4002e-05 0.000244019  3.71478e-06 -5.42045e-07  9.07533e-07 -0.000974166   0.00013957    0.0013526 -2.30623e-05   0.00035433       -9.809 
                   6 -0.000354928   -0.0104694   -0.0037308   -0.0018368 -8.60122e-05   0.00293396 0 0 0 0 0 0  0.000255952 -3.85924e-05 -0.000347615 1.69328e-06 1.59265e-06 5.89719e-07 -0.00100719 0.000145823  0.00143085 7.47311e-06 0.000348542      -9.809 
                6.02 -0.00301518 -0.00765681 -0.00414838  -0.00187943 -7.89133e-05   0.00300648 0 0 0 0 0 0 -0.000165312   4.4007e-05  0.000244308  3.70926e-06 -5.42127e-07  9.06072e-07 -0.000972982  0.000139616   0.00135067 -2.41483e-05  0.000354287       -9.809 
                6.04 -0.000354924   -0.0104694   -0.0037308  -0.00183681 -8.60115e-05   0.00293397 0 0 0 0 0 0   0.00025567 -3.86159e-05 -0.000347245  1.6894e-06 1.59081e-06 5.88556e-07 -0.00100583 0.000145835  0.00142853 6.20371e-06 0.000348533      -9.809 
                6.06 -0.00301515 -0.00765682 -0.00414839  -0.00187944 -7.89123e-05   0.00300649 0 0 0 0 0 0 -0.000165482  4.39668e-05  0.000244578  3.70374e-06 -5.42184e-07  9.04659e-07 -0.000971816  0.000139662   0.00134877 -2.52179e-05  0.000354243       -9.809 
                6.08 -0.000354868   -0.0104695  -0.00373077  -0.00183682 -8.60118e-05   0.00293399 0 0 0 0 0 0  0.000255472 -3.86747e-05 -0.000346973 1.68553e-06 1.58913e-06 5.87375e-07 -0.00100448 0.000145847  0.00142623 4.95152e-06 0.000348524      -9.809 
                 6.1 -0.00301514 -0.00765688 -0.00414838  -0.00187944 -7.89129e-05    0.0030065 0 0 0 0 0 0 -0.000165705  4.39027e-05  0.000244835  3.69827e-06 -5.42163e-07  9.03232e-07 -0.000970661  0.000139708   0.00134688 -2.62768e-05    0.0003542       -9.809 
                6.12 -0.000354919   -0.0104694  -0.00373077  -0.00183683 -8.60124e-05     0.002934 0 0 0 0 0 0  0.000255188  -3.8711e-05 -0.000346649 1.68175e-06  1.5873e-06 5.86211e-07 -0.00100314 0.000145857  0.00142396 3.71103e-06 0.000348516      -9.809 
                6.14  -0.0030151  -0.0076569 -0.00414837  -0.00187945 -7.89148e-05   0.00300651 0 0 0 0 0 0 -0.000165919  4.38619e-05  0.000245078  3.69278e-06 -5.42202e-07  9.01808e-07 -0.000969518  0.000139753   0.00134502 -2.7324e-05 0.000354157      -9.809 
                6.16 -0.000354875   -0.0104695  -0.00373079  -0.00183684 -8.60161e-05   0.00293401 0 0 0 0 0 0  0.000254925 -3.87507e-05 -0.000346369 1.67791e-06 1.58559e-06 5.85075e-07 -0.00100182 0.000145869  0.00142172 2.48445e-06 0.000348506      -9.809 
                6.18 -0.00301508 -0.00765692 -0.00414836  -0.00187946 -7.89154e-05   0.00300652 0 0 0 0 0 0 -0.00016622 4.38562e-05 0.000245311  3.68732e-06 -5.42222e-07  9.00388e-07 -0.000968386  0.000139796   0.00134318 -2.83606e-05  0.000354116       -9.809 
                 6.2 -0.000354828   -0.0104695  -0.00373083  -0.00183685 -8.60145e-05   0.00293402 0 0 0 0 0 0  0.000254529 -3.87205e-05  -0.00034608 1.67404e-06 1.58376e-06 5.83949e-07 -0.00100051 0.000145877   0.0014195 1.27002e-06 0.000348501      -9.809 
                6.22 -0.00301502 -0.00765687 -0.00414833  -0.00187947 -7.89155e-05   0.00300653 0 0 0 0 0 0 -0.000166508  4.38803e-05  0.000245535  3.68181e-06 -5.42364e-07  8.98954e-07 -0.000967269  0.000139839   0.00134136 -2.9383e-05 0.000354076      -9.809 
                6.24 -0.00035483  -0.0104695 -0.00373075  -0.00183687 -8.60125e-05   0.00293403 0 0 0 0 0 0  0.000254193 -3.86735e-05 -0.000345801 1.67021e-06 1.58199e-06 5.82737e-07 -0.000999221  0.000145886    0.0014173 7.16918e-08 0.000348494      -9.809 
                6.26 -0.00301502 -0.00765689 -0.00414827  -0.00187948 -7.89123e-05   0.00300654 0 0 0 0 0 0 -0.000166814  4.39218e-05  0.000245817  3.67636e-06 -5.42421e-07   8.9751e-07 -0.000966164  0.000139881   0.00133955 -3.03932e-05  0.000354036       -9.809 
                6.28 -0.00035473  -0.0104696 -0.00373067  -0.00183688 -8.60092e-05   0.00293405 0 0 0 0 0 0  0.000253829 -3.86525e-05 -0.000345461  1.6663e-06 1.58024e-06 5.81531e-07 -0.000997945  0.000145896   0.00141511 -1.11149e-06  0.000348487       -9.809 
                 6.3 -0.00301498 -0.00765693 -0.00414828  -0.00187949 -7.89127e-05   0.00300655 0 0 0 0 0 0 -0.000167078  4.38938e-05  0.000246055   3.6709e-06 -5.42503e-07  8.96114e-07 -0.000965074  0.000139926   0.00133776 -3.13898e-05  0.000353994       -9.809 
                6.32 -0.000354747   -0.0104695  -0.00373073 -0.00183689 -8.6008e-05  0.00293406 0 0 0 0 0 0   0.00025359 -3.86621e-05 -0.000345203 1.66251e-06 1.57842e-06 5.80435e-07 -0.000996688  0.000145907   0.00141296 -2.27641e-06  0.000348479       -9.809 
                6.34 -0.00301498 -0.00765696 -0.00414828   -0.0018795 -7.89103e-05   0.00300656 0 0 0 0 0 0 -0.000167275  4.38668e-05   0.00024631  3.66549e-06 -5.42542e-07  8.94715e-07 -0.000963998  0.000139968   0.00133599 -3.23729e-05  0.000353954       -9.809 
                6.36 -0.000354689   -0.0104697  -0.00373067  -0.00183691 -8.60072e-05   0.00293407 0 0 0 0 0 0  0.000253305 -3.87097e-05 -0.000344859 1.65868e-06 1.57675e-06 5.79244e-07 -0.000995441  0.000145919   0.00141082 -3.43216e-06   0.00034847       -9.809 
                6.38 -0.00301495 -0.00765705 -0.00414824 -0.00187951 -7.8914e-05  0.00300657 0 0 0 0 0 0 -0.000167464   4.3768e-05  0.000246523 3.66009e-06 -5.4253e-07 8.93294e-07 -0.000962931  0.000140013   0.00133424 -3.33465e-05  0.000353911       -9.809 
                 6.4 -0.00035474  -0.0104696 -0.00373069  -0.00183691 -8.60097e-05   0.00293409 0 0 0 0 0 0   0.00025314  -3.8791e-05 -0.000344638 1.65497e-06 1.57502e-06 5.78124e-07 -0.000994214  0.000145931   0.00140871 -4.56892e-06  0.000348461       -9.809 
                6.42 -0.00301493 -0.00765709 -0.00414823  -0.00187952 -7.89175e-05   0.00300658 0 0 0 0 0 0 -0.000167642  4.37006e-05  0.000246771  3.65474e-06 -5.42527e-07  8.91897e-07 -0.000961879  0.000140056    0.0013325 -3.43068e-05   0.00035387       -9.809 
                6.44 -0.000354721   -0.0104696  -0.00373073  -0.00183692 -8.60187e-05    0.0029341 0 0 0 0 0 0  0.000252951  -3.8885e-05 -0.000344324  1.6512e-06 1.57326e-06 5.77013e-07 -0.000993001  0.000145945   0.00140662 -5.69171e-06  0.000348449       -9.809 
                6.46   -0.003015 -0.00765707 -0.00414822  -0.00187952 -7.89188e-05   0.00300659 0 0 0 0 0 0 -0.000167811  4.36888e-05  0.000246977  3.64944e-06 -5.42594e-07  8.90501e-07 -0.000960837  0.000140096   0.00133079 -3.52562e-05  0.000353833       -9.809 
                6.48 -0.000354704   -0.0104697  -0.00373073  -0.00183692 -8.60191e-05   0.00293411 0 0 0 0 0 0  0.000252704 -3.88783e-05 -0.000344101 1.64744e-06 1.57156e-06 5.75885e-07 -0.000991797  0.000145953   0.00140456 -6.80577e-06  0.000348444       -9.809 
                 6.5 -0.00301494 -0.00765709 -0.00414821  -0.00187953 -7.89207e-05    0.0030066 0 0 0 0 0 0 -0.000168101  4.36925e-05  0.000247165  3.64405e-06 -5.42648e-07  8.89109e-07 -0.000959803  0.000140135   0.00132909 -3.61985e-05  0.000353796       -9.809 
                6.52 -0.00035467  -0.0104697 -0.00373073  -0.00183693 -8.60175e-05   0.00293412 0 0 0 0 0 0  0.000252372 -3.88228e-05 -0.000343849 1.64365e-06 1.56981e-06 5.74752e-07 -0.000990603   0.00014596   0.00140251 -7.9098e-06 0.000348439      -9.809 
                6.54 -0.00301499 -0.00765712  -0.0041482  -0.00187954 -7.89146e-05   0.00300661 0 0 0 0 0 0 -0.000168371  4.37627e-05   0.00024731  3.63873e-06 -5.42704e-07  8.87719e-07 -0.00095878  0.00014017  0.00132741 -3.71308e-05  0.000353762       -9.809 
                6.56 -0.000354668   -0.0104697  -0.00373064  -0.00183695 -8.60133e-05   0.00293413 0 0 0 0 0 0  0.000252071 -3.87949e-05 -0.000343656 1.63989e-06 1.56807e-06 5.73556e-07 -0.000989423  0.000145967   0.00140048 -9.00049e-06  0.000348434       -9.809 
                6.58 -0.00301494 -0.00765708 -0.00414822  -0.00187955 -7.89149e-05   0.00300661 0 0 0 0 0 0 -0.000168618  4.37411e-05  0.000247508  3.63338e-06 -5.42817e-07  8.86363e-07 -0.000957771  0.000140211   0.00132574 -3.80483e-05  0.000353724       -9.809 
                 6.6 -0.00035469  -0.0104697 -0.00373061  -0.00183695 -8.60127e-05   0.00293414 0 0 0 0 0 0  0.000251796 -3.87975e-05 -0.000343413 1.63616e-06 1.56632e-06 5.72408e-07 -0.000988259  0.000145978   0.00139846 -1.0076e-05 0.000348427      -9.809 
                6.62 -0.00301494 -0.00765709 -0.00414819 -0.00187955 -7.8914e-05  0.00300662 0 0 0 0 0 0 -0.000168811  4.37358e-05  0.000247684  3.62806e-06 -5.42893e-07  8.84968e-07 -0.000956773   0.00014025   0.00132409 -3.8956e-05 0.000353687      -9.809 
                6.64 -0.000354661   -0.0104697  -0.00373062  -0.00183696 -8.60117e-05   0.00293415 0 0 0 0 0 0  0.000251583 -3.88365e-05 -0.000343166  1.6324e-06 1.56462e-06  5.7129e-07 -0.000987106  0.000145987   0.00139647 -1.11404e-05  0.000348419       -9.809 
                6.66 -0.00301491 -0.00765711 -0.00414816  -0.00187956 -7.89117e-05   0.00300663 0 0 0 0 0 0 -0.000168993  4.36777e-05  0.000247893  3.62276e-06 -5.42924e-07  8.83571e-07 -0.000955786  0.000140288   0.00132245 -3.98536e-05  0.000353651       -9.809 
                6.68 -0.000354668   -0.0104698  -0.00373059  -0.00183697 -8.60101e-05   0.00293416 0 0 0 0 0 0  0.000251346 -3.88886e-05 -0.000342914 1.62873e-06 1.56298e-06 5.70143e-07 -0.000985965  0.000145996   0.00139449 -1.21944e-05  0.000348413       -9.809 
                 6.7 -0.00301484  -0.0076571 -0.00414818  -0.00187957 -7.89156e-05   0.00300664 0 0 0 0 0 0 -0.000169172  4.35904e-05  0.000248072  3.61747e-06 -5.42957e-07  8.82223e-07 -0.000954806  0.000140328   0.00132083 -4.07438e-05  0.000353614       -9.809 
                6.72 -0.000354637   -0.0104698  -0.00373062  -0.00183699 -8.60121e-05   0.00293417 0 0 0 0 0 0  0.000251119 -3.89296e-05 -0.000342656 1.62502e-06 1.56129e-06 5.69051e-07 -0.000984834  0.000146005   0.00139254 -1.32377e-05  0.000348406       -9.809 
                6.74 -0.00301484 -0.00765712 -0.00414813  -0.00187958 -7.89155e-05   0.00300664 0 0 0 0 0 0 -0.000169387  4.35668e-05  0.000248324  3.61223e-06 -5.42974e-07  8.80823e-07 -0.000953837  0.000140364   0.00131922 -4.16234e-05  0.000353579       -9.809 
                6.76 -0.000354621   -0.0104698  -0.00373058    -0.001837 -8.60129e-05   0.00293418 0 0 0 0 0 0   0.00025085 -3.89477e-05 -0.000342405 1.62132e-06 1.55959e-06 5.67906e-07 -0.000983717  0.000146013    0.0013906 -1.42683e-05  0.000348401       -9.809 
                6.78 -0.00301481 -0.00765714 -0.00414808  -0.00187959 -7.89161e-05   0.00300665 0 0 0 0 0 0 -0.000169625  4.35698e-05  0.000248486  3.60696e-06 -5.43036e-07   8.7943e-07 -0.000952878    0.0001404   0.00131762 -4.24936e-05  0.000353545       -9.809 
                 6.8 -0.000354608   -0.0104698  -0.00373054  -0.00183701 -8.60121e-05    0.0029342 0 0 0 0 0 0  0.000250574 -3.89187e-05 -0.000342164 1.61762e-06 1.55791e-06 5.66761e-07 -0.000982611  0.000146021   0.00138868 -1.5287e-05 0.000348396      -9.809 
                6.82 -0.00301474 -0.00765715 -0.00414809   -0.0018796 -7.89141e-05   0.00300666 0 0 0 0 0 0 -0.000169907   4.3614e-05  0.000248762  3.60166e-06 -5.43108e-07  8.78083e-07 -0.000951929  0.000140435   0.00131604 -4.33541e-05  0.000353513       -9.809 
                6.84 -0.000354562   -0.0104698  -0.00373048  -0.00183702 -8.60058e-05   0.00293421 0 0 0 0 0 0  0.000250276 -3.88537e-05 -0.000341888 1.61387e-06 1.55619e-06 5.65608e-07 -0.000981518  0.000146026   0.00138678 -1.62949e-05  0.000348393       -9.809 
                6.86 -0.00301466  -0.0076572 -0.00414806  -0.00187961 -7.89124e-05   0.00300667 0 0 0 0 0 0 -0.000170154   4.3611e-05  0.000248915  3.59637e-06 -5.43154e-07  8.76707e-07 -0.000950989  0.000140471   0.00131448 -4.42055e-05  0.000353479       -9.809 
                6.88 -0.000354532   -0.0104698  -0.00373052  -0.00183703 -8.60049e-05   0.00293422 0 0 0 0 0 0  0.000250004  -3.8863e-05 -0.000341674 1.61017e-06 1.55451e-06 5.64532e-07 -0.000980436  0.000146035   0.00138489 -1.72914e-05  0.000348386       -9.809 
                 6.9 -0.00301464 -0.00765721 -0.00414802  -0.00187962 -7.89128e-05   0.00300668 0 0 0 0 0 0 -0.000170382  4.35923e-05  0.000249137  3.59115e-06 -5.43235e-07  8.75324e-07 -0.000950063  0.000140508   0.00131293 -4.50439e-05  0.000353443       -9.809 
                6.92 -0.000354478   -0.0104699  -0.00373052  -0.00183704 -8.60061e-05   0.00293423 0 0 0 0 0 0  0.000249764 -3.88838e-05 -0.000341387 1.60645e-06  1.5528e-06 5.63424e-07 -0.000979367  0.000146046   0.00138303 -1.82752e-05  0.000348378       -9.809 
                6.94 -0.00301456 -0.00765727 -0.00414799  -0.00187963 -7.89172e-05   0.00300669 0 0 0 0 0 0 -0.000170525  4.35055e-05  0.000249338  3.58588e-06 -5.43259e-07  8.73959e-07 -0.000949146  0.000140547   0.00131139 -4.5874e-05 0.000353407      -9.809 
                6.96 -0.000354511   -0.0104698  -0.00373056  -0.00183705 -8.60097e-05   0.00293424 0 0 0 0 0 0  0.000249622 -3.89796e-05 -0.000341179 1.60283e-06 1.55111e-06  5.6235e-07 -0.000978311  0.000146057   0.00138118 -1.9247e-05  0.00034837      -9.809 
                6.98 -0.00301458 -0.00765731 -0.00414795  -0.00187964 -7.89185e-05    0.0030067 0 0 0 0 0 0 -0.000170693  4.34396e-05  0.000249547  3.58076e-06 -5.43271e-07  8.72586e-07 -0.000948237  0.000140583   0.00130987 -4.66953e-05  0.000353373       -9.809 
                   7 -0.000354526   -0.0104699  -0.00373055  -0.00183706 -8.60104e-05   0.00293425 0 0 0 0 0 0  0.000249411 -3.90201e-05 -0.000340923 1.59923e-06 1.54949e-06 5.61242e-07 -0.000977262  0.000146064   0.00137935 -2.02115e-05  0.000348365       -9.809 
                7.02 -0.00301455 -0.00765735 -0.00414796  -0.00187965 -7.89229e-05   0.00300671 0 0 0 0 0 0 -0.000170849  4.33866e-05  0.000249736  3.57559e-06 -5.43272e-07  8.71255e-07 -0.000947336  0.000140618   0.00130837 -4.75098e-05   0.00035334       -9.809 
                7.04 -0.000354515   -0.0104699  -0.00373059  -0.00183707 -8.60131e-05   0.00293426 0 0 0 0 0 0  0.000249194 -3.90498e-05 -0.000340685 1.59559e-06 1.54789e-06 5.60176e-07 -0.000976222  0.000146072   0.00137754 -2.11669e-05   0.00034836       -9.809 
                7.06 -0.00301452 -0.00765734 -0.00414797  -0.00187966 -7.89253e-05   0.00300671 0 0 0 0 0 0 -0.000171081  4.33729e-05  0.000249965  3.57044e-06 -5.43332e-07   8.6993e-07 -0.000946444  0.000140651   0.00130688 -4.83155e-05  0.000353309       -9.809 
                7.08 -0.000354574   -0.0104698  -0.00373059  -0.00183708 -8.60102e-05   0.00293427 0 0 0 0 0 0  0.000248938 -3.89798e-05 -0.000340416   1.592e-06 1.54616e-06 5.59081e-07 -0.000975196  0.000146077   0.00137574  -2.211e-05 0.000348357      -9.809 
                 7.1 -0.00301447 -0.00765732 -0.00414795 -0.00187966 -7.8923e-05  0.00300672 0 0 0 0 0 0 -0.000171271  4.34353e-05  0.000250151  3.56524e-06 -5.43428e-07  8.68583e-07 -0.000945563  0.000140683    0.0013054 -4.91105e-05  0.000353279       -9.809 
                7.12 -0.000354554   -0.0104699  -0.00373058  -0.00183709 -8.60039e-05   0.00293428 0 0 0 0 0 0  0.000248685 -3.88924e-05  -0.00034017 1.58833e-06 1.54453e-06 5.57983e-07 -0.000974179  0.000146081   0.00137396 -2.30438e-05  0.000348355       -9.809 
                7.14 -0.00301448 -0.00765734 -0.00414791  -0.00187967 -7.89192e-05   0.00300673 0 0 0 0 0 0 -0.000171516   4.3467e-05  0.000250388  3.56009e-06 -5.43497e-07  8.67222e-07 -0.000944691  0.000140715   0.00130394 -4.98973e-05  0.000353249       -9.809 
                7.16 -0.000354541   -0.0104699  -0.00373057  -0.0018371 -8.6001e-05  0.00293429 0 0 0 0 0 0  0.000248396 -3.88802e-05 -0.000339892 1.58469e-06 1.54281e-06 5.56882e-07 -0.000973173  0.000146089    0.0013722 -2.39668e-05   0.00034835       -9.809 
                7.18  -0.0030144 -0.00765741 -0.00414793  -0.00187968 -7.89217e-05   0.00300674 0 0 0 0 0 0 -0.000171733  4.34423e-05  0.000250622  3.55491e-06 -5.43563e-07  8.65915e-07 -0.000943827  0.000140751   0.00130248 -5.06753e-05  0.000353215       -9.809 
                 7.2 -0.000354518   -0.0104699  -0.00373059  -0.00183711 -8.60028e-05   0.00293431 0 0 0 0 0 0   0.00024819 -3.88873e-05 -0.000339654 1.58104e-06 1.54118e-06 5.55813e-07 -0.000972179  0.000146099   0.00137045 -2.4879e-05 0.000348342      -9.809 
                7.22 -0.00301434 -0.00765745 -0.00414789  -0.00187968 -7.89234e-05   0.00300675 0 0 0 0 0 0 -0.000171863  4.34163e-05  0.000250784  3.54975e-06 -5.43603e-07  8.64565e-07 -0.000942974  0.000140786   0.00130105 -5.14437e-05  0.000353181       -9.809 
                7.24 -0.000354502     -0.01047  -0.00373057  -0.00183712 -8.60029e-05   0.00293432 0 0 0 0 0 0  0.000248017 -3.89385e-05 -0.000339442 1.57741e-06 1.53958e-06 5.54715e-07 -0.000971194  0.000146108   0.00136872 -2.57824e-05  0.000348335       -9.809 
                7.26 -0.00301433 -0.00765749 -0.00414786  -0.00187969 -7.89276e-05   0.00300676 0 0 0 0 0 0 -0.000172015  4.33115e-05   0.00025099  3.54467e-06 -5.43624e-07  8.63227e-07 -0.000942128  0.000140822   0.00129962 -5.22049e-05  0.000353148       -9.809 
                7.28 -0.000354542     -0.01047  -0.00373058  -0.00183712 -8.60066e-05   0.00293433 0 0 0 0 0 0  0.000247844 -3.90064e-05 -0.000339162 1.57387e-06 1.53795e-06 5.53633e-07 -0.00097022 0.000146118  0.00136701 -2.66746e-05  0.000348328       -9.809 
                 7.3 -0.00301431 -0.00765752 -0.00414785 -0.00187969 -7.8933e-05  0.00300677 0 0 0 0 0 0 -0.000172141  4.32434e-05  0.000251203  3.53959e-06 -5.43663e-07  8.61904e-07 -0.000941291  0.000140857   0.00129822 -5.29581e-05  0.000353115       -9.809 
                7.32 -0.000354504     -0.01047  -0.00373058 -0.00183713 -8.6009e-05  0.00293434 0 0 0 0 0 0  0.000247702  -3.9037e-05 -0.000338952 1.57028e-06 1.53636e-06 5.52559e-07 -0.000969254  0.000146126   0.00136531 -2.75595e-05  0.000348323       -9.809 
                7.34 -0.00301431 -0.00765756 -0.00414788   -0.0018797 -7.89362e-05   0.00300677 0 0 0 0 0 0 -0.000172268  4.31989e-05  0.000251353  3.53455e-06 -5.43662e-07  8.60612e-07 -0.000940461  0.000140889   0.00129682 -5.37042e-05  0.000353085       -9.809 
                7.36 -0.000354507     -0.01047  -0.00373059  -0.00183713 -8.60137e-05   0.00293435 0 0 0 0 0 0  0.000247473 -3.90706e-05 -0.000338706 1.56672e-06 1.53477e-06 5.51487e-07 -0.000968298  0.000146135   0.00136363 -2.84353e-05  0.000348317       -9.809 
                7.38  -0.0030143 -0.00765759 -0.00414784   -0.0018797 -7.89418e-05   0.00300678 0 0 0 0 0 0 -0.000172547  4.31973e-05  0.000251615  3.5295e-06 -5.4374e-07 8.59276e-07 -0.000939636  0.000140921   0.00129543 -5.44449e-05  0.000353055       -9.809 
                 7.4 -0.000354463     -0.01047   -0.0037306  -0.00183714 -8.60162e-05   0.00293436 0 0 0 0 0 0  0.000247167  -3.9031e-05 -0.000338411 1.56309e-06 1.53311e-06 5.50418e-07 -0.000967348  0.000146142   0.00136196 -2.93041e-05  0.000348312       -9.809 
                7.42 -0.00301429 -0.00765762 -0.00414784  -0.00187971 -7.89402e-05   0.00300679 0 0 0 0 0 0 -0.000172781  4.32587e-05  0.000251817  3.52443e-06 -5.43833e-07  8.57965e-07 -0.00093882  0.00014095  0.00129406 -5.51773e-05  0.000353028       -9.809 
                7.44 -0.000354395   -0.0104701  -0.00373055  -0.00183716 -8.60133e-05   0.00293438 0 0 0 0 0 0  0.000246919 -3.89828e-05 -0.000338245 1.55945e-06 1.53152e-06 5.49306e-07 -0.000966408  0.000146147   0.00136031 -3.01642e-05  0.000348309       -9.809 
                7.46 -0.00301425 -0.00765769 -0.00414781  -0.00187972 -7.89367e-05    0.0030068 0 0 0 0 0 0 -0.000172993  4.32912e-05   0.00025194  3.51937e-06 -5.43855e-07  8.56644e-07 -0.000938012  0.000140979    0.0012927 -5.5902e-05    0.000353      -9.809 
                7.48 -0.000354425   -0.0104701   -0.0037305  -0.00183717 -8.60085e-05   0.00293438 0 0 0 0 0 0   0.00024662 -3.89276e-05 -0.000338012 1.55591e-06 1.52991e-06 5.48204e-07 -0.000965476  0.000146152   0.00135867 -3.10157e-05  0.000348306       -9.809 
                 7.5 -0.00301421 -0.00765768 -0.00414778  -0.00187973 -7.89341e-05   0.00300681 0 0 0 0 0 0 -0.000173237  4.33058e-05  0.000252133   3.5143e-06 -5.43982e-07  8.55324e-07 -0.000937213  0.000141009   0.00129136 -5.66183e-05  0.000352972       -9.809 
                7.52 -0.000354421   -0.0104702  -0.00373047  -0.00183718 -8.60066e-05   0.00293439 0 0 0 0 0 0  0.000246416 -3.89519e-05 -0.000337848 1.55234e-06 1.52828e-06 5.47112e-07 -0.000964558   0.00014616   0.00135705 -3.18553e-05  0.000348301       -9.809 
                7.54 -0.00301418 -0.00765766 -0.00414775  -0.00187974 -7.89327e-05   0.00300682 0 0 0 0 0 0 -0.000173317   4.3245e-05  0.000252217  3.50929e-06 -5.44075e-07  8.54009e-07 -0.000936424   0.00014104   0.00129002 -5.73245e-05  0.000352943       -9.809 
                7.56 -0.000354368   -0.0104703  -0.00373046  -0.00183719 -8.60056e-05    0.0029344 0 0 0 0 0 0  0.000246317 -3.90117e-05 -0.000337712 1.54879e-06 1.52676e-06 5.46042e-07 -0.000963648  0.000146168   0.00135544 -3.2686e-05 0.000348295      -9.809 
                7.58 -0.00301415 -0.00765768 -0.00414776  -0.00187975 -7.89332e-05   0.00300682 0 0 0 0 0 0 -0.000173402  4.31929e-05   0.00025238  3.50432e-06 -5.44087e-07  8.52718e-07 -0.000935642  0.000141071    0.0012887 -5.80247e-05  0.000352914       -9.809 
                 7.6 -0.000354368   -0.0104703  -0.00373044   -0.0018372 -8.60073e-05   0.00293441 0 0 0 0 0 0  0.000246164 -3.90721e-05 -0.000337461 1.54528e-06 1.52522e-06 5.44959e-07 -0.000962747  0.000146177   0.00135384 -3.35081e-05  0.000348289       -9.809 
                7.62 -0.00301413 -0.00765768 -0.00414775  -0.00187975 -7.89351e-05   0.00300683 0 0 0 0 0 0 -0.000173548  4.31216e-05  0.000252578  3.49936e-06 -5.44155e-07  8.51428e-07 -0.000934867  0.000141101   0.00128738 -5.87184e-05  0.000352886       -9.809 
                7.64 -0.000354336   -0.0104703  -0.00373044   -0.0018372 -8.60074e-05   0.00293442 0 0 0 0 0 0  0.000246013 -3.91088e-05 -0.000337273 1.54177e-06 1.52364e-06 5.43898e-07 -0.000961854  0.000146183   0.00135226 -3.43226e-05  0.000348285       -9.809 
                7.66  -0.0030141 -0.00765772 -0.00414774  -0.00187975 -7.89369e-05   0.00300684 0 0 0 0 0 0 -0.000173676   4.3103e-05  0.000252708  3.49441e-06 -5.44182e-07  8.50134e-07 -0.000934098   0.00014113   0.00128608 -5.94056e-05  0.000352858       -9.809 
                7.68 -0.000354338   -0.0104704  -0.00373043  -0.00183721 -8.60091e-05   0.00293443 0 0 0 0 0 0  0.000245811 -3.90843e-05 -0.000337078 1.53825e-06 1.52207e-06 5.42838e-07 -0.000960967  0.000146189   0.00135069 -3.51314e-05  0.000348281       -9.809 
                 7.7 -0.00301406 -0.00765774 -0.00414775  -0.00187976 -7.89388e-05   0.00300685 0 0 0 0 0 0 -0.000173877   4.3117e-05  0.000252865  3.48941e-06 -5.44244e-07  8.48855e-07 -0.000933334  0.000141159   0.00128478 -6.00875e-05  0.000352831       -9.809 
                7.72 -0.000354335   -0.0104704  -0.00373042  -0.00183722 -8.60096e-05   0.00293444 0 0 0 0 0 0  0.000245538 -3.90743e-05 -0.000336866 1.53473e-06 1.52048e-06 5.41776e-07 -0.000960089  0.000146196   0.00134913 -3.59321e-05  0.000348277       -9.809 
                7.74 -0.00301405 -0.00765773 -0.00414774  -0.00187976 -7.89334e-05   0.00300685 0 0 0 0 0 0 -0.000174111  4.31674e-05  0.000253051  3.48446e-06 -5.44372e-07  8.47566e-07 -0.000932579  0.000141184    0.0012835 -6.07617e-05  0.000352807       -9.809 
                7.76 -0.000354305   -0.0104704  -0.00373043  -0.00183723 -8.60079e-05   0.00293445 0 0 0 0 0 0  0.000245298 -3.90532e-05 -0.000336667  1.5312e-06 1.51887e-06 5.40725e-07 -0.000959219  0.000146202   0.00134759 -3.67244e-05  0.000348273       -9.809 
                7.78 -0.00301406 -0.00765778 -0.00414771  -0.00187978 -7.89329e-05   0.00300686 0 0 0 0 0 0 -0.000174312  4.31873e-05  0.000253206  3.47954e-06 -5.44433e-07  8.46269e-07 -0.000931828  0.000141213   0.00128223 -6.1431e-05 0.000352781      -9.809 
                 7.8 -0.000354273   -0.0104704   -0.0037304  -0.00183724 -8.60047e-05   0.00293446 0 0 0 0 0 0  0.000245052 -3.90221e-05 -0.000336472 1.52766e-06  1.5173e-06 5.39651e-07 -0.000958355  0.000146208   0.00134606 -3.75106e-05   0.00034827       -9.809 
                7.82 -0.00301403 -0.00765777 -0.00414775 -0.00187978 -7.8932e-05  0.00300687 0 0 0 0 0 0 -0.000174496  4.31574e-05  0.000253418   3.4746e-06 -5.44528e-07  8.45027e-07 -0.000931088  0.000141241   0.00128097 -6.20909e-05  0.000352754       -9.809 
                7.84 -0.000354281   -0.0104704  -0.00373038  -0.00183725 -8.60048e-05   0.00293447 0 0 0 0 0 0  0.000244877 -3.90846e-05 -0.000336212 1.52419e-06 1.51568e-06 5.38592e-07 -0.000957505  0.000146216   0.00134454 -3.82847e-05  0.000348264       -9.809 
                7.86 -0.00301402 -0.00765782 -0.00414775  -0.00187979 -7.89327e-05   0.00300688 0 0 0 0 0 0 -0.000174624  4.30882e-05  0.000253633  3.46972e-06 -5.44596e-07  8.43754e-07 -0.000930355   0.00014127   0.00127972 -6.27439e-05  0.000352727       -9.809 
                7.88 -0.000354239   -0.0104704  -0.00373036  -0.00183726 -8.60056e-05   0.00293448 0 0 0 0 0 0  0.000244751 -3.91266e-05 -0.000335996 1.52071e-06 1.51414e-06 5.37531e-07 -0.000956661  0.000146223   0.00134304 -3.90522e-05   0.00034826       -9.809 
                 7.9   -0.003014 -0.00765785 -0.00414776   -0.0018798 -7.89323e-05   0.00300689 0 0 0 0 0 0 -0.000174714  4.30527e-05  0.000253748  3.46484e-06 -5.44611e-07  8.42498e-07 -0.000929626  0.000141297   0.00127848 -6.3392e-05 0.000352701      -9.809 
                7.92 -0.000354236   -0.0104704  -0.00373032  -0.00183726 -8.60059e-05   0.00293449 0 0 0 0 0 0   0.00024463 -3.91774e-05 -0.000335876 1.51726e-06 1.51261e-06 5.36457e-07 -0.000955823  0.000146229   0.00134155 -3.98131e-05  0.000348256       -9.809 
                7.94 -0.00301399 -0.00765787 -0.00414775  -0.00187981 -7.89337e-05   0.00300689 0 0 0 0 0 0 -0.000174867  4.29974e-05  0.000253901     3.46e-06 -5.44646e-07  8.41228e-07 -0.000928904  0.000141324   0.00127725 -6.40344e-05  0.000352676       -9.809 
                7.96 -0.000354227   -0.0104705  -0.00373035  -0.00183727 -8.60091e-05    0.0029345 0 0 0 0 0 0  0.000244439 -3.92228e-05 -0.000335627 1.51383e-06 1.51109e-06 5.35438e-07 -0.000954994  0.000146236   0.00134008 -4.05668e-05  0.000348251       -9.809 
                7.98 -0.00301396  -0.0076579 -0.00414775  -0.00187981 -7.89359e-05    0.0030069 0 0 0 0 0 0 -0.000175049  4.30011e-05  0.000254124  3.45514e-06 -5.44725e-07  8.39963e-07 -0.000928189   0.00014135   0.00127604 -6.46698e-05  0.000352651       -9.809 
                   8 -0.000354203   -0.0104704  -0.00373033  -0.00183727 -8.60115e-05   0.00293451 0 0 0 0 0 0  0.000244239  -3.9206e-05 -0.000335443 1.51034e-06 1.50948e-06 5.34384e-07 -0.000954172  0.000146242   0.00133861 -4.1313e-05 0.000348248      -9.809 
                8.02 -0.00301393  -0.0076579 -0.00414773  -0.00187982 -7.89362e-05   0.00300691 0 0 0 0 0 0 -0.000175196  4.30277e-05  0.000254213  3.45025e-06 -5.44818e-07  8.38695e-07 -0.000927481  0.000141376   0.00127483 -6.52985e-05  0.000352628       -9.809 
                8.04 -0.000354135   -0.0104705  -0.00373029  -0.00183728 -8.60121e-05   0.00293452 0 0 0 0 0 0   0.00024405 -3.91711e-05 -0.000335273 1.50683e-06 1.50797e-06 5.33315e-07 -0.000953357  0.000146248   0.00133716 -4.20523e-05  0.000348244       -9.809 
                8.06 -0.00301397 -0.00765785 -0.00414773  -0.00187982 -7.89358e-05   0.00300691 0 0 0 0 0 0 -0.000175375   4.3068e-05  0.000254399 3.44543e-06 -5.4495e-07 8.37435e-07 -0.00092678 0.000141402  0.00127364 -6.59204e-05  0.000352603       -9.809 
                8.08 -0.000354127   -0.0104705  -0.00373025  -0.00183729 -8.60108e-05   0.00293452 0 0 0 0 0 0  0.000243822 -3.91277e-05 -0.000335019 1.50337e-06 1.50638e-06 5.32254e-07 -0.00095255 0.000146254  0.00133572 -4.27841e-05  0.000348241       -9.809 
                 8.1 -0.00301398 -0.00765787  -0.0041477  -0.00187982 -7.89356e-05   0.00300692 0 0 0 0 0 0 -0.000175537  4.30749e-05  0.000254551  3.44059e-06 -5.45056e-07  8.36163e-07 -0.000926085  0.000141428   0.00127245 -6.65365e-05  0.000352578       -9.809 
                8.12 -0.000354118   -0.0104705  -0.00373025  -0.00183729 -8.60086e-05   0.00293453 0 0 0 0 0 0  0.000243698  -3.9128e-05 -0.000334904 1.49991e-06 1.50482e-06 5.31221e-07 -0.000951752   0.00014626   0.00133429 -4.35076e-05  0.000348237       -9.809 
                8.14 -0.00301395 -0.00765788 -0.00414771  -0.00187983 -7.89341e-05   0.00300692 0 0 0 0 0 0 -0.000175599  4.30509e-05  0.000254652  3.43576e-06 -5.45119e-07  8.34922e-07 -0.000925396  0.000141454   0.00127127 -6.71467e-05  0.000352554       -9.809 
                8.16 -0.000354088   -0.0104705  -0.00373023   -0.0018373 -8.60074e-05   0.00293453 0 0 0 0 0 0    0.0002436 -3.91571e-05 -0.000334722 1.49647e-06 1.50333e-06 5.30177e-07 -0.00095096 0.000146267  0.00133288 -4.42255e-05  0.000348233       -9.809 
                8.18 -0.00301391 -0.00765789  -0.0041477  -0.00187983 -7.89344e-05   0.00300693 0 0 0 0 0 0 -0.00017573 4.30114e-05 0.000254874  3.43095e-06 -5.45163e-07  8.33674e-07 -0.000924712  0.000141481   0.00127011 -6.77527e-05  0.000352529       -9.809 
                 8.2 -0.000354071   -0.0104705  -0.00373026  -0.0018373 -8.6008e-05  0.00293454 0 0 0 0 0 0  0.000243422 -3.92066e-05  -0.00033448 1.49306e-06 1.50179e-06 5.29175e-07 -0.000950172  0.000146273   0.00133147 -4.49383e-05  0.000348228       -9.809 
                8.22 -0.00301393 -0.00765791 -0.00414767  -0.00187984 -7.89337e-05   0.00300693 0 0 0 0 0 0 -0.000175864  4.29695e-05  0.000255027   3.4262e-06 -5.45222e-07  8.32408e-07 -0.000924032  0.000141506   0.00126895 -6.83542e-05  0.000352506       -9.809 
                8.24 -0.000353971   -0.0104706  -0.00373024  -0.00183731 -8.60084e-05   0.00293456 0 0 0 0 0 0  0.000243269 -3.92344e-05 -0.000334296 1.48961e-06 1.50034e-06  5.2813e-07 -0.00094939 0.000146279  0.00133007 -4.56466e-05  0.000348225       -9.809 
                8.26 -0.00301386 -0.00765792 -0.00414766 -0.00187984 -7.8937e-05  0.00300694 0 0 0 0 0 0 -0.00017595 4.29246e-05 0.000255174  3.42139e-06 -5.45244e-07  8.31162e-07 -0.000923358  0.000141532   0.00126779 -6.89499e-05  0.000352481       -9.809 
                8.28 -0.000353968   -0.0104705  -0.00373022  -0.00183732 -8.60133e-05   0.00293457 0 0 0 0 0 0  0.000243146 -3.92768e-05 -0.000334101 1.48622e-06 1.49882e-06 5.27093e-07 -0.000948617  0.000146287   0.00132869 -4.63458e-05   0.00034822       -9.809 
                 8.3 -0.00301385 -0.00765796 -0.00414765  -0.00187985 -7.89403e-05   0.00300695 0 0 0 0 0 0 -0.000176142  4.29066e-05  0.000255359  3.41664e-06 -5.45281e-07  8.29916e-07 -0.000922689  0.000141557   0.00126665 -6.95405e-05  0.000352458       -9.809 
                8.32 -0.000353933   -0.0104705  -0.00373026  -0.00183732 -8.60192e-05   0.00293458 0 0 0 0 0 0   0.00024291  -3.9299e-05 -0.000333892 1.48279e-06 1.49728e-06 5.26101e-07 -0.00094785 0.000146294  0.00132732 -4.70387e-05  0.000348215       -9.809 
                8.34 -0.00301384 -0.00765799 -0.00414764  -0.00187985 -7.89428e-05   0.00300696 0 0 0 0 0 0 -0.000176316  4.29338e-05  0.000255524  3.41187e-06 -5.45381e-07  8.28675e-07 -0.000922028  0.000141581   0.00126552 -7.01238e-05  0.000352435       -9.809 
                8.36 -0.000353928   -0.0104706  -0.00373025 -0.00183733 -8.6021e-05  0.00293459 0 0 0 0 0 0  0.000242721 -3.92613e-05 -0.000333728 1.47938e-06 1.49577e-06 5.25078e-07 -0.000947089    0.0001463   0.00132596 -4.77258e-05  0.000348211       -9.809 
                8.38 -0.00301387 -0.00765798 -0.00414761  -0.00187985 -7.89372e-05   0.00300696 0 0 0 0 0 0 -0.000176501   4.3023e-05   0.00025564  3.40712e-06 -5.45474e-07  8.27422e-07 -0.000921371  0.000141602    0.0012644 -7.07035e-05  0.000352415       -9.809 
                 8.4 -0.000353921   -0.0104706   -0.0037302  -0.00183733 -8.60141e-05   0.00293459 0 0 0 0 0 0  0.000242473 -3.91902e-05 -0.000333542 1.47597e-06 1.49425e-06 5.24029e-07 -0.000946335  0.000146303   0.00132461 -4.8407e-05 0.000348211      -9.809 
                8.42  -0.0030139 -0.00765792  -0.0041476  -0.00187986 -7.89311e-05   0.00300697 0 0 0 0 0 0 -0.00017673 4.30502e-05   0.0002558  3.40241e-06 -5.45644e-07  8.26186e-07 -0.000920719  0.000141625   0.00126329 -7.12779e-05  0.000352394       -9.809 
                8.44 -0.00035391  -0.0104706 -0.00373021  -0.00183735 -8.60099e-05    0.0029346 0 0 0 0 0 0  0.000242278 -3.91977e-05 -0.000333335 1.47259e-06  1.4927e-06 5.23018e-07 -0.000945587  0.000146308   0.00132328 -4.90817e-05  0.000348208       -9.809 
                8.46 -0.00301396 -0.00765791 -0.00414755  -0.00187987 -7.89288e-05   0.00300697 0 0 0 0 0 0 -0.000176808  4.30157e-05  0.000255953  3.39774e-06 -5.45744e-07   8.2493e-07 -0.000920076  0.000141649   0.00126219 -7.18444e-05  0.000352371       -9.809 
                8.48 -0.000353847   -0.0104706   -0.0037302  -0.00183735 -8.60098e-05   0.00293461 0 0 0 0 0 0  0.000242233 -3.92453e-05 -0.000333191 1.46919e-06 1.49125e-06    5.22e-07 -0.00094485 0.000146315  0.00132195 -4.97467e-05  0.000348203       -9.809 
                 8.5 -0.00301397 -0.00765794 -0.00414754  -0.00187987 -7.89285e-05   0.00300698 0 0 0 0 0 0 -0.000176864  4.29594e-05  0.000256048 3.39307e-06 -5.4576e-07 8.23703e-07 -0.000919438  0.000141674    0.0012611 -7.24055e-05  0.000352348       -9.809 
                8.52 -0.000353867   -0.0104706  -0.00373022 -0.00183735 -8.6006e-05  0.00293461 0 0 0 0 0 0  0.000242079 -3.92689e-05 -0.000333014 1.46588e-06  1.4898e-06 5.21009e-07 -0.000944116   0.00014632   0.00132064 -5.04086e-05  0.000348201       -9.809 
                8.54 -0.00301403 -0.00765789 -0.00414751  -0.00187987 -7.89237e-05   0.00300698 0 0 0 0 0 0 -0.000176985  4.29594e-05  0.000256223  3.38845e-06 -5.45872e-07  8.22463e-07 -0.000918805  0.000141695   0.00126001 -7.29624e-05  0.000352328       -9.809 
                8.56 -0.000353811   -0.0104707  -0.00373021  -0.00183736 -8.60056e-05   0.00293462 0 0 0 0 0 0  0.000241965 -3.93049e-05  -0.00033287  1.4625e-06 1.48834e-06 5.19989e-07 -0.000943389  0.000146326   0.00131933 -5.10632e-05  0.000348197       -9.809 
                8.58 -0.00301403 -0.00765791  -0.0041475  -0.00187988 -7.89243e-05   0.00300699 0 0 0 0 0 0  -0.0001771 4.29253e-05 0.000256285  3.38378e-06 -5.45926e-07  8.21238e-07 -0.000918176  0.000141719   0.00125894 -7.35151e-05  0.000352306       -9.809 
                 8.6 -0.000353817   -0.0104707  -0.00373023 -0.00183736 -8.6006e-05  0.00293463 0 0 0 0 0 0  0.000241799 -3.93081e-05 -0.000332784 1.45917e-06 1.48684e-06 5.18999e-07 -0.000942666  0.000146331   0.00131803 -5.17139e-05  0.000348194       -9.809 
                8.62 -0.00301401 -0.00765794 -0.00414751  -0.00187988 -7.89248e-05   0.00300699 0 0 0 0 0 0 -0.000177285   4.2934e-05  0.000256393   3.3791e-06 -5.45992e-07  8.20032e-07 -0.00091755 0.000141742  0.00125787 -7.40642e-05  0.000352284       -9.809 
                8.64 -0.000353785   -0.0104707  -0.00373021  -0.00183737 -8.60083e-05   0.00293463 0 0 0 0 0 0  0.000241558 -3.93008e-05 -0.000332564 1.45579e-06 1.48534e-06 5.17984e-07 -0.000941949  0.000146338   0.00131675 -5.23591e-05  0.000348189       -9.809 
                8.66 -0.00301405 -0.00765786  -0.0041475  -0.00187989 -7.89244e-05   0.00300699 0 0 0 0 0 0 -0.000177472  4.29491e-05  0.000256552  3.37445e-06 -5.46177e-07  8.18812e-07 -0.000916933  0.000141765   0.00125681 -7.46058e-05  0.000352263       -9.809 
                8.68 -0.000353794   -0.0104707  -0.00373021  -0.00183737 -8.60066e-05   0.00293464 0 0 0 0 0 0  0.000241368 -3.92908e-05 -0.000332435 1.45246e-06 1.48383e-06 5.16983e-07 -0.00094124 0.000146344  0.00131547 -5.2997e-05 0.000348186      -9.809 
                 8.7 -0.00301404 -0.00765787 -0.00414751  -0.00187989 -7.89246e-05     0.003007 0 0 0 0 0 0 -0.000177627  4.29389e-05  0.000256624  3.36979e-06 -5.46269e-07  8.17616e-07 -0.000916319  0.000141789   0.00125575 -7.51441e-05  0.000352241       -9.809 
                8.72 -0.000353738   -0.0104707  -0.00373021  -0.00183738 -8.60105e-05   0.00293464 0 0 0 0 0 0  0.000241243 -3.93373e-05 -0.000332329 1.44909e-06 1.48235e-06  5.1599e-07 -0.000940537  0.000146352    0.0013142 -5.36291e-05  0.000348181       -9.809 
                8.74 -0.00301402 -0.00765791 -0.00414751   -0.0018799 -7.89287e-05     0.003007 0 0 0 0 0 0 -0.000177713  4.28798e-05  0.000256773 3.36514e-06 -5.4632e-07 8.16409e-07 -0.00091571 0.000141814   0.0012547 -7.56767e-05  0.000352218       -9.809 
                8.76 -0.000353728   -0.0104707  -0.00373026  -0.00183739 -8.60111e-05   0.00293465 0 0 0 0 0 0  0.000241077 -3.93794e-05 -0.000332109 1.44577e-06 1.48091e-06 5.15026e-07 -0.000939837  0.000146357   0.00131294 -5.42575e-05  0.000348178       -9.809 
                8.78 -0.00301401 -0.00765785 -0.00414751  -0.00187991 -7.89305e-05   0.00300701 0 0 0 0 0 0 -0.000177854  4.28165e-05  0.000256946  3.36054e-06 -5.46444e-07  8.15208e-07 -0.000915106  0.000141837   0.00125366 -7.62055e-05  0.000352196       -9.809 
                 8.8 -0.000353727   -0.0104707  -0.00373024   -0.0018374 -8.60137e-05   0.00293466 0 0 0 0 0 0  0.000240943 -3.94376e-05 -0.000331944  1.4425e-06 1.47945e-06 5.14018e-07 -0.000939144  0.000146363   0.00131169 -5.48797e-05  0.000348174       -9.809 
                8.82 -0.00301402 -0.00765783 -0.00414751  -0.00187991 -7.89303e-05   0.00300701 0 0 0 0 0 0 -0.000177915  4.27929e-05  0.000257043  3.35597e-06 -5.46514e-07  8.14014e-07 -0.000914508  0.000141857   0.00125263 -7.67289e-05  0.000352177       -9.809 
                8.84 -0.000353694   -0.0104707  -0.00373025  -0.0018374 -8.6016e-05  0.00293466 0 0 0 0 0 0  0.000240853 -3.94623e-05 -0.000331777  1.4392e-06 1.47805e-06 5.13031e-07 -0.000938457  0.000146368   0.00131045 -5.54956e-05  0.000348171       -9.809 
                8.86   -0.003014 -0.00765786 -0.00414752  -0.00187991 -7.89318e-05   0.00300702 0 0 0 0 0 0 -0.000178047  4.27763e-05  0.000257223  3.35137e-06 -5.46545e-07  8.12822e-07 -0.000913913  0.000141878   0.00125161 -7.72483e-05  0.000352157       -9.809 
                8.88 -0.000353668   -0.0104708  -0.00373025  -0.00183741 -8.60153e-05   0.00293467 0 0 0 0 0 0  0.000240632 -3.94493e-05  -0.00033157  1.4359e-06 1.47659e-06 5.12044e-07 -0.000937775  0.000146371   0.00130922 -5.61076e-05   0.00034817       -9.809 
                 8.9 -0.00301399 -0.00765786 -0.00414751  -0.00187992 -7.89344e-05   0.00300702 0 0 0 0 0 0 -0.000178246   4.2779e-05  0.000257386  3.34679e-06 -5.46683e-07  8.11625e-07 -0.000913323    0.0001419   0.00125059 -7.77631e-05  0.000352137       -9.809 
                8.92 -0.000353641   -0.0104708  -0.00373028  -0.00183742 -8.60174e-05   0.00293468 0 0 0 0 0 0  0.000240459 -3.94292e-05  -0.00033141 1.43259e-06  1.4751e-06 5.11075e-07  -0.0009371 0.000146376    0.001308 -5.67122e-05  0.000348168       -9.809 
                8.94 -0.00301397 -0.00765789  -0.0041475  -0.00187992 -7.89324e-05   0.00300703 0 0 0 0 0 0 -0.00017835 4.28399e-05 0.000257504  3.34218e-06 -5.46764e-07  8.10427e-07 -0.00091274 0.000141919  0.00124958 -7.82714e-05  0.000352119       -9.809 
                8.96 -0.000353626   -0.0104708  -0.00373026  -0.00183742 -8.60149e-05   0.00293468 0 0 0 0 0 0  0.000240312 -3.93796e-05 -0.000331263 1.42928e-06 1.47368e-06  5.1008e-07 -0.000936431   0.00014638   0.00130679 -5.73114e-05  0.000348166       -9.809 
                8.98 -0.00301396 -0.00765792 -0.00414755  -0.00187992 -7.89355e-05   0.00300704 0 0 0 0 0 0 -0.00017851 4.28237e-05 0.000257674   3.3376e-06 -5.46849e-07  8.09277e-07 -0.000912162  0.000141942   0.00124858 -7.87756e-05  0.000352098       -9.809 
                   9 -0.000353618   -0.0104708  -0.00373024  -0.00183742 -8.60164e-05   0.00293469 0 0 0 0 0 0  0.000240129 -3.93795e-05 -0.000331014 1.42599e-06 1.47219e-06 5.09085e-07 -0.000935768  0.000146386   0.00130559 -5.79052e-05  0.000348162       -9.809 
                9.02 -0.00301394 -0.00765795 -0.00414754  -0.00187993 -7.89353e-05   0.00300704 0 0 0 0 0 0 -0.000178626  4.28124e-05  0.000257901  3.33301e-06 -5.46955e-07  8.08083e-07 -0.000911588  0.000141963   0.00124759 -7.92757e-05  0.000352078       -9.809 
                9.04 -0.000353593   -0.0104709  -0.00373023  -0.00183743 -8.60156e-05    0.0029347 0 0 0 0 0 0  0.000240039 -3.93983e-05 -0.000330822 1.42271e-06 1.47077e-06 5.08094e-07 -0.000935109  0.000146391    0.0013044 -5.84942e-05   0.00034816       -9.809 
                9.06 -0.00301394 -0.00765801 -0.00414754  -0.00187993 -7.89358e-05   0.00300705 0 0 0 0 0 0 -0.000178675  4.27684e-05  0.000257976  3.32848e-06 -5.46969e-07  8.06901e-07 -0.000911017  0.000141985   0.00124661 -7.97719e-05  0.000352058       -9.809 
                9.08 -0.000353593   -0.0104709  -0.00373024  -0.00183743 -8.60141e-05   0.00293471 0 0 0 0 0 0  0.000239956 -3.94254e-05  -0.00033072 1.41947e-06 1.46938e-06 5.07124e-07 -0.000934456  0.000146395   0.00130322 -5.90786e-05  0.000348158       -9.809 
                 9.1 -0.00301393 -0.00765801 -0.00414754  -0.00187994 -7.89359e-05   0.00300706 0 0 0 0 0 0 -0.000178771  4.27441e-05  0.000258127 3.32398e-06 -5.4703e-07 8.05722e-07 -0.000910452  0.000142005   0.00124563 -8.02639e-05  0.000352039       -9.809 
                9.12 -0.000353572   -0.0104709  -0.00373021  -0.00183744 -8.60155e-05   0.00293472 0 0 0 0 0 0  0.000239809 -3.94464e-05 -0.000330504 1.41622e-06 1.46797e-06 5.06122e-07 -0.000933806    0.0001464   0.00130205 -5.9659e-05 0.000348155      -9.809 
                9.14 -0.00301395 -0.00765803 -0.00414754  -0.00187994 -7.89363e-05   0.00300706 0 0 0 0 0 0 -0.000178884  4.27319e-05  0.000258277  3.31948e-06 -5.47097e-07  8.04546e-07 -0.000909888  0.000142025   0.00124466 -8.07536e-05   0.00035202       -9.809 
                9.16 -0.000353565   -0.0104709   -0.0037302  -0.00183745 -8.60164e-05   0.00293473 0 0 0 0 0 0  0.000239683 -3.94673e-05 -0.000330403 1.41299e-06 1.46659e-06 5.05142e-07 -0.00093316 0.000146405  0.00130088 -6.0236e-05 0.000348153      -9.809 
                9.18 -0.00301391 -0.00765803 -0.00414751  -0.00187995 -7.89376e-05   0.00300707 0 0 0 0 0 0 -0.000178987   4.2722e-05  0.000258315  3.31497e-06 -5.47155e-07  8.03357e-07 -0.000909329  0.000142045    0.0012437 -8.12387e-05  0.000352002       -9.809 
                 9.2 -0.000353505   -0.0104709  -0.00373023  -0.00183745 -8.60233e-05   0.00293473 0 0 0 0 0 0  0.000239532  -3.9485e-05 -0.000330286  1.4097e-06 1.46514e-06 5.04194e-07 -0.000932521  0.000146412   0.00129973 -6.08062e-05  0.000348148       -9.809 
                9.22 -0.00301388 -0.00765804 -0.00414751  -0.00187995 -7.89387e-05   0.00300707 0 0 0 0 0 0 -0.00017917  4.2767e-05 0.000258478  3.31042e-06 -5.47259e-07  8.02184e-07 -0.000908775  0.000142065   0.00124275 -8.17189e-05  0.000351983       -9.809 
                9.24 -0.000353514   -0.0104709  -0.00373022  -0.00183746 -8.60213e-05   0.00293473 0 0 0 0 0 0   0.00023932 -3.94213e-05 -0.000330073 1.40645e-06  1.4637e-06 5.03216e-07 -0.000931887  0.000146415   0.00129858 -6.13716e-05  0.000348147       -9.809 
                9.26 -0.00301385 -0.00765808 -0.00414751  -0.00187995 -7.89347e-05   0.00300708 0 0 0 0 0 0 -0.000179325  4.28176e-05    0.0002586  3.30589e-06 -5.47363e-07  8.01014e-07 -0.000908226  0.000142083    0.0012418 -8.21947e-05  0.000351966       -9.809 
                9.28 -0.000353513    -0.010471  -0.00373022  -0.00183746 -8.60203e-05   0.00293474 0 0 0 0 0 0  0.000239165 -3.94105e-05 -0.000329975 1.40321e-06 1.46227e-06 5.02243e-07 -0.000931257   0.00014642   0.00129744 -6.19325e-05  0.000348144       -9.809 
                 9.3 -0.00301387 -0.00765812 -0.00414748  -0.00187996 -7.89364e-05   0.00300708 0 0 0 0 0 0 -0.000179413  4.28012e-05  0.000258694  3.30141e-06 -5.47426e-07  7.99835e-07 -0.000907682  0.000142105   0.00124086 -8.26662e-05  0.000351946       -9.809 
                9.32 -0.000353506    -0.010471  -0.00373021  -0.00183747 -8.60177e-05   0.00293475 0 0 0 0 0 0  0.000239083 -3.94103e-05 -0.000329823 1.39998e-06 1.46087e-06 5.01273e-07 -0.000930634  0.000146425   0.00129631 -6.24876e-05  0.000348142       -9.809 
                9.34 -0.00301387 -0.00765816 -0.00414747  -0.00187996 -7.89344e-05   0.00300709 0 0 0 0 0 0 -0.000179501  4.27773e-05  0.000258882  3.29695e-06 -5.47472e-07  7.98666e-07 -0.000907141  0.000142124   0.00123992 -8.31336e-05  0.000351928       -9.809 
                9.36 -0.000353523    -0.010471  -0.00373021  -0.00183747 -8.60169e-05   0.00293476 0 0 0 0 0 0  0.000238953 -3.94542e-05 -0.000329619 1.39679e-06 1.45947e-06 5.00306e-07 -0.000930015   0.00014643   0.00129518 -6.30387e-05  0.000348139       -9.809 
                9.38 -0.00301382 -0.00765819 -0.00414746 -0.00187996 -7.8938e-05   0.0030071 0 0 0 0 0 0 -0.000179585  4.26947e-05  0.000258993  3.29249e-06 -5.47533e-07  7.97496e-07 -0.000906604  0.000142146   0.00123899 -8.35977e-05  0.000351908       -9.809 
                 9.4 -0.000353501    -0.010471  -0.00373021  -0.00183748 -8.60198e-05   0.00293477 0 0 0 0 0 0  0.000238874 -3.95016e-05   -0.0003295  1.3936e-06  1.4581e-06 4.99345e-07  -0.0009294 0.000146436  0.00129407 -6.35858e-05  0.000348135       -9.809 
                9.42 -0.00301379  -0.0076582 -0.00414745  -0.00187997 -7.89359e-05    0.0030071 0 0 0 0 0 0 -0.000179665   4.2693e-05  0.000259074  3.28804e-06 -5.47578e-07   7.9633e-07 -0.000906071  0.000142164   0.00123807 -8.40584e-05  0.000351891       -9.809 
                9.44 -0.000353491    -0.010471   -0.0037302  -0.00183748 -8.60171e-05   0.00293478 0 0 0 0 0 0  0.000238714 -3.94901e-05 -0.000329357 1.39041e-06 1.45672e-06 4.98377e-07 -0.00092879 0.000146439  0.00129296 -6.41281e-05  0.000348134       -9.809 
                9.46  -0.0030138  -0.0076582 -0.00414742  -0.00187997 -7.89339e-05   0.00300711 0 0 0 0 0 0 -0.000179856  4.27158e-05  0.000259234  3.28362e-06 -5.47697e-07  7.95161e-07 -0.000905542  0.000142182   0.00123716 -8.45149e-05  0.000351874       -9.809 
                9.48 -0.000353492    -0.010471  -0.00373017  -0.00183748 -8.60154e-05   0.00293478 0 0 0 0 0 0  0.000238504 -3.94577e-05 -0.000329184 1.38722e-06 1.45526e-06   4.974e-07 -0.000928185  0.000146443   0.00129187 -6.4666e-05 0.000348133      -9.809 
                 9.5 -0.00301378 -0.00765823 -0.00414742  -0.00187998 -7.89319e-05   0.00300712 0 0 0 0 0 0 -0.000180022   4.2758e-05  0.000259369  3.27917e-06 -5.47812e-07  7.94004e-07 -0.000905016    0.0001422   0.00123625 -8.49682e-05  0.000351857       -9.809 
                9.52 -0.000353465    -0.010471  -0.00373016  -0.00183749 -8.60111e-05   0.00293479 0 0 0 0 0 0  0.000238372 -3.94263e-05 -0.000329087 1.38399e-06 1.45388e-06 4.96441e-07 -0.000927584  0.000146446   0.00129077 -6.51997e-05  0.000348131       -9.809 
                9.54 -0.00301378 -0.00765821 -0.00414741 -0.00187998  -7.893e-05  0.00300712 0 0 0 0 0 0 -0.000180105  4.27169e-05  0.000259425  3.27476e-06 -5.47914e-07  7.92853e-07 -0.000904495  0.000142219   0.00123535 -8.54173e-05   0.00035184       -9.809 
                9.56 -0.000353478    -0.010471  -0.00373015   -0.0018375 -8.60127e-05    0.0029348 0 0 0 0 0 0  0.000238252 -3.95035e-05 -0.000328943 1.38085e-06 1.45251e-06 4.95477e-07 -0.000926988  0.000146452   0.00128969 -6.57288e-05  0.000348128       -9.809 
                9.58 -0.00301377  -0.0076582 -0.00414741  -0.00187999 -7.89332e-05   0.00300713 0 0 0 0 0 0 -0.000180221  4.26431e-05  0.000259583  3.27038e-06 -5.48008e-07  7.91708e-07 -0.000903978  0.000142239   0.00123445 -8.58623e-05  0.000351821       -9.809 
                 9.6 -0.000353461   -0.0104711  -0.00373015   -0.0018375 -8.60151e-05   0.00293481 0 0 0 0 0 0 0.000238117 -3.9536e-05 -0.00032874 1.37769e-06 1.45113e-06 4.94527e-07 -0.000926396  0.000146458   0.00128862 -6.62534e-05  0.000348125       -9.809 
                9.62 -0.00301369 -0.00765823 -0.00414738  -0.00187999 -7.89345e-05   0.00300713 0 0 0 0 0 0 -0.00018034 4.26377e-05 0.000259687  3.26594e-06 -5.48086e-07  7.90542e-07 -0.000903464  0.000142258   0.00123356 -8.63041e-05  0.000351804       -9.809 
                9.64 -0.00035342  -0.0104711 -0.00373017  -0.00183751 -8.60164e-05   0.00293481 0 0 0 0 0 0  0.000237977 -3.95324e-05 -0.000328688 1.37449e-06 1.44977e-06 4.93593e-07 -0.000925808  0.000146462   0.00128755 -6.67743e-05  0.000348123       -9.809 
                9.66 -0.00301369 -0.00765825 -0.00414738     -0.00188 -7.89355e-05   0.00300714 0 0 0 0 0 0 -0.000180466  4.26461e-05   0.00025974  3.26156e-06 -5.48173e-07  7.89404e-07 -0.000902955  0.000142276   0.00123268 -8.67418e-05  0.000351787       -9.809 
                9.68 -0.000353393   -0.0104711  -0.00373017  -0.00183752 -8.60162e-05   0.00293482 0 0 0 0 0 0  0.000237802 -3.95218e-05 -0.000328533 1.37131e-06 1.44836e-06 4.92647e-07 -0.000925225  0.000146466   0.00128649 -6.72906e-05  0.000348121       -9.809 
                 9.7 -0.00301368 -0.00765828 -0.00414736  -0.00188001 -7.89348e-05   0.00300714 0 0 0 0 0 0 -0.000180611  4.26429e-05  0.000259916  3.25718e-06 -5.48278e-07  7.88251e-07 -0.000902448  0.000142294    0.0012318 -8.71772e-05   0.00035177       -9.809 
                9.72 -0.000353436   -0.0104711  -0.00373015  -0.00183752 -8.60146e-05   0.00293482 0 0 0 0 0 0  0.000237729 -3.95412e-05 -0.000328397  1.3682e-06   1.447e-06 4.91686e-07 -0.000924648   0.00014647   0.00128544 -6.78018e-05  0.000348119       -9.809 
                9.74  -0.0030137 -0.00765829 -0.00414734  -0.00188001 -7.89325e-05   0.00300715 0 0 0 0 0 0 -0.000180651  4.26223e-05  0.000259961  3.25286e-06 -5.48331e-07  7.87102e-07 -0.000901946  0.000142311   0.00123093 -8.76074e-05  0.000351754       -9.809 
                9.76 -0.000353431   -0.0104711  -0.00373013  -0.00183753 -8.60122e-05   0.00293483 0 0 0 0 0 0   0.00023764 -3.95335e-05 -0.000328348 1.36507e-06 1.44567e-06 4.90727e-07 -0.000924074  0.000146473   0.00128439 -6.83097e-05  0.000348118       -9.809 
                9.78 -0.00301372  -0.0076583 -0.00414733 -0.00188001 -7.8931e-05  0.00300715 0 0 0 0 0 0 -0.000180749  4.26469e-05  0.000260038  3.24854e-06 -5.48414e-07  7.85965e-07 -0.000901448  0.000142328   0.00123007 -8.80338e-05  0.000351738       -9.809 
                 9.8 -0.000353401   -0.0104711  -0.00373014  -0.00183753 -8.60095e-05   0.00293483 0 0 0 0 0 0  0.000237477 -3.94811e-05 -0.000328154  1.3619e-06 1.44429e-06 4.89792e-07 -0.000923505  0.000146476   0.00128335 -6.88125e-05  0.000348117       -9.809 
                9.82 -0.00301364 -0.00765826 -0.00414735  -0.00188002 -7.89342e-05   0.00300715 0 0 0 0 0 0 -0.000180893  4.26312e-05  0.000260204  3.24412e-06 -5.48575e-07  7.84849e-07 -0.000900955  0.000142348   0.00122921 -8.84562e-05   0.00035172       -9.809 
                9.84 -0.000353419   -0.0104711  -0.00373014  -0.00183754 -8.60128e-05   0.00293484 0 0 0 0 0 0  0.000237357 -3.95151e-05 -0.000328024 1.35877e-06 1.44288e-06  4.8885e-07 -0.00092294 0.000146482  0.00128232 -6.93112e-05  0.000348113       -9.809 
                9.86 -0.00301366 -0.00765833 -0.00414733 -0.00188002  -7.893e-05  0.00300716 0 0 0 0 0 0 -0.000180949  4.26477e-05  0.000260291   3.2398e-06 -5.48624e-07  7.83706e-07 -0.000900464  0.000142364   0.00122835 -8.88766e-05  0.000351705       -9.809 
                9.88 -0.000353379   -0.0104712  -0.00373013  -0.00183754 -8.60114e-05   0.00293484 0 0 0 0 0 0  0.000237311  -3.9533e-05 -0.000327868 1.35562e-06 1.44158e-06 4.87906e-07 -0.00092238 0.000146487   0.0012813 -6.98061e-05  0.000348111       -9.809 
                 9.9 -0.00301365 -0.00765835 -0.00414732  -0.00188002 -7.89341e-05   0.00300716 0 0 0 0 0 0 -0.000181036   4.2593e-05  0.000260486  3.23549e-06 -5.48678e-07  7.82577e-07 -0.000899976  0.000142383    0.0012275 -8.92933e-05  0.000351687       -9.809 
                9.92 -0.000353377   -0.0104712   -0.0037301  -0.00183754 -8.60142e-05   0.00293485 0 0 0 0 0 0  0.000237147 -3.95597e-05 -0.000327663 1.35251e-06 1.44022e-06 4.86953e-07 -0.000921822  0.000146492   0.00128028 -7.02981e-05  0.000348108       -9.809 
                9.94 -0.00301366 -0.00765836 -0.00414733  -0.00188003 -7.89338e-05   0.00300717 0 0 0 0 0 0 -0.000181201  4.26076e-05  0.000260645  3.23119e-06 -5.48808e-07  7.81457e-07 -0.000899492  0.000142401   0.00122666 -8.97071e-05  0.000351671       -9.809 
                9.96 -0.000353348   -0.0104712   -0.0037301  -0.00183755 -8.60132e-05   0.00293486 0 0 0 0 0 0  0.000236972 -3.95179e-05 -0.000327504 1.34936e-06 1.43886e-06 4.86015e-07 -0.000921268  0.000146496   0.00127927 -7.07868e-05  0.000348106       -9.809 
                9.98 -0.00301361 -0.00765841 -0.00414731  -0.00188003 -7.89328e-05   0.00300718 0 0 0 0 0 0 -0.000181296  4.26321e-05  0.000260747  3.22683e-06 -5.48886e-07  7.80329e-07 -0.00089901 0.000142418  0.00122582 -9.01178e-05  0.000351655       -9.809 
                  10 -0.000353334   -0.0104713  -0.00373009  -0.00183756 -8.60126e-05   0.00293487 0 0 0 0 0 0  0.000236887 -3.95293e-05 -0.000327369 1.34623e-06 1.43753e-06 4.85078e-07 -0.000920718  0.000146501   0.00127827 -7.12712e-05  0.000348104       -9.809 
               10.02 -0.00301359 -0.00765842  -0.0041473  -0.00188004 -7.89345e-05   0.00300719 0 0 0 0 0 0 -0.00018137 4.25698e-05 0.000260879  3.22254e-06 -5.48955e-07  7.79203e-07 -0.000898533  0.000142436   0.00122499 -9.05245e-05  0.000351638       -9.809 
               10.04 -0.000353316   -0.0104713  -0.00373008  -0.00183756 -8.60141e-05   0.00293488 0 0 0 0 0 0  0.000236758 -3.95867e-05 -0.000327208 1.34314e-06 1.43621e-06 4.84146e-07 -0.000920172  0.000146506   0.00127727 -7.17518e-05  0.000348101       -9.809 
               10.06 -0.00301355 -0.00765843 -0.00414727  -0.00188004 -7.89402e-05   0.00300719 0 0 0 0 0 0 -0.000181458  4.25067e-05  0.000261025  3.21826e-06 -5.49054e-07  7.78067e-07 -0.00089806 0.000142455  0.00122417 -9.09277e-05   0.00035162       -9.809 
               10.08 -0.000353272   -0.0104713   -0.0037301  -0.00183757 -8.60221e-05   0.00293488 0 0 0 0 0 0  0.000236674 -3.96285e-05 -0.000327067 1.34003e-06 1.43486e-06 4.83229e-07 -0.000919633  0.000146513   0.00127629 -7.2227e-05 0.000348097      -9.809 
                10.1 -0.00301354 -0.00765845 -0.00414727 -0.00188004 -7.8939e-05   0.0030072 0 0 0 0 0 0 -0.00018157 4.25685e-05 0.000261093 3.21398e-06 -5.4914e-07 7.76958e-07 -0.000897588  0.000142471   0.00122336 -9.13293e-05  0.000351606       -9.809 
               10.12 -0.000353249   -0.0104713   -0.0037301  -0.00183757 -8.60216e-05   0.00293489 0 0 0 0 0 0  0.000236535 -3.95904e-05 -0.000326989  1.3369e-06 1.43353e-06 4.82304e-07 -0.000919095  0.000146516    0.0012753 -7.27001e-05  0.000348096       -9.809 
               10.14 -0.00301353 -0.00765846 -0.00414728  -0.00188005 -7.89421e-05    0.0030072 0 0 0 0 0 0  -0.0001817 4.25459e-05 0.000261196   3.2097e-06 -5.49247e-07  7.75857e-07 -0.000897121  0.000142489   0.00122254 -9.17265e-05   0.00035159       -9.809 
               10.16 -0.000353263   -0.0104714  -0.00373006  -0.00183758 -8.60183e-05    0.0029349 0 0 0 0 0 0  0.000236396 -3.95709e-05 -0.000326809 1.33383e-06 1.43222e-06 4.81353e-07 -0.00091856 0.000146519  0.00127433 -7.31698e-05  0.000348095       -9.809 
               10.18  -0.0030135 -0.00765848 -0.00414727  -0.00188005 -7.89407e-05   0.00300721 0 0 0 0 0 0 -0.000181759  4.25358e-05  0.000261321  3.20544e-06 -5.49334e-07  7.74741e-07 -0.000896656  0.000142505   0.00122174 -9.21211e-05  0.000351575       -9.809 
                10.2 -0.00035325  -0.0104714 -0.00373009  -0.00183758 -8.60171e-05   0.00293491 0 0 0 0 0 0  0.000236336 -3.95723e-05   -0.0003267 1.33076e-06 1.43096e-06 4.80452e-07 -0.00091803 0.000146522  0.00127336 -7.36356e-05  0.000348094       -9.809 
               10.22 -0.00301347 -0.00765853 -0.00414728  -0.00188005 -7.89388e-05   0.00300721 0 0 0 0 0 0 -0.000181802   4.2544e-05  0.000261349  3.20118e-06 -5.49365e-07  7.73643e-07 -0.000896196   0.00014252   0.00122094 -9.25119e-05   0.00035156       -9.809 
               10.24 -0.000353283   -0.0104714  -0.00373008  -0.00183758 -8.60213e-05   0.00293491 0 0 0 0 0 0  0.000236244 -3.96001e-05 -0.000326654 1.32771e-06  1.4296e-06 4.79529e-07 -0.000917505  0.000146528    0.0012724 -7.40963e-05   0.00034809       -9.809 
               10.26 -0.00301348 -0.00765852 -0.00414728  -0.00188006 -7.89427e-05   0.00300721 0 0 0 0 0 0 -0.000181975  4.25448e-05  0.000261465  3.19695e-06 -5.49491e-07  7.72541e-07 -0.000895737  0.000142538   0.00122014 -9.29012e-05  0.000351544       -9.809 
               10.28 -0.00035328  -0.0104714 -0.00373008  -0.00183759 -8.60225e-05   0.00293491 0 0 0 0 0 0  0.000236054 -3.95847e-05 -0.000326516 1.32462e-06 1.42821e-06  4.7861e-07 -0.000916982  0.000146533   0.00127145 -7.45552e-05  0.000348088       -9.809 
                10.3 -0.00301347 -0.00765849 -0.00414725 -0.00188006 -7.8942e-05  0.00300722 0 0 0 0 0 0 -0.000182097  4.25406e-05  0.000261522  3.19272e-06 -5.49655e-07  7.71423e-07 -0.000895281  0.000142554   0.00121935 -9.32869e-05  0.000351529       -9.809 
               10.32 -0.000353215   -0.0104714  -0.00373008  -0.00183759 -8.60194e-05   0.00293492 0 0 0 0 0 0  0.000235994 -3.95993e-05 -0.000326463 1.32153e-06 1.42692e-06 4.77692e-07 -0.000916463  0.000146536    0.0012705  -7.501e-05 0.000348087      -9.809 
               10.34 -0.00301348 -0.00765854 -0.00414726  -0.00188007 -7.89398e-05   0.00300722 0 0 0 0 0 0 -0.000182122  4.25118e-05  0.000261561  3.18855e-06 -5.49688e-07  7.70339e-07 -0.000894829   0.00014257   0.00121856 -9.36697e-05  0.000351514       -9.809 
               10.36 -0.00035328  -0.0104714 -0.00373009   -0.0018376 -8.60174e-05   0.00293492 0 0 0 0 0 0  0.000235925 -3.96013e-05 -0.000326345 1.31855e-06 1.42563e-06 4.76784e-07 -0.000915947  0.000146539   0.00126956 -7.54618e-05  0.000348086       -9.809 
               10.38 -0.00301344 -0.00765854 -0.00414727  -0.00188007 -7.89408e-05   0.00300722 0 0 0 0 0 0 -0.000182225  4.24972e-05  0.000261699  3.18433e-06 -5.49768e-07  7.69248e-07 -0.000894381  0.000142586   0.00121778 -9.40487e-05  0.000351499       -9.809 
                10.4 -0.00035327  -0.0104713 -0.00373009   -0.0018376 -8.60183e-05   0.00293493 0 0 0 0 0 0  0.000235758  -3.9605e-05 -0.000326208  1.3155e-06 1.42426e-06 4.75872e-07 -0.000915435  0.000146544   0.00126862 -7.59097e-05  0.000348084       -9.809 
               10.42 -0.00301339 -0.00765849 -0.00414727  -0.00188007 -7.89422e-05   0.00300723 0 0 0 0 0 0 -0.000182368  4.24953e-05  0.000261772  3.18011e-06 -5.49946e-07   7.6816e-07 -0.000893935  0.000142603   0.00121701 -9.44258e-05  0.000351484       -9.809 
               10.44 -0.000353247   -0.0104714  -0.00373008  -0.00183761 -8.60195e-05   0.00293493 0 0 0 0 0 0   0.00023563 -3.95969e-05 -0.000326134 1.31244e-06 1.42296e-06 4.74954e-07 -0.000914926  0.000146548   0.00126769 -7.63549e-05  0.000348082       -9.809 
               10.46 -0.00301336 -0.00765851 -0.00414728  -0.00188008 -7.89419e-05   0.00300723 0 0 0 0 0 0 -0.000182471  4.25113e-05  0.000261872  3.1759e-06 -5.5004e-07 7.67074e-07 -0.000893491  0.000142618   0.00121623 -9.48002e-05   0.00035147       -9.809 
               10.48 -0.000353256   -0.0104714  -0.00373007  -0.00183761 -8.60188e-05   0.00293493 0 0 0 0 0 0  0.000235493 -3.96161e-05 -0.000325966  1.3094e-06 1.42163e-06 4.74041e-07 -0.00091442 0.000146552  0.00126676 -7.67974e-05   0.00034808       -9.809 
                10.5 -0.00301338  -0.0076585 -0.00414724  -0.00188009 -7.89429e-05   0.00300723 0 0 0 0 0 0 -0.000182602  4.24498e-05  0.000262019  3.17176e-06 -5.50152e-07  7.65963e-07 -0.000893049  0.000142634   0.00121547 -9.51726e-05  0.000351455       -9.809 
               10.52 -0.000353254   -0.0104714   -0.0037301  -0.00183762 -8.60209e-05   0.00293494 0 0 0 0 0 0  0.000235384  -3.9671e-05 -0.000325808 1.30641e-06 1.42035e-06 4.73161e-07 -0.000913919  0.000146557   0.00126584 -7.72353e-05  0.000348077       -9.809 
               10.54 -0.00301335  -0.0076585 -0.00414721  -0.00188009 -7.89474e-05   0.00300724 0 0 0 0 0 0 -0.000182676  4.24103e-05  0.000262127  3.16761e-06 -5.50263e-07   7.6486e-07 -0.000892613  0.000142651    0.0012147 -9.55399e-05  0.000351439       -9.809 
               10.56 -0.000353261   -0.0104714  -0.00373004  -0.00183763 -8.60249e-05   0.00293495 0 0 0 0 0 0  0.000235289 -3.96613e-05 -0.000325708 1.30339e-06 1.41903e-06 4.72212e-07 -0.000913421  0.000146561   0.00126493 -7.76697e-05  0.000348075       -9.809 
               10.58 -0.00301333 -0.00765857 -0.00414719  -0.0018801 -7.8948e-05  0.00300724 0 0 0 0 0 0 -0.00018278 4.24445e-05 0.000262211  3.16343e-06 -5.50315e-07   7.6376e-07 -0.00089218 0.000142666  0.00121394 -9.59051e-05  0.000351425       -9.809 
                10.6 -0.00035333  -0.0104713 -0.00373003  -0.00183763 -8.60231e-05   0.00293495 0 0 0 0 0 0  0.000235167 -3.96432e-05 -0.000325573 1.30042e-06 1.41769e-06 4.71304e-07 -0.000912928  0.000146564   0.00126402 -7.81002e-05  0.000348074       -9.809 
               10.62 -0.00301331 -0.00765858 -0.00414718   -0.0018801 -7.89467e-05   0.00300725 0 0 0 0 0 0 -0.000182876  4.24231e-05  0.000262352  3.15928e-06 -5.50443e-07  7.62676e-07 -0.000891749  0.000142681   0.00121319 -9.6267e-05 0.000351412      -9.809 
               10.64 -0.000353276   -0.0104714  -0.00373008  -0.00183763 -8.60263e-05   0.00293496 0 0 0 0 0 0  0.000235081  -3.9705e-05 -0.000325409  1.2974e-06 1.41644e-06 4.70435e-07 -0.000912437  0.000146569   0.00126312 -7.85279e-05  0.000348072       -9.809 
               10.66 -0.00301328 -0.00765863 -0.00414715   -0.0018801 -7.89513e-05   0.00300725 0 0 0 0 0 0 -0.000182905  4.23727e-05   0.00026248  3.15515e-06 -5.50505e-07  7.61578e-07 -0.000891322  0.000142697   0.00121244 -9.66259e-05  0.000351397       -9.809 
               10.68 -0.000353196   -0.0104715  -0.00373009 -0.00183764  -8.603e-05  0.00293497 0 0 0 0 0 0  0.000235032 -3.97382e-05 -0.000325316 1.29435e-06 1.41524e-06 4.69542e-07 -0.000911949  0.000146573   0.00126222 -7.89532e-05   0.00034807       -9.809 
                10.7 -0.00301327 -0.00765866 -0.00414713  -0.00188011 -7.89525e-05   0.00300726 0 0 0 0 0 0 -0.000182988  4.23773e-05  0.000262547  3.15105e-06 -5.50558e-07  7.60494e-07 -0.000890896  0.000142711    0.0012117 -9.69837e-05  0.000351384       -9.809 
               10.72 -0.000353233   -0.0104715  -0.00373008  -0.00183764 -8.60294e-05   0.00293497 0 0 0 0 0 0  0.000234879 -3.96819e-05 -0.000325151 1.29138e-06 1.41392e-06 4.68641e-07 -0.000911464  0.000146575   0.00126133 -7.93753e-05   0.00034807       -9.809 
               10.74 -0.00301325 -0.00765866 -0.00414713  -0.00188011 -7.89525e-05   0.00300727 0 0 0 0 0 0 -0.000183116  4.24317e-05  0.000262719  3.1469e-06  -5.507e-07 7.59422e-07 -0.000890474  0.000142725   0.00121096 -9.73371e-05  0.000351371       -9.809 
               10.76 -0.000353195   -0.0104715  -0.00373007  -0.00183765 -8.60282e-05   0.00293498 0 0 0 0 0 0  0.000234775  -3.9641e-05 -0.000325009 1.28834e-06 1.41261e-06 4.67741e-07 -0.000910983  0.000146578   0.00126045 -7.97936e-05  0.000348069       -9.809 
               10.78 -0.00301323 -0.00765871 -0.00414712 -0.00188011 -7.8951e-05  0.00300727 0 0 0 0 0 0 -0.00018315 4.24215e-05 0.000262764  3.14278e-06 -5.50771e-07  7.58347e-07 -0.000890054   0.00014274   0.00121023 -9.76889e-05  0.000351357       -9.809 
                10.8 -0.000353197   -0.0104715   -0.0037301  -0.00183765 -8.60259e-05   0.00293499 0 0 0 0 0 0  0.000234751 -3.96649e-05 -0.000324978 1.28538e-06 1.41138e-06 4.66868e-07 -0.000910505  0.000146581   0.00125957 -8.02094e-05  0.000348068       -9.809 
               10.82 -0.00301324 -0.00765873 -0.00414713  -0.00188011 -7.89515e-05   0.00300728 0 0 0 0 0 0 -0.000183192  4.23988e-05  0.000262847  3.13872e-06 -5.50815e-07  7.57284e-07 -0.000889637  0.000142754    0.0012095 -9.80384e-05  0.000351344       -9.809 
               10.84 -0.000353176   -0.0104715   -0.0037301  -0.00183765 -8.60279e-05   0.00293499 0 0 0 0 0 0 0.000234619 -3.9665e-05  -0.0003248 1.28239e-06 1.41012e-06 4.65974e-07 -0.000910029  0.000146586    0.0012587 -8.06227e-05  0.000348066       -9.809 
               10.86 -0.00301326 -0.00765874  -0.0041471  -0.00188012 -7.89532e-05   0.00300728 0 0 0 0 0 0 -0.000183354   4.2421e-05  0.000263025 3.13464e-06 -5.5094e-07   7.562e-07 -0.000889221   0.00014277   0.00120878 -9.83859e-05   0.00035133       -9.809 
               10.88 -0.000353148   -0.0104716  -0.00373002  -0.00183766 -8.60275e-05     0.002935 0 0 0 0 0 0  0.000234468 -3.96364e-05 -0.000324682 1.27938e-06 1.40885e-06 4.65028e-07 -0.000909557  0.000146589   0.00125783 -8.1033e-05 0.000348064      -9.809 
                10.9  -0.0030132 -0.00765876 -0.00414708  -0.00188012 -7.89519e-05   0.00300729 0 0 0 0 0 0 -0.000183442  4.24417e-05  0.000263049  3.13052e-06 -5.51047e-07  7.55126e-07 -0.00088881 0.000142784  0.00120806 -9.87299e-05  0.000351317       -9.809 
               10.92 -0.000353164   -0.0104715  -0.00373004  -0.00183766 -8.60262e-05   0.00293501 0 0 0 0 0 0 0.000234385 -3.9619e-05  -0.0003246 1.27641e-06 1.40755e-06 4.64159e-07 -0.000909089  0.000146593   0.00125697 -8.14392e-05  0.000348063       -9.809 
               10.94 -0.00301318 -0.00765878 -0.00414709  -0.00188012 -7.89504e-05   0.00300729 0 0 0 0 0 0 -0.000183518  4.24337e-05  0.000263187  3.12643e-06 -5.51142e-07  7.54072e-07 -0.000888401  0.000142798   0.00120735 -9.90712e-05  0.000351303       -9.809 
               10.96 -0.000353175   -0.0104715  -0.00373007  -0.00183767 -8.60254e-05   0.00293501 0 0 0 0 0 0  0.000234283 -3.96454e-05 -0.000324408 1.27347e-06 1.40628e-06 4.63293e-07 -0.000908623  0.000146597   0.00125612 -8.18431e-05  0.000348061       -9.809 
               10.98  -0.0030132  -0.0076588 -0.00414709  -0.00188013 -7.89496e-05    0.0030073 0 0 0 0 0 0 -0.000183611  4.24013e-05  0.000263324  3.1224e-06 -5.5124e-07 7.53015e-07 -0.000887994  0.000142813   0.00120664 -9.94106e-05   0.00035129       -9.809 
                  11 -0.000353133   -0.0104715  -0.00373005  -0.00183767 -8.60253e-05   0.00293502 0 0 0 0 0 0  0.000234188 -3.96637e-05 -0.000324314  1.2705e-06 1.40501e-06 4.62396e-07 -0.00090816 0.000146601  0.00125527 -8.22439e-05  0.000348059       -9.809 
               11.02 -0.00301317 -0.00765883 -0.00414703  -0.00188013 -7.89499e-05    0.0030073 0 0 0 0 0 0 -0.000183697  4.24188e-05   0.00026338  3.11834e-06 -5.51328e-07  7.51918e-07 -0.000887589  0.000142828   0.00120593 -9.97476e-05  0.000351276       -9.809 
               11.04 -0.000353087   -0.0104716  -0.00373004  -0.00183767 -8.60269e-05   0.00293503 0 0 0 0 0 0  0.000234087 -3.96449e-05 -0.000324209  1.2675e-06 1.40377e-06 4.61504e-07 -0.000907701  0.000146606   0.00125443 -8.26415e-05  0.000348057       -9.809 
               11.06 -0.00301316 -0.00765885 -0.00414711  -0.00188013 -7.89508e-05   0.00300731 0 0 0 0 0 0 -0.000183805  4.24228e-05  0.000263515  3.11428e-06 -5.51435e-07  7.50921e-07 -0.000887188  0.000142843   0.00120523 -0.000100081  0.000351263       -9.809 
               11.08 -0.000353116   -0.0104716  -0.00373002 -0.00183768 -8.6026e-05  0.00293503 0 0 0 0 0 0  0.000233975 -3.96709e-05 -0.000324047 1.26456e-06  1.4025e-06 4.60612e-07 -0.000907244   0.00014661   0.00125359 -8.30364e-05  0.000348055       -9.809 
                11.1 -0.00301318 -0.00765884 -0.00414703  -0.00188014 -7.89505e-05   0.00300732 0 0 0 0 0 0 -0.00018387 4.23712e-05 0.000263625  3.11028e-06 -5.51566e-07  7.49816e-07 -0.00088679 0.000142857  0.00120454 -0.000100413  0.000351249       -9.809 
               11.12 -0.000353079   -0.0104717  -0.00373004  -0.00183768 -8.60238e-05   0.00293504 0 0 0 0 0 0  0.000233924 -3.96836e-05 -0.000323934 1.26163e-06 1.40131e-06 4.59744e-07 -0.000906791  0.000146613   0.00125275 -8.34285e-05  0.000348054       -9.809 
               11.14 -0.00301314 -0.00765891 -0.00414702  -0.00188014 -7.89511e-05   0.00300732 0 0 0 0 0 0 -0.000183909  4.23372e-05  0.000263656  3.10626e-06 -5.51593e-07   7.4876e-07 -0.000886392  0.000142871   0.00120385 -0.000100743  0.000351236       -9.809 
               11.16 -0.000353089   -0.0104717  -0.00373003  -0.00183768 -8.60275e-05   0.00293505 0 0 0 0 0 0  0.000233849 -3.97301e-05 -0.000323908 1.25872e-06 1.40009e-06 4.58866e-07 -0.00090634 0.000146618  0.00125193 -8.3818e-05 0.000348051      -9.809 
               11.18 -0.00301314  -0.0076589   -0.004147  -0.00188014 -7.89543e-05   0.00300733 0 0 0 0 0 0 -0.000184039  4.23222e-05  0.000263719  3.10226e-06 -5.51715e-07  7.47703e-07 -0.000885998  0.000142886   0.00120316 -0.00010107 0.000351223      -9.809 
                11.2 -0.000353199   -0.0104717  -0.00373001  -0.00183768 -8.60266e-05   0.00293505 0 0 0 0 0 0  0.000233705  -3.9694e-05 -0.000323804 1.25587e-06  1.3988e-06 4.57977e-07 -0.000905893   0.00014662   0.00125111 -8.4204e-05 0.000348051      -9.809 
               11.22 -0.00301313  -0.0076589 -0.00414701  -0.00188014 -7.89522e-05   0.00300733 0 0 0 0 0 0 -0.000184119  4.23603e-05  0.000263798  3.09824e-06 -5.51866e-07  7.46671e-07 -0.000885607  0.000142899   0.00120248 -0.000101394  0.000351211       -9.809 
               11.24 -0.000353154   -0.0104717  -0.00373003  -0.00183769 -8.60255e-05   0.00293505 0 0 0 0 0 0  0.000233667 -3.97075e-05 -0.000323757 1.25291e-06 1.39756e-06 4.57115e-07 -0.000905448  0.000146624   0.00125029 -8.45878e-05   0.00034805       -9.809 
               11.26 -0.00301316 -0.00765891   -0.004147  -0.00188015 -7.89511e-05   0.00300733 0 0 0 0 0 0 -0.000184125  4.23175e-05  0.000263792   3.0943e-06 -5.51935e-07  7.45618e-07 -0.000885218  0.000142912    0.0012018 -0.000101716  0.000351199       -9.809 
               11.28 -0.000353152   -0.0104717  -0.00373002  -0.00183769 -8.60247e-05   0.00293506 0 0 0 0 0 0  0.000233632 -3.97454e-05 -0.000323706 1.25003e-06 1.39638e-06 4.56239e-07 -0.000905006  0.000146627   0.00124947 -8.49691e-05  0.000348049       -9.809 
                11.3 -0.00301316 -0.00765892 -0.00414701  -0.00188015 -7.89514e-05   0.00300733 0 0 0 0 0 0 -0.000184211  4.22904e-05  0.000263905  3.09036e-06 -5.52003e-07  7.44593e-07 -0.000884831  0.000142925   0.00120112 -0.000102037  0.000351187       -9.809 
               11.32 -0.000353146   -0.0104717  -0.00373001  -0.00183769 -8.60252e-05   0.00293506 0 0 0 0 0 0  0.00023349 -3.9732e-05 -0.00032353 1.24713e-06 1.39514e-06 4.55363e-07 -0.000904565   0.00014663   0.00124866 -8.53486e-05  0.000348048       -9.809 
               11.34 -0.00301311 -0.00765895 -0.00414699  -0.00188015 -7.89533e-05   0.00300734 0 0 0 0 0 0 -0.000184343  4.23034e-05  0.000263996  3.08634e-06 -5.52119e-07  7.43543e-07 -0.000884445  0.000142939   0.00120045 -0.000102356  0.000351174       -9.809 
               11.36 -0.000353183   -0.0104717  -0.00373001  -0.00183769 -8.60258e-05   0.00293506 0 0 0 0 0 0  0.000233358 -3.97167e-05 -0.000323504 1.24425e-06 1.39388e-06 4.54494e-07 -0.000904127  0.000146633   0.00124786 -8.57259e-05  0.000348046       -9.809 
               11.38 -0.00301308 -0.00765894 -0.00414698  -0.00188015 -7.89545e-05   0.00300734 0 0 0 0 0 0 -0.000184423  4.22931e-05  0.000264003  3.08236e-06 -5.52241e-07  7.42499e-07 -0.000884062  0.000142952   0.00119978 -0.000102672  0.000351162       -9.809 
                11.4 -0.000353184   -0.0104717  -0.00373001  -0.0018377 -8.6026e-05  0.00293507 0 0 0 0 0 0    0.0002333 -3.97396e-05 -0.000323434 1.24136e-06 1.39265e-06 4.53628e-07 -0.000903692  0.000146637   0.00124706 -8.60994e-05  0.000348045       -9.809 
               11.42 -0.00301308 -0.00765896 -0.00414698  -0.00188016 -7.89553e-05   0.00300734 0 0 0 0 0 0 -0.000184508  4.22671e-05  0.000264154  3.07842e-06 -5.52316e-07  7.41467e-07 -0.000883681  0.000142965   0.00119912 -0.000102987   0.00035115       -9.809 
               11.44 -0.000353177   -0.0104717  -0.00373003   -0.0018377 -8.60281e-05   0.00293507 0 0 0 0 0 0  0.000233217 -3.97741e-05 -0.000323244 1.23848e-06 1.39146e-06 4.52779e-07 -0.000903261  0.000146641   0.00124626 -8.64698e-05  0.000348044       -9.809 
               11.46 -0.00301309 -0.00765901 -0.00414698  -0.00188016 -7.89551e-05   0.00300735 0 0 0 0 0 0 -0.000184585   4.2264e-05  0.000264247  3.07451e-06 -5.52396e-07  7.40444e-07 -0.000883303  0.000142978   0.00119845 -0.000103298  0.000351138       -9.809 
               11.48 -0.000353175   -0.0104717  -0.00373004   -0.0018377 -8.60288e-05   0.00293508 0 0 0 0 0 0  0.000233127 -3.97611e-05 -0.000323182  1.2356e-06 1.39024e-06 4.51924e-07 -0.000902833  0.000146644   0.00124547 -8.68381e-05  0.000348043       -9.809 
                11.5 -0.00301308 -0.00765903 -0.00414696  -0.00188016 -7.89563e-05   0.00300735 0 0 0 0 0 0 -0.000184689  4.22841e-05   0.00026432 3.07056e-06  -5.525e-07   7.394e-07 -0.000882928  0.000142991    0.0011978 -0.000103607  0.000351126       -9.809 
               11.52 -0.000353143   -0.0104718  -0.00373005  -0.00183771 -8.60294e-05   0.00293508 0 0 0 0 0 0   0.00023296 -3.97237e-05 -0.000323008 1.23269e-06 1.38903e-06 4.51073e-07 -0.000902406  0.000146647   0.00124469 -8.72046e-05  0.000348041       -9.809 
               11.54 -0.00301307 -0.00765901 -0.00414694  -0.00188016 -7.89586e-05   0.00300736 0 0 0 0 0 0 -0.000184826  4.22753e-05  0.000264489  3.06661e-06 -5.52663e-07  7.38366e-07 -0.000882555  0.000143005   0.00119714 -0.000103914  0.000351114       -9.809 
               11.56 -0.000353135   -0.0104718  -0.00373004   -0.0018377 -8.60286e-05   0.00293509 0 0 0 0 0 0  0.000232905 -3.97445e-05 -0.000322851 1.22981e-06  1.3878e-06 4.50207e-07 -0.000901985   0.00014665    0.0012439 -8.75659e-05   0.00034804       -9.809 
               11.58 -0.00301305 -0.00765904 -0.00414695  -0.00188016 -7.89564e-05   0.00300736 0 0 0 0 0 0 -0.000184824  4.22677e-05  0.000264609   3.0627e-06 -5.52758e-07  7.37349e-07 -0.000882186  0.000143017   0.00119649 -0.000104217  0.000351103       -9.809 
                11.6 -0.000353122   -0.0104718  -0.00372998  -0.00183771 -8.60264e-05    0.0029351 0 0 0 0 0 0  0.000232885   -3.974e-05 -0.000322767 1.22695e-06 1.38664e-06 4.49309e-07 -0.000901564  0.000146652   0.00124313 -8.79266e-05   0.00034804       -9.809 
               11.62 -0.00301304 -0.00765902 -0.00414694  -0.00188017 -7.89546e-05   0.00300737 0 0 0 0 0 0 -0.000184877  4.22746e-05  0.000264687   3.0588e-06 -5.52834e-07  7.36319e-07 -0.000881816  0.000143029   0.00119585 -0.000104521  0.000351092       -9.809 
               11.64 -0.000353082   -0.0104719  -0.00372998 -0.00183771 -8.6026e-05   0.0029351 0 0 0 0 0 0  0.000232749 -3.97386e-05 -0.000322635 1.22406e-06 1.38546e-06 4.48452e-07 -0.000901144  0.000146656   0.00124236 -8.82858e-05  0.000348039       -9.809 
               11.66 -0.00301302  -0.0076591 -0.00414692  -0.00188017 -7.89535e-05   0.00300737 0 0 0 0 0 0 -0.000185027   4.2294e-05   0.00026482  3.05489e-06 -5.52921e-07  7.35288e-07 -0.000881449  0.000143041   0.00119521 -0.000104821   0.00035108       -9.809 
               11.68 -0.000353018   -0.0104719  -0.00373002  -0.00183771 -8.60272e-05   0.00293511 0 0 0 0 0 0   0.00023261 -3.97345e-05 -0.000322466 1.22115e-06 1.38423e-06 4.47624e-07 -0.000900728   0.00014666   0.00124159 -8.86417e-05  0.000348037       -9.809 
                11.7 -0.00301303 -0.00765911 -0.00414691  -0.00188017 -7.89536e-05   0.00300738 0 0 0 0 0 0 -0.00018508 4.22823e-05 0.000264929  3.05099e-06 -5.53052e-07  7.34268e-07 -0.000881085  0.000143054   0.00119457 -0.00010512 0.000351068      -9.809 
               11.72 -0.000353017   -0.0104719  -0.00372996 -0.00183772 -8.6025e-05  0.00293512 0 0 0 0 0 0  0.000232597 -3.97393e-05 -0.000322386  1.2183e-06 1.38305e-06 4.46732e-07 -0.000900315  0.000146662   0.00124083 -8.89948e-05  0.000348036       -9.809 
               11.74 -0.00301299 -0.00765917 -0.00414688  -0.00188017 -7.89519e-05   0.00300739 0 0 0 0 0 0 -0.000185091  4.22566e-05  0.000264971   3.0471e-06 -5.53081e-07  7.33235e-07 -0.000880724  0.000143066   0.00119394 -0.000105416  0.000351057       -9.809 
               11.76 -0.000353082   -0.0104719  -0.00372999  -0.00183772 -8.60238e-05   0.00293512 0 0 0 0 0 0  0.000232542 -3.97657e-05  -0.00032231 1.21553e-06 1.38186e-06 4.45902e-07 -0.000899906  0.000146665   0.00124008 -8.93447e-05  0.000348036       -9.809 
               11.78 -0.00301298 -0.00765915  -0.0041469  -0.00188017 -7.89535e-05   0.00300739 0 0 0 0 0 0 -0.000185187  4.22482e-05  0.000265083  3.04324e-06 -5.53213e-07  7.32237e-07 -0.000880364  0.000143079   0.00119331 -0.00010571 0.000351045      -9.809 
                11.8 -0.000352985   -0.0104719  -0.00372998  -0.00183772 -8.60261e-05   0.00293513 0 0 0 0 0 0  0.000232391 -3.97463e-05 -0.000322183 1.21261e-06 1.38067e-06 4.45049e-07 -0.000899496  0.000146669   0.00123933 -8.96948e-05  0.000348034       -9.809 
               11.82 -0.00301299 -0.00765922  -0.0041469  -0.00188018 -7.89546e-05    0.0030074 0 0 0 0 0 0 -0.000185317    4.228e-05   0.00026515 3.03936e-06 -5.5329e-07 7.31227e-07 -0.000880004  0.000143092   0.00119269 -0.000106004  0.000351034       -9.809 
               11.84 -0.00035305  -0.0104719 -0.00372999  -0.00183773 -8.60248e-05   0.00293514 0 0 0 0 0 0  0.000232299 -3.97164e-05 -0.000322164  1.2098e-06 1.37946e-06 4.44207e-07 -0.00089909 0.000146673  0.00123858 -9.00413e-05  0.000348033       -9.809 
               11.86 -0.00301298 -0.00765923  -0.0041469  -0.00188018 -7.89517e-05    0.0030074 0 0 0 0 0 0 -0.000185396  4.22935e-05  0.000265169 3.03549e-06  -5.534e-07 7.30224e-07 -0.000879648  0.000143104   0.00119207 -0.000106295  0.000351023       -9.809 
               11.88 -0.000353043   -0.0104719  -0.00372998  -0.00183773 -8.60234e-05   0.00293514 0 0 0 0 0 0  0.000232197 -3.97307e-05 -0.000322037 1.20696e-06 1.37827e-06 4.43355e-07 -0.000898686  0.000146676   0.00123784 -9.03858e-05  0.000348031       -9.809 
                11.9 -0.00301297 -0.00765923  -0.0041469  -0.00188019 -7.89523e-05    0.0030074 0 0 0 0 0 0 -0.000185474  4.22475e-05  0.000265277  3.03165e-06 -5.53514e-07  7.29218e-07 -0.000879294  0.000143117   0.00119145 -0.000106583  0.000351011       -9.809 
               11.92 -0.00035304  -0.0104719 -0.00372998  -0.00183773 -8.60233e-05   0.00293514 0 0 0 0 0 0  0.000232112 -3.97564e-05 -0.000321984 1.20415e-06 1.37708e-06 4.42515e-07 -0.000898285   0.00014668    0.0012371 -9.07273e-05   0.00034803       -9.809 
               11.94 -0.00301297 -0.00765924  -0.0041469  -0.00188019 -7.89535e-05   0.00300741 0 0 0 0 0 0 -0.00018555 4.22363e-05 0.000265273  3.02782e-06 -5.53628e-07  7.28217e-07 -0.000878942   0.00014313   0.00119084 -0.000106869  0.000350999       -9.809 
               11.96 -0.000353037   -0.0104719  -0.00372999  -0.00183774 -8.60244e-05   0.00293515 0 0 0 0 0 0  0.000232014 -3.97488e-05  -0.00032197 1.20133e-06 1.37588e-06 4.41682e-07 -0.000897886  0.000146683   0.00123637 -9.10671e-05  0.000348028       -9.809 
               11.98 -0.00301299 -0.00765923 -0.00414688  -0.00188019 -7.89533e-05   0.00300741 0 0 0 0 0 0 -0.000185633  4.22648e-05  0.000265334  3.02399e-06 -5.53751e-07  7.27207e-07 -0.000878593  0.000143142   0.00119022 -0.000107154  0.000350988       -9.809 
                  12 -0.000353024   -0.0104719  -0.00372999  -0.00183774 -8.60258e-05   0.00293515 0 0 0 0 0 0  0.000231912 -3.97615e-05 -0.000321843 1.19849e-06  1.3747e-06  4.4084e-07 -0.000897491  0.000146688   0.00123563 -9.14033e-05  0.000348026       -9.809 
               12.02 -0.00301297 -0.00765921 -0.00414688  -0.0018802 -7.8955e-05  0.00300741 0 0 0 0 0 0 -0.000185712  4.22061e-05   0.00026543  3.02016e-06 -5.53906e-07  7.26206e-07 -0.000878246  0.000143155   0.00118962 -0.000107436  0.000350976       -9.809 
               12.04 -0.000353008   -0.0104719  -0.00372999  -0.00183774 -8.60282e-05   0.00293515 0 0 0 0 0 0  0.000231894 -3.98318e-05 -0.000321772  1.1957e-06 1.37351e-06 4.40004e-07 -0.000897098  0.000146692   0.00123491 -9.1737e-05 0.000348024      -9.809 
               12.06 -0.00301295 -0.00765924 -0.00414688   -0.0018802 -7.89587e-05   0.00300741 0 0 0 0 0 0 -0.000185696  4.21427e-05  0.000265462  3.01637e-06 -5.53971e-07  7.25212e-07 -0.000877901  0.000143168   0.00118901 -0.000107716  0.000350964       -9.809 
               12.08 -0.000353041    -0.010472     -0.00373  -0.00183774 -8.60297e-05   0.00293516 0 0 0 0 0 0  0.000231869 -3.98433e-05 -0.000321666 1.19294e-06  1.3724e-06 4.39175e-07 -0.000896707  0.000146695   0.00123418 -9.20692e-05  0.000348024       -9.809 
                12.1 -0.00301294 -0.00765926  -0.0041469   -0.0018802 -7.89616e-05   0.00300741 0 0 0 0 0 0 -0.00018579 4.21345e-05 0.000265583 3.01257e-06 -5.5405e-07  7.2423e-07 -0.000877557   0.00014318   0.00118841 -0.000107995  0.000350953       -9.809 
               12.12 -0.000353005    -0.010472  -0.00373004  -0.00183775 -8.60336e-05   0.00293516 0 0 0 0 0 0  0.000231703 -3.98505e-05 -0.000321528 1.19012e-06  1.3712e-06 4.38366e-07 -0.000896317  0.000146699   0.00123347   -9.24e-05 0.000348022      -9.809 
               12.14 -0.00301297 -0.00765928 -0.00414685   -0.0018802 -7.89611e-05   0.00300742 0 0 0 0 0 0 -0.00018594 4.21704e-05 0.000265697   3.0088e-06 -5.54204e-07  7.23205e-07 -0.000877215   0.00014319   0.00118781 -0.000108272  0.000350944       -9.809 
               12.16 -0.000353011    -0.010472  -0.00373003  -0.00183775 -8.60329e-05   0.00293517 0 0 0 0 0 0  0.000231592 -3.98261e-05 -0.000321428 1.18733e-06 1.37001e-06 4.37522e-07 -0.00089593 0.000146701  0.00123275 -9.27285e-05  0.000348022       -9.809 
               12.18 -0.00301291  -0.0076593 -0.00414685   -0.0018802 -7.89617e-05   0.00300742 0 0 0 0 0 0 -0.000185956   4.2163e-05  0.000265765  3.00497e-06 -5.54309e-07  7.22217e-07 -0.000876876  0.000143202   0.00118722 -0.000108547  0.000350933       -9.809 
                12.2 -0.000353003    -0.010472  -0.00373003  -0.00183775 -8.60335e-05   0.00293517 0 0 0 0 0 0  0.000231578 -3.98546e-05 -0.000321346 1.18455e-06 1.36891e-06 4.36695e-07 -0.000895546  0.000146704   0.00123204 -9.30541e-05  0.000348021       -9.809 
               12.22 -0.00301292 -0.00765932 -0.00414687   -0.0018802 -7.89629e-05   0.00300743 0 0 0 0 0 0 -0.000186016  4.21249e-05  0.000265858  3.00122e-06 -5.54378e-07  7.21244e-07 -0.000876538  0.000143213   0.00118662 -0.00010882 0.000350923      -9.809 
               12.24 -0.000352977    -0.010472  -0.00373004  -0.00183775 -8.60349e-05   0.00293518 0 0 0 0 0 0  0.000231464 -3.98647e-05 -0.000321223 1.18177e-06 1.36774e-06 4.35869e-07 -0.000895163  0.000146707   0.00123133 -9.3378e-05  0.00034802      -9.809 
               12.26  -0.0030129 -0.00765933 -0.00414686  -0.00188021 -7.89644e-05   0.00300743 0 0 0 0 0 0 -0.000186121  4.21444e-05  0.000265927  2.99745e-06 -5.54519e-07  7.20252e-07 -0.000876202  0.000143225   0.00118604 -0.000109091  0.000350912       -9.809 
               12.28 -0.000352993   -0.0104721  -0.00373001  -0.00183776 -8.60373e-05   0.00293518 0 0 0 0 0 0  0.000231366 -3.98331e-05  -0.00032115   1.179e-06 1.36658e-06 4.35024e-07 -0.000894782   0.00014671   0.00123063 -9.37001e-05  0.000348019       -9.809 
                12.3 -0.00301288 -0.00765936 -0.00414686  -0.00188021 -7.89651e-05   0.00300744 0 0 0 0 0 0 -0.000186191   4.2174e-05  0.000265964  2.99366e-06 -5.54618e-07   7.1927e-07 -0.000875867  0.000143236   0.00118545 -0.000109361  0.000350902       -9.809 
               12.32 -0.000352984   -0.0104721  -0.00373002  -0.00183776 -8.60352e-05   0.00293519 0 0 0 0 0 0  0.000231282  -3.9807e-05 -0.000321083 1.17621e-06 1.36543e-06 4.34199e-07 -0.000894404  0.000146712   0.00122993 -9.40199e-05  0.000348019       -9.809 
               12.34 -0.00301287 -0.00765939 -0.00414684 -0.00188021 -7.8964e-05  0.00300744 0 0 0 0 0 0 -0.000186261  4.21714e-05  0.000266106   2.9899e-06 -5.54718e-07  7.18277e-07 -0.000875535  0.000143247   0.00118487 -0.000109629  0.000350892       -9.809 
               12.36 -0.00035301  -0.0104721    -0.00373  -0.00183777 -8.60328e-05   0.00293519 0 0 0 0 0 0  0.000231216 -3.98065e-05 -0.000320904 1.17347e-06 1.36426e-06 4.33364e-07 -0.000894029  0.000146715   0.00122924 -9.43373e-05  0.000348019       -9.809 
               12.38 -0.00301285 -0.00765942 -0.00414688  -0.00188022 -7.89628e-05   0.00300744 0 0 0 0 0 0 -0.000186302  4.21686e-05  0.000266213  2.98616e-06 -5.54806e-07  7.17326e-07 -0.000875205  0.000143258   0.00118429 -0.000109895  0.000350882       -9.809 
                12.4 -0.000352987   -0.0104721  -0.00372997  -0.00183777 -8.60331e-05    0.0029352 0 0 0 0 0 0  0.000231163  -3.9813e-05 -0.000320855  1.1707e-06 1.36315e-06 4.32522e-07 -0.000893655  0.000146718   0.00122855 -9.46529e-05  0.000348017       -9.809 
               12.42 -0.00301285 -0.00765942 -0.00414685  -0.00188022 -7.89627e-05   0.00300745 0 0 0 0 0 0 -0.000186375  4.21797e-05  0.000266216  2.98242e-06 -5.54909e-07  7.16335e-07 -0.000874875  0.000143269   0.00118372 -0.00011016 0.000350872      -9.809 
               12.44 -0.000352991   -0.0104721  -0.00372997  -0.00183777 -8.60322e-05   0.00293521 0 0 0 0 0 0  0.000231053 -3.97747e-05 -0.000320772 1.16794e-06   1.362e-06 4.31701e-07 -0.000893282  0.000146721   0.00122786 -9.4967e-05 0.000348017      -9.809 
               12.46 -0.00301283 -0.00765945 -0.00414685  -0.00188022 -7.89614e-05   0.00300745 0 0 0 0 0 0 -0.000186517  4.22209e-05  0.000266358  2.97866e-06 -5.55021e-07   7.1536e-07 -0.000874548   0.00014328   0.00118314 -0.000110423  0.000350862       -9.809 
               12.48 -0.000352984   -0.0104721  -0.00372997  -0.00183778 -8.60306e-05   0.00293521 0 0 0 0 0 0  0.000230921 -3.97526e-05 -0.000320625 1.16517e-06 1.36081e-06  4.3088e-07 -0.000892913  0.000146724   0.00122718 -9.52786e-05  0.000348015       -9.809 
                12.5 -0.00301282 -0.00765944 -0.00414686 -0.00188023 -7.8961e-05  0.00300746 0 0 0 0 0 0 -0.000186547  4.21814e-05   0.00026642  2.97493e-06 -5.55178e-07  7.14392e-07 -0.000874224  0.000143292   0.00118258 -0.000110683  0.000350851       -9.809 
               12.52 -0.000352987   -0.0104721  -0.00372996 -0.00183778 -8.6032e-05  0.00293521 0 0 0 0 0 0  0.000230915 -3.98216e-05 -0.000320587 1.16244e-06 1.35971e-06 4.30054e-07 -0.000892546  0.000146728    0.0012265 -9.55878e-05  0.000348013       -9.809 
               12.54 -0.00301285 -0.00765947 -0.00414683  -0.00188023 -7.89612e-05   0.00300746 0 0 0 0 0 0 -0.000186574   4.2155e-05  0.000266479  2.97127e-06 -5.55225e-07  7.13405e-07  -0.0008739 0.000143304  0.00118201 -0.000110943   0.00035084       -9.809 
               12.56 -0.00035299  -0.0104721 -0.00372998  -0.00183778 -8.60318e-05   0.00293522 0 0 0 0 0 0  0.000230837 -3.98119e-05 -0.000320458 1.15971e-06 1.35857e-06 4.29251e-07 -0.000892181  0.000146732   0.00122583 -9.58946e-05  0.000348012       -9.809 
               12.58 -0.00301281 -0.00765946 -0.00414686  -0.00188023 -7.89611e-05   0.00300746 0 0 0 0 0 0 -0.000186693  4.21831e-05  0.000266635  2.96752e-06 -5.55378e-07  7.12454e-07 -0.000873579  0.000143315   0.00118145 -0.0001112 0.00035083     -9.809 
                12.6 -0.000352949   -0.0104721  -0.00372997  -0.00183779 -8.60327e-05   0.00293522 0 0 0 0 0 0  0.000230675 -3.98017e-05 -0.000320328 1.15693e-06 1.35741e-06 4.28431e-07 -0.000891817  0.000146735   0.00122516 -9.62007e-05  0.000348011       -9.809 
               12.62 -0.00301282 -0.00765947 -0.00414683  -0.00188024 -7.89624e-05   0.00300747 0 0 0 0 0 0 -0.000186784  4.21635e-05  0.000266677  2.96383e-06 -5.55535e-07  7.11472e-07 -0.00087326 0.000143327  0.00118089 -0.000111456  0.000350819       -9.809 
               12.64 -0.000352961   -0.0104722  -0.00372999  -0.00183779 -8.60326e-05   0.00293523 0 0 0 0 0 0   0.00023067 -3.98224e-05 -0.000320289 1.15421e-06 1.35628e-06 4.27627e-07 -0.000891457  0.000146739   0.00122449 -9.65035e-05   0.00034801       -9.809 
               12.66 -0.00301279 -0.00765952 -0.00414684  -0.00188024 -7.89633e-05   0.00300747 0 0 0 0 0 0 -0.000186765   4.2128e-05  0.000266744  2.96013e-06 -5.55585e-07  7.10516e-07 -0.000872943  0.000143338   0.00118034 -0.000111709  0.000350809       -9.809 
               12.68 -0.000352948   -0.0104722     -0.00373  -0.00183779 -8.60346e-05   0.00293523 0 0 0 0 0 0  0.000230642 -3.98609e-05 -0.000320145 1.15149e-06  1.3552e-06 4.26822e-07 -0.000891099  0.000146743   0.00122383 -9.6804e-05 0.000348008      -9.809 
                12.7 -0.00301279 -0.00765953 -0.00414685  -0.00188024 -7.89655e-05   0.00300748 0 0 0 0 0 0 -0.000186838  4.20868e-05   0.00026687  2.95647e-06 -5.55685e-07  7.09559e-07 -0.000872627   0.00014335   0.00117979 -0.000111961  0.000350799       -9.809 
               12.72 -0.000352953   -0.0104722  -0.00372999   -0.0018378 -8.60352e-05   0.00293524 0 0 0 0 0 0  0.000230527 -3.98677e-05 -0.000320041  1.1488e-06 1.35404e-06 4.26006e-07 -0.000890741  0.000146746   0.00122317 -9.71039e-05  0.000348007       -9.809 
               12.74 -0.00301283 -0.00765955 -0.00414687  -0.00188024 -7.89659e-05   0.00300748 0 0 0 0 0 0 -0.000186921  4.21179e-05  0.000266936  2.95283e-06 -5.55823e-07  7.08612e-07 -0.000872313   0.00014336   0.00117924 -0.000112212  0.000350789       -9.809 
               12.76 -0.000352868   -0.0104722  -0.00372999   -0.0018378 -8.60369e-05   0.00293524 0 0 0 0 0 0  0.000230442 -3.98509e-05 -0.000320027 1.14601e-06 1.35293e-06 4.25198e-07 -0.000890386  0.000146749   0.00122252 -9.74018e-05  0.000348006       -9.809 
               12.78 -0.00301282 -0.00765958 -0.00414686  -0.00188024 -7.89649e-05   0.00300748 0 0 0 0 0 0 -0.00018699 4.21228e-05 0.000266925  2.94915e-06 -5.55924e-07  7.07652e-07  -0.000872 0.00014337 0.00117869 -0.000112461   0.00035078       -9.809 
                12.8 -0.000352893   -0.0104722  -0.00372995   -0.0018378 -8.60362e-05   0.00293524 0 0 0 0 0 0  0.000230369 -3.98791e-05 -0.000319953 1.14332e-06 1.35179e-06 4.24368e-07 -0.000890033  0.000146752   0.00122187 -9.76975e-05  0.000348005       -9.809 
               12.82 -0.00301284 -0.00765958 -0.00414683  -0.00188024 -7.89653e-05   0.00300749 0 0 0 0 0 0 -0.000187033  4.20801e-05  0.000267022  2.94553e-06 -5.56046e-07  7.06677e-07 -0.000871689  0.000143381   0.00117815 -0.000112708   0.00035077       -9.809 
               12.84 -0.000352924   -0.0104722  -0.00372998   -0.0018378 -8.60362e-05   0.00293525 0 0 0 0 0 0  0.000230331 -3.98887e-05 -0.000319849 1.14067e-06 1.35071e-06 4.23583e-07 -0.000889682  0.000146755   0.00122122 -9.79913e-05  0.000348005       -9.809 
               12.86  -0.0030128 -0.00765963 -0.00414685  -0.00188025 -7.89658e-05   0.00300749 0 0 0 0 0 0 -0.00018706 4.20812e-05 0.000267054  2.94188e-06 -5.56114e-07  7.05736e-07 -0.00087138 0.000143391  0.00117761 -0.000112954  0.000350761       -9.809 
               12.88 -0.000352919   -0.0104722  -0.00372999   -0.0018378 -8.60399e-05   0.00293525 0 0 0 0 0 0  0.000230286 -3.99068e-05 -0.000319867 1.13796e-06 1.34959e-06 4.22782e-07 -0.000889334  0.000146759   0.00122057 -9.82828e-05  0.000348003       -9.809 
                12.9 -0.00301283 -0.00765962 -0.00414686  -0.00188025 -7.89668e-05   0.00300749 0 0 0 0 0 0 -0.000187145  4.20949e-05   0.00026706  2.93825e-06 -5.56241e-07  7.04792e-07 -0.000871072  0.000143402   0.00117707 -0.000113199  0.000350751       -9.809 
               12.92 -0.000352934   -0.0104723  -0.00372999  -0.00183781 -8.60386e-05   0.00293525 0 0 0 0 0 0  0.000230134 -3.98679e-05 -0.000319761 1.13528e-06 1.34848e-06 4.21984e-07 -0.000888985  0.000146761   0.00121993 -9.85739e-05  0.000348003       -9.809 
               12.94 -0.00301283 -0.00765962 -0.00414685  -0.00188025 -7.89662e-05   0.00300749 0 0 0 0 0 0 -0.000187279  4.21209e-05  0.000267198  2.93461e-06 -5.56401e-07  7.03838e-07 -0.000870765  0.000143412   0.00117653 -0.000113443  0.000350742       -9.809 
               12.96 -0.000352866   -0.0104723  -0.00372997  -0.00183781 -8.60372e-05   0.00293526 0 0 0 0 0 0  0.000230065 -3.98773e-05 -0.000319674 1.13254e-06 1.34735e-06 4.21168e-07 -0.000888639  0.000146763   0.00121929 -9.8863e-05 0.000348002      -9.809 
               12.98 -0.00301294 -0.00765954 -0.00414681  -0.00188025 -7.89611e-05   0.00300749 0 0 0 0 0 0 -0.000187258  4.21108e-05  0.000267171  2.93108e-06 -5.56558e-07   7.0286e-07 -0.000870461   0.00014342     0.001176 -0.000113683  0.000350734       -9.809 
                  13 -0.000352904   -0.0104723  -0.00372998  -0.00183782 -8.60349e-05   0.00293526 0 0 0 0 0 0  0.000230044 -3.98996e-05 -0.000319674 1.12991e-06  1.3463e-06 4.20377e-07 -0.000888295  0.000146765   0.00121866 -9.91502e-05  0.000348002       -9.809 
               13.02 -0.00301283 -0.00765959 -0.00414683  -0.00188026 -7.89653e-05   0.00300749 0 0 0 0 0 0 -0.000187325  4.20669e-05  0.000267223  2.92742e-06 -5.56609e-07  7.01932e-07 -0.000870157  0.000143432   0.00117547 -0.000113924  0.000350723       -9.809 
               13.04 -0.000352868   -0.0104722  -0.00373002  -0.00183782 -8.60399e-05   0.00293526 0 0 0 0 0 0  0.000229938 -3.99065e-05 -0.000319527 1.12721e-06 1.34516e-06 4.19604e-07 -0.000887953   0.00014677   0.00121803 -9.94347e-05     0.000348       -9.809 
               13.06 -0.00301281 -0.00765964 -0.00414684  -0.00188026 -7.89679e-05    0.0030075 0 0 0 0 0 0 -0.000187461  4.20789e-05   0.00026737  2.92379e-06 -5.56738e-07  7.00995e-07 -0.000869855  0.000143443   0.00117494 -0.000114163  0.000350714       -9.809 
               13.08 -0.000352871   -0.0104723  -0.00373003  -0.00183782 -8.60417e-05   0.00293527 0 0 0 0 0 0  0.000229841 -3.99194e-05 -0.000319439 1.12453e-06 1.34405e-06 4.18815e-07 -0.000887613  0.000146773   0.00121739 -9.97181e-05  0.000347999       -9.809 
                13.1 -0.00301285 -0.00765959 -0.00414683  -0.00188026 -7.89701e-05    0.0030075 0 0 0 0 0 0 -0.000187444  4.20329e-05  0.000267369  2.92023e-06 -5.56898e-07   7.0005e-07 -0.000869557  0.000143454   0.00117442 -0.000114399  0.000350704       -9.809 
               13.12 -0.000352881   -0.0104723  -0.00373004  -0.00183782 -8.60444e-05   0.00293527 0 0 0 0 0 0  0.000229835 -3.99686e-05 -0.000319389  1.1219e-06 1.34297e-06 4.18028e-07 -0.000887275  0.000146776   0.00121677 -9.99992e-05  0.000347998       -9.809 
               13.14 -0.00301284 -0.00765961 -0.00414685  -0.00188026 -7.89725e-05    0.0030075 0 0 0 0 0 0 -0.000187486  4.20079e-05  0.000267499  2.91666e-06 -5.56977e-07  6.99124e-07 -0.000869258  0.000143464    0.0011739 -0.000114634  0.000350695       -9.809 
               13.16 -0.000352863   -0.0104723  -0.00373006  -0.00183782 -8.60464e-05   0.00293527 0 0 0 0 0 0  0.000229751 -3.99862e-05 -0.000319229 1.11924e-06 1.34189e-06 4.17244e-07 -0.000886939  0.000146779   0.00121615 -0.000100279  0.000347997       -9.809 
               13.18 -0.00301285 -0.00765957 -0.00414682  -0.00188026 -7.89742e-05   0.00300751 0 0 0 0 0 0 -0.000187589  4.20097e-05   0.00026762  2.9131e-06 -5.5714e-07 6.98166e-07 -0.000868961  0.000143473   0.00117338 -0.000114868  0.000350686       -9.809 
                13.2 -0.000352824   -0.0104723  -0.00373006  -0.00183783 -8.60471e-05   0.00293528 0 0 0 0 0 0  0.000229635 -3.99383e-05 -0.000319117 1.11655e-06 1.34078e-06 4.16457e-07 -0.000886604  0.000146781   0.00121553 -0.000100558  0.000347997       -9.809 
               13.22  -0.0030128 -0.00765966 -0.00414685  -0.00188026 -7.89747e-05   0.00300751 0 0 0 0 0 0 -0.000187676  4.20644e-05  0.000267692  2.90947e-06 -5.57215e-07  6.97254e-07 -0.000868665  0.000143482   0.00117286 -0.000115102  0.000350678       -9.809 
               13.24 -0.000352793   -0.0104724  -0.00373005  -0.00183783 -8.60481e-05   0.00293529 0 0 0 0 0 0  0.000229552 -3.99117e-05 -0.000319013 1.11386e-06 1.33972e-06 4.15662e-07 -0.00088627 0.000146784  0.00121491 -0.000100834  0.000347996       -9.809 
               13.26 -0.00301284 -0.00765962 -0.00414685  -0.00188027 -7.89732e-05   0.00300752 0 0 0 0 0 0 -0.00018774 4.20601e-05 0.000267797  2.90592e-06 -5.57364e-07  6.96319e-07 -0.000868371  0.000143492   0.00117235 -0.000115333  0.000350669       -9.809 
               13.28 -0.000352837   -0.0104723  -0.00373005  -0.00183783 -8.60456e-05   0.00293529 0 0 0 0 0 0    0.0002295 -3.99291e-05 -0.000318903 1.11126e-06 1.33861e-06 4.14872e-07 -0.00088594 0.000146786   0.0012143 -0.000101109  0.000347996       -9.809 
                13.3 -0.00301282 -0.00765965 -0.00414684  -0.00188027 -7.89718e-05   0.00300752 0 0 0 0 0 0 -0.000187755  4.20501e-05  0.000267874  2.90238e-06 -5.57465e-07  6.95379e-07 -0.000868079  0.000143501   0.00117184 -0.000115562  0.000350661       -9.809 
               13.32 -0.000352815   -0.0104724  -0.00373004  -0.00183784 -8.60441e-05   0.00293529 0 0 0 0 0 0  0.000229483 -3.99208e-05 -0.000318851 1.10862e-06 1.33759e-06 4.14076e-07 -0.00088561 0.000146788  0.00121369 -0.000101382  0.000347996       -9.809 
               13.34 -0.00301279 -0.00765966 -0.00414684  -0.00188027 -7.89717e-05   0.00300752 0 0 0 0 0 0 -0.00018779 4.20677e-05 0.000267893  2.89881e-06 -5.57548e-07  6.94449e-07 -0.000867788   0.00014351   0.00117133 -0.000115791  0.000350652       -9.809 
               13.36 -0.000352798   -0.0104724  -0.00373004  -0.00183784 -8.60432e-05    0.0029353 0 0 0 0 0 0  0.000229383  -3.9892e-05 -0.000318817 1.10596e-06 1.33651e-06 4.13289e-07 -0.000885282   0.00014679   0.00121309 -0.000101654  0.000347996       -9.809 
               13.38  -0.0030128 -0.00765966 -0.00414683  -0.00188027 -7.89689e-05   0.00300753 0 0 0 0 0 0 -0.000187918  4.21048e-05  0.000267963  2.89527e-06 -5.57686e-07   6.9352e-07 -0.000867498  0.000143519   0.00117083 -0.000116018  0.000350644       -9.809 
                13.4 -0.000352791   -0.0104724     -0.00373  -0.00183784 -8.60392e-05    0.0029353 0 0 0 0 0 0  0.000229253 -3.98503e-05 -0.000318684 1.10331e-06 1.33539e-06 4.12482e-07 -0.000884956  0.000146792   0.00121249 -0.000101924  0.000347996       -9.809 
               13.42 -0.00301288 -0.00765958  -0.0041468  -0.00188028 -7.89614e-05   0.00300753 0 0 0 0 0 0 -0.000187964  4.21444e-05  0.000268029  2.89178e-06 -5.57888e-07  6.92576e-07 -0.00086721 0.000143527  0.00117033 -0.000116244  0.000350637       -9.809 
               13.44 -0.000352803   -0.0104724  -0.00373002  -0.00183785 -8.60347e-05    0.0029353 0 0 0 0 0 0  0.000229243 -3.98565e-05  -0.00031864  1.1007e-06 1.33435e-06 4.11716e-07 -0.000884631  0.000146795   0.00121189 -0.000102192  0.000347995       -9.809 
               13.46 -0.00301287  -0.0076596 -0.00414679  -0.00188028 -7.89585e-05   0.00300753 0 0 0 0 0 0 -0.000187959  4.21172e-05  0.000268016  2.88826e-06 -5.57951e-07  6.91645e-07 -0.000866923  0.000143537   0.00116983 -0.000116468  0.000350628       -9.809 
               13.48 -0.000352809   -0.0104724  -0.00372999 -0.00183785 -8.6032e-05   0.0029353 0 0 0 0 0 0  0.000229184 -3.98656e-05 -0.000318621  1.0981e-06 1.33329e-06 4.10914e-07 -0.000884308  0.000146797    0.0012113 -0.000102459  0.000347995       -9.809 
                13.5  -0.0030128 -0.00765965 -0.00414683  -0.00188029 -7.89607e-05   0.00300753 0 0 0 0 0 0 -0.000188099  4.21059e-05  0.000268139  2.88469e-06 -5.58046e-07  6.90751e-07 -0.000866637  0.000143548   0.00116933 -0.000116692  0.000350618       -9.809 
               13.52 -0.000352773   -0.0104724  -0.00372998  -0.00183785 -8.60331e-05   0.00293531 0 0 0 0 0 0  0.000229046 -3.98526e-05 -0.000318453 1.09544e-06 1.33217e-06  4.1013e-07 -0.000883987  0.000146801    0.0012107 -0.000102724  0.000347993       -9.809 
               13.54 -0.00301295  -0.0076595 -0.00414679  -0.00188028 -7.89572e-05   0.00300753 0 0 0 0 0 0 -0.000188143  4.21511e-05  0.000268202 2.88127e-06 -5.5831e-07 6.89805e-07 -0.000866355  0.000143558   0.00116884 -0.000116911  0.000350609       -9.809 
               13.56 -0.000352774   -0.0104724  -0.00372996  -0.00183786 -8.60279e-05   0.00293531 0 0 0 0 0 0  0.000229019 -3.98292e-05 -0.000318442  1.0928e-06 1.33111e-06 4.09335e-07 -0.000883669  0.000146804   0.00121012 -0.000102986  0.000347993       -9.809 
               13.58 -0.00301294  -0.0076595 -0.00414679  -0.00188029 -7.89545e-05   0.00300753 0 0 0 0 0 0 -0.000188151  4.21125e-05  0.000268211  2.87775e-06 -5.58423e-07  6.88888e-07 -0.000866074  0.000143568   0.00116835 -0.000117131    0.0003506       -9.809 
                13.6 -0.000352784   -0.0104724  -0.00372999  -0.00183786 -8.60287e-05   0.00293531 0 0 0 0 0 0   0.00022898 -3.98899e-05 -0.000318318 1.09022e-06 1.33006e-06 4.08582e-07 -0.000883352  0.000146808   0.00120953 -0.000103247  0.000347991       -9.809 
               13.62 -0.00301293 -0.00765952  -0.0041468  -0.00188029 -7.89553e-05   0.00300753 0 0 0 0 0 0 -0.000188218  4.20602e-05  0.000268342 2.87427e-06 -5.5853e-07 6.87976e-07 -0.000865793  0.000143578   0.00116786 -0.000117349  0.000350591       -9.809 
               13.64 -0.000352771   -0.0104724  -0.00372998  -0.00183786 -8.60304e-05   0.00293531 0 0 0 0 0 0  0.000228874 -3.99333e-05 -0.000318226 1.08762e-06 1.32896e-06 4.07795e-07 -0.000883036  0.000146812   0.00120895 -0.000103508  0.000347989       -9.809 
               13.66 -0.00301292 -0.00765952  -0.0041468  -0.00188029 -7.89576e-05   0.00300753 0 0 0 0 0 0 -0.00018832 4.20404e-05 0.000268378  2.87078e-06 -5.58679e-07  6.87065e-07 -0.000865513  0.000143588   0.00116737 -0.000117567  0.000350582       -9.809 
               13.68 -0.000352768   -0.0104724  -0.00372999  -0.00183786 -8.60326e-05   0.00293532 0 0 0 0 0 0  0.000228803 -3.99348e-05 -0.000318209 1.08502e-06 1.32789e-06 4.07035e-07 -0.000882722  0.000146816   0.00120837 -0.000103766  0.000347988       -9.809 
                13.7 -0.00301295 -0.00765956 -0.00414683  -0.00188029 -7.89595e-05   0.00300754 0 0 0 0 0 0 -0.000188367  4.20396e-05  0.000268438  2.86731e-06 -5.58778e-07  6.86173e-07 -0.000865236  0.000143599   0.00116688 -0.000117783  0.000350573       -9.809 
               13.72 -0.000352777   -0.0104724     -0.00373 -0.00183786 -8.6035e-05  0.00293532 0 0 0 0 0 0  0.000228746 -3.99761e-05 -0.000318086 1.08242e-06 1.32685e-06 4.06266e-07 -0.00088241 0.000146819  0.00120779 -0.000104023  0.000347986       -9.809 
               13.74 -0.00301296 -0.00765959 -0.00414683   -0.0018803 -7.89614e-05   0.00300754 0 0 0 0 0 0 -0.000188419  4.19774e-05  0.000268552 2.86386e-06 -5.5889e-07 6.85263e-07 -0.000864959  0.000143608    0.0011664 -0.000117997  0.000350564       -9.809 
               13.76 -0.00035276  -0.0104724    -0.00373  -0.00183787 -8.60359e-05   0.00293533 0 0 0 0 0 0  0.000228697 -4.00196e-05 -0.000317982 1.07986e-06 1.32579e-06 4.05498e-07  -0.0008821 0.000146822  0.00120721 -0.000104278  0.000347986       -9.809 
               13.78 -0.00301295 -0.00765963 -0.00414682   -0.0018803 -7.89636e-05   0.00300755 0 0 0 0 0 0 -0.000188444  4.19442e-05  0.000268613  2.86042e-06 -5.58984e-07  6.84353e-07 -0.000864684  0.000143618   0.00116592 -0.00011821 0.000350556      -9.809 
                13.8 -0.000352706   -0.0104725  -0.00373002  -0.00183787 -8.60395e-05   0.00293533 0 0 0 0 0 0  0.000228676 -4.00217e-05 -0.000317935 1.07725e-06 1.32478e-06 4.04742e-07 -0.000881791  0.000146825   0.00120664 -0.000104531  0.000347985       -9.809 
               13.82 -0.00301291 -0.00765964 -0.00414684   -0.0018803 -7.89676e-05   0.00300755 0 0 0 0 0 0 -0.000188498  4.19528e-05   0.00026865  2.85692e-06 -5.59089e-07  6.83456e-07 -0.000864411  0.000143627   0.00116544 -0.000118422  0.000350547       -9.809 
               13.84 -0.000352724   -0.0104724     -0.00373  -0.00183787 -8.60409e-05   0.00293534 0 0 0 0 0 0   0.00022854 -3.99994e-05 -0.000317855 1.07468e-06  1.3237e-06 4.03959e-07 -0.000881482  0.000146827   0.00120607 -0.000104784  0.000347984       -9.809 
               13.86 -0.00301291 -0.00765963 -0.00414682   -0.0018803 -7.89678e-05   0.00300756 0 0 0 0 0 0 -0.000188638  4.19797e-05  0.000268731  2.85347e-06 -5.59265e-07  6.82539e-07 -0.000864138  0.000143636   0.00116496 -0.000118634  0.000350539       -9.809 
               13.88 -0.000352705   -0.0104725  -0.00373001 -0.00183787 -8.6044e-05  0.00293534 0 0 0 0 0 0  0.000228472  -4.0009e-05 -0.000317805 1.07209e-06 1.32262e-06 4.03201e-07 -0.000881177  0.000146831   0.00120551 -0.000105035  0.000347983       -9.809 
                13.9 -0.00301291 -0.00765966 -0.00414682 -0.0018803 -7.897e-05 0.00300756 0 0 0 0 0 0 -0.000188638  4.19637e-05  0.000268768  2.85002e-06 -5.59372e-07  6.81639e-07 -0.000863867  0.000143645   0.00116449 -0.000118843  0.000350531       -9.809 
               13.92 -0.000352691   -0.0104725  -0.00373008  -0.00183787 -8.60464e-05   0.00293534 0 0 0 0 0 0  0.000228484 -4.00397e-05 -0.000317782 1.06951e-06 1.32164e-06 4.02486e-07 -0.000880872  0.000146834   0.00120495 -0.000105284  0.000347982       -9.809 
               13.94 -0.00301294 -0.00765963 -0.00414679   -0.0018803 -7.89713e-05   0.00300756 0 0 0 0 0 0 -0.000188674  4.19538e-05  0.000268774  2.84662e-06 -5.59485e-07  6.80717e-07 -0.000863597  0.000143654   0.00116402 -0.000119051  0.000350523       -9.809 
               13.96 -0.000352688   -0.0104725  -0.00373004  -0.00183788 -8.60454e-05   0.00293535 0 0 0 0 0 0  0.000228362 -4.00057e-05 -0.000317697 1.06695e-06 1.32058e-06 4.01695e-07 -0.000880569  0.000146835   0.00120439 -0.000105532  0.000347983       -9.809 
               13.98 -0.00301283 -0.00765967 -0.00414681  -0.00188031 -7.89744e-05   0.00300757 0 0 0 0 0 0 -0.000188807  4.19606e-05  0.000268899  2.84312e-06 -5.59622e-07  6.79836e-07 -0.000863328  0.000143663   0.00116355 -0.000119259  0.000350515       -9.809 
                  14 -0.000352653   -0.0104725  -0.00373003  -0.00183788 -8.60479e-05   0.00293535 0 0 0 0 0 0  0.000228258 -3.99803e-05 -0.000317585 1.06436e-06 1.31952e-06 4.00925e-07 -0.000880267  0.000146838   0.00120383 -0.000105779  0.000347982       -9.809 
               14.02 -0.00301281 -0.00765971 -0.00414683  -0.00188031 -7.89746e-05   0.00300757 0 0 0 0 0 0 -0.000188871  4.19781e-05  0.000268936  2.83966e-06 -5.59739e-07  6.78953e-07 -0.00086306 0.000143672  0.00116308 -0.000119465  0.000350507       -9.809 
               14.04 -0.000352644   -0.0104725  -0.00373005  -0.00183789 -8.60491e-05   0.00293536 0 0 0 0 0 0  0.000228242 -4.00106e-05 -0.000317572  1.0618e-06 1.31851e-06 4.00178e-07 -0.000879967  0.000146841   0.00120327 -0.000106024  0.000347981       -9.809 
               14.06 -0.00301279 -0.00765974 -0.00414682  -0.00188032 -7.89755e-05   0.00300757 0 0 0 0 0 0 -0.000188874   4.1953e-05  0.000268997  2.83625e-06 -5.59814e-07   6.7805e-07 -0.000862794  0.000143681   0.00116262 -0.00011967 0.000350499      -9.809 
               14.08 -0.000352638   -0.0104725  -0.00373005 -0.00183789 -8.6052e-05  0.00293536 0 0 0 0 0 0  0.000228203 -4.00407e-05 -0.000317428 1.05926e-06  1.3175e-06 3.99424e-07 -0.000879668  0.000146844   0.00120272 -0.000106268   0.00034798       -9.809 
                14.1 -0.00301281 -0.00765975 -0.00414679 -0.00188032 -7.8978e-05  0.00300758 0 0 0 0 0 0 -0.000188943  4.19388e-05  0.000269148  2.83287e-06 -5.59922e-07  6.77134e-07 -0.000862528   0.00014369   0.00116216 -0.000119874  0.000350491       -9.809 
               14.12 -0.000352611   -0.0104725  -0.00373005   -0.0018379 -8.60537e-05   0.00293536 0 0 0 0 0 0  0.000228111  -4.0039e-05 -0.000317345  1.0567e-06 1.31646e-06 3.98662e-07 -0.00087937 0.000146847  0.00120217 -0.000106511   0.00034798       -9.809 
               14.14 -0.00301279 -0.00765976 -0.00414678  -0.00188033 -7.89789e-05   0.00300758 0 0 0 0 0 0 -0.000189015  4.19597e-05  0.000269161  2.82946e-06 -5.60045e-07  6.76239e-07 -0.000862264  0.000143698    0.0011617 -0.000120077  0.000350483       -9.809 
               14.16 -0.000352646   -0.0104725  -0.00373001   -0.0018379 -8.60514e-05   0.00293537 0 0 0 0 0 0  0.000228026 -3.99723e-05 -0.000317298 1.05417e-06 1.31539e-06 3.97885e-07 -0.000879074  0.000146848   0.00120163 -0.000106752   0.00034798       -9.809 
               14.18 -0.00301278 -0.00765975 -0.00414679  -0.00188033 -7.89791e-05   0.00300758 0 0 0 0 0 0 -0.000189091  4.19859e-05   0.00026927  2.82604e-06 -5.60196e-07  6.75359e-07 -0.000862002  0.000143707   0.00116124 -0.000120277  0.000350475       -9.809 
                14.2 -0.000352651   -0.0104725  -0.00373004  -0.00183791 -8.60498e-05   0.00293537 0 0 0 0 0 0  0.000227952 -3.99648e-05 -0.000317155 1.05163e-06 1.31434e-06 3.97149e-07 -0.00087878 0.000146851  0.00120108 -0.000106991   0.00034798       -9.809 
               14.22 -0.00301277 -0.00765975 -0.00414674  -0.00188033 -7.89789e-05   0.00300759 0 0 0 0 0 0 -0.000189126   4.1948e-05  0.000269357 2.82266e-06 -5.6034e-07 6.74441e-07 -0.000861742  0.000143715   0.00116079 -0.000120477  0.000350467       -9.809 
               14.24 -0.00035267  -0.0104725 -0.00373005  -0.00183791 -8.60508e-05   0.00293537 0 0 0 0 0 0  0.000227961 -4.00144e-05 -0.000317109 1.04913e-06  1.3133e-06 3.96403e-07 -0.000878488  0.000146854   0.00120054 -0.000107228  0.000347979       -9.809 
               14.26 -0.00301276 -0.00765976 -0.00414678  -0.00188033 -7.89808e-05   0.00300759 0 0 0 0 0 0 -0.000189088  4.19213e-05  0.000269372   2.8193e-06 -5.60426e-07  6.73579e-07 -0.000861483  0.000143724   0.00116034 -0.000120674  0.000350459       -9.809 
               14.28 -0.000352633   -0.0104725  -0.00373005  -0.00183791 -8.60515e-05   0.00293537 0 0 0 0 0 0  0.000227931 -3.99962e-05 -0.000317057 1.04659e-06 1.31235e-06 3.95649e-07 -0.000878197  0.000146856   0.00120001 -0.000107465  0.000347979       -9.809 
                14.3 -0.00301276 -0.00765977 -0.00414675 -0.00188034 -7.8979e-05  0.00300759 0 0 0 0 0 0 -0.000189204   4.1979e-05  0.000269473  2.81592e-06 -5.60552e-07  6.72679e-07 -0.000861224  0.000143732   0.00115989 -0.000120872  0.000350452       -9.809 
               14.32 -0.000352654   -0.0104725  -0.00373004  -0.00183791 -8.60489e-05   0.00293538 0 0 0 0 0 0  0.000227783 -3.99483e-05 -0.000316953 1.04406e-06 1.31126e-06 3.94897e-07 -0.000877907  0.000146858   0.00119947 -0.000107701  0.000347979       -9.809 
               14.34 -0.00301274 -0.00765971 -0.00414676  -0.00188034 -7.89795e-05   0.00300759 0 0 0 0 0 0 -0.00018928 4.19677e-05 0.000269532  2.81253e-06 -5.60773e-07  6.71804e-07 -0.000860968  0.000143741   0.00115944 -0.000121068  0.000350444       -9.809 
               14.36 -0.000352663   -0.0104725  -0.00373005  -0.00183791 -8.60487e-05   0.00293538 0 0 0 0 0 0  0.000227782 -3.99677e-05  -0.00031689 1.04155e-06 1.31022e-06  3.9415e-07 -0.00087762 0.000146861  0.00119894 -0.000107933  0.000347978       -9.809 
               14.38 -0.00301271 -0.00765978 -0.00414684  -0.00188034 -7.89826e-05   0.00300759 0 0 0 0 0 0 -0.000189223  4.19158e-05  0.000269565  2.80916e-06 -5.60834e-07  6.70977e-07 -0.000860713  0.000143751     0.001159 -0.000121262  0.000350436       -9.809 
                14.4 -0.000352662   -0.0104725  -0.00373007  -0.00183791 -8.60523e-05   0.00293538 0 0 0 0 0 0 0.000227807 -4.0007e-05 -0.00031684 1.03905e-06 1.30926e-06 3.93418e-07 -0.000877334  0.000146865   0.00119841 -0.000108165  0.000347976       -9.809 
               14.42 -0.00301276 -0.00765979 -0.00414681  -0.00188033 -7.89838e-05    0.0030076 0 0 0 0 0 0 -0.000189297  4.19109e-05  0.000269638  2.80585e-06 -5.60932e-07  6.70075e-07 -0.000860458  0.000143759   0.00115855 -0.000121456  0.000350428       -9.809 
               14.44 -0.000352633   -0.0104725  -0.00373005  -0.00183791 -8.60542e-05   0.00293539 0 0 0 0 0 0  0.000227644 -4.00005e-05 -0.000316731 1.03652e-06 1.30825e-06 3.92657e-07 -0.000877047  0.000146867   0.00119789 -0.000108398  0.000347976       -9.809 
               14.46  -0.0030128  -0.0076597 -0.00414677  -0.00188034 -7.89836e-05    0.0030076 0 0 0 0 0 0 -0.000189412  4.19545e-05  0.000269693  2.80252e-06 -5.61159e-07  6.69173e-07 -0.000860203  0.000143767   0.00115811 -0.00012165 0.000350421      -9.809 
               14.48 -0.000352733   -0.0104725  -0.00373005  -0.00183792 -8.60493e-05   0.00293539 0 0 0 0 0 0  0.000227572 -3.99337e-05  -0.00031674 1.03406e-06 1.30719e-06 3.91918e-07 -0.000876762  0.000146868   0.00119736 -0.000108628  0.000347976       -9.809 
                14.5 -0.00301279 -0.00765967 -0.00414679 -0.00188034 -7.8981e-05   0.0030076 0 0 0 0 0 0 -0.000189427  4.19595e-05   0.00026963  2.79917e-06 -5.61313e-07  6.68311e-07 -0.000859951  0.000143776   0.00115768 -0.000121841  0.000350414       -9.809 
               14.52 -0.000352681   -0.0104725  -0.00373004  -0.00183792 -8.60495e-05   0.00293539 0 0 0 0 0 0  0.000227563 -3.99819e-05 -0.000316749 1.03153e-06 1.30621e-06 3.91168e-07 -0.00087648 0.000146872  0.00119684 -0.000108856  0.000347975       -9.809 
               14.54 -0.00301277 -0.00765978 -0.00414676  -0.00188035 -7.89815e-05    0.0030076 0 0 0 0 0 0 -0.000189494  4.19094e-05  0.000269725  2.79586e-06 -5.61351e-07  6.67422e-07 -0.000859698  0.000143784   0.00115724 -0.000122033  0.000350406       -9.809 
               14.56 -0.000352628   -0.0104726  -0.00373005  -0.00183792 -8.60532e-05   0.00293539 0 0 0 0 0 0  0.000227462 -4.00274e-05  -0.00031659 1.02903e-06 1.30523e-06  3.9043e-07 -0.000876196  0.000146875   0.00119632 -0.000109085  0.000347974       -9.809 
               14.58  -0.0030128 -0.00765973 -0.00414676  -0.00188035 -7.89829e-05    0.0030076 0 0 0 0 0 0 -0.000189554  4.19021e-05  0.000269791  2.79256e-06 -5.61515e-07  6.66552e-07 -0.000859448  0.000143793    0.0011568 -0.000122223  0.000350398       -9.809 
                14.6 -0.000352609   -0.0104726  -0.00373005  -0.00183793 -8.60528e-05    0.0029354 0 0 0 0 0 0  0.000227414 -4.00119e-05 -0.000316588 1.02652e-06 1.30424e-06 3.89693e-07 -0.000875916  0.000146878    0.0011958 -0.000109311  0.000347974       -9.809 
               14.62 -0.00301274 -0.00765978 -0.00414678  -0.00188035 -7.89853e-05   0.00300761 0 0 0 0 0 0 -0.000189632  4.18987e-05  0.000269825  2.78921e-06 -5.61614e-07  6.65699e-07 -0.000859198  0.000143801   0.00115637 -0.000122412   0.00035039       -9.809 
               14.64 -0.000352568   -0.0104726  -0.00373003 -0.00183793 -8.6056e-05   0.0029354 0 0 0 0 0 0   0.00022729 -4.00276e-05 -0.000316461 1.02401e-06 1.30327e-06 3.88942e-07 -0.000875636  0.000146881   0.00119529 -0.000109537  0.000347972       -9.809 
               14.66  -0.0030128 -0.00765974 -0.00414678  -0.00188035 -7.89866e-05   0.00300761 0 0 0 0 0 0 -0.000189686  4.18842e-05  0.000269955  2.78594e-06 -5.61801e-07   6.6483e-07 -0.000858951   0.00014381   0.00115594 -0.000122599  0.000350383       -9.809 
               14.68 -0.000352595   -0.0104726  -0.00373004  -0.00183793 -8.60549e-05   0.00293541 0 0 0 0 0 0  0.000227266 -4.00432e-05 -0.000316362 1.02155e-06 1.30223e-06 3.88211e-07 -0.00087536 0.000146883  0.00119478 -0.000109759  0.000347972       -9.809 
                14.7 -0.00301274 -0.00765984 -0.00414682  -0.00188036 -7.89871e-05   0.00300762 0 0 0 0 0 0 -0.000189703  4.18423e-05  0.000269992  2.78262e-06 -5.61858e-07   6.6399e-07 -0.000858704  0.000143818   0.00115551 -0.000122785  0.000350376       -9.809 
               14.72 -0.000352541   -0.0104727  -0.00373007  -0.00183794 -8.60582e-05   0.00293541 0 0 0 0 0 0  0.000227254 -4.00922e-05 -0.000316347 1.01907e-06 1.30129e-06 3.87495e-07 -0.000875083  0.000146886   0.00119427 -0.000109982  0.000347972       -9.809 
               14.74 -0.00301276 -0.00765975 -0.00414676  -0.00188036 -7.89908e-05   0.00300762 0 0 0 0 0 0 -0.000189717  4.18256e-05  0.000269992  2.77937e-06 -5.62016e-07  6.63084e-07 -0.000858459  0.000143826   0.00115508 -0.00012297 0.000350369      -9.809 
               14.76 -0.000352545   -0.0104726  -0.00373007 -0.00183794  -8.606e-05  0.00293541 0 0 0 0 0 0  0.000227179 -4.00542e-05 -0.000316235  1.0166e-06 1.30028e-06 3.86762e-07 -0.000874809  0.000146888   0.00119376 -0.000110202  0.000347972       -9.809 
               14.78 -0.00301277 -0.00765975 -0.00414673  -0.00188036 -7.89898e-05   0.00300762 0 0 0 0 0 0 -0.000189832  4.18798e-05  0.000270103  2.77607e-06 -5.62184e-07  6.62206e-07 -0.000858215  0.000143833   0.00115466 -0.000123154  0.000350362       -9.809 
                14.8 -0.000352545   -0.0104726  -0.00373007  -0.00183794 -8.60596e-05   0.00293542 0 0 0 0 0 0   0.00022709 -4.00438e-05 -0.000316162 1.01412e-06 1.29923e-06 3.86025e-07 -0.000874536   0.00014689   0.00119325 -0.000110422  0.000347971       -9.809 
               14.82 -0.00301278 -0.00765976 -0.00414677  -0.00188036 -7.89899e-05   0.00300762 0 0 0 0 0 0 -0.000189844  4.18538e-05  0.000270121   2.7728e-06 -5.62331e-07  6.61374e-07 -0.000857972  0.000143841   0.00115423 -0.000123337  0.000350355       -9.809 
               14.84 -0.000352554   -0.0104726  -0.00373009  -0.00183794 -8.60577e-05   0.00293542 0 0 0 0 0 0  0.000227112 -4.00559e-05 -0.000316164 1.01168e-06 1.29827e-06 3.85306e-07 -0.000874264  0.000146891   0.00119275 -0.00011064 0.000347972      -9.809 
               14.86 -0.00301274 -0.00765975 -0.00414676  -0.00188036 -7.89888e-05   0.00300762 0 0 0 0 0 0 -0.000189844  4.18579e-05  0.000270166 2.76953e-06 -5.6243e-07 6.60507e-07 -0.00085773 0.000143848  0.00115381 -0.000123519  0.000350349       -9.809 
               14.88 -0.00035254  -0.0104727  -0.0037301  -0.00183794 -8.60598e-05   0.00293542 0 0 0 0 0 0  0.000227053 -4.00642e-05 -0.000316047 1.00922e-06 1.29732e-06 3.84586e-07 -0.000873994  0.000146894   0.00119225 -0.000110857  0.000347971       -9.809 
                14.9 -0.00301274 -0.00765975 -0.00414674  -0.00188036 -7.89922e-05   0.00300762 0 0 0 0 0 0 -0.000189934  4.18548e-05  0.000270255  2.76627e-06 -5.62589e-07  6.59639e-07 -0.000857489  0.000143856   0.00115339  -0.0001237 0.000350341      -9.809 
               14.92 -0.000352559   -0.0104726  -0.00373008  -0.00183794 -8.60598e-05   0.00293542 0 0 0 0 0 0  0.000226965 -4.00164e-05 -0.000315984 1.00677e-06 1.29627e-06 3.83843e-07 -0.000873724  0.000146896   0.00119175 -0.000111073  0.000347971       -9.809 
               14.94 -0.00301273 -0.00765979 -0.00414673  -0.00188036 -7.89881e-05   0.00300763 0 0 0 0 0 0 -0.000190008  4.19362e-05  0.000270292  2.76298e-06 -5.62704e-07  6.58777e-07 -0.000857248  0.000143862   0.00115298 -0.000123881  0.000350335       -9.809 
               14.96 -0.000352593   -0.0104726  -0.00373005  -0.00183794 -8.60547e-05   0.00293542 0 0 0 0 0 0   0.00022692  -3.9955e-05 -0.000315967 1.00432e-06 1.29527e-06 3.83094e-07 -0.000873455  0.000146897   0.00119126 -0.000111289  0.000347972       -9.809 
               14.98 -0.00301271 -0.00765977 -0.00414671  -0.00188037 -7.89855e-05   0.00300762 0 0 0 0 0 0 -0.000190008  4.19199e-05  0.000270299  2.75971e-06 -5.62835e-07   6.5791e-07 -0.000857009   0.00014387   0.00115256 -0.00012406 0.000350328      -9.809 
                  15 -0.000352596   -0.0104726  -0.00373007  -0.00183795 -8.60563e-05   0.00293543 0 0 0 0 0 0  0.000226872 -4.00243e-05 -0.000315876 1.00189e-06 1.29433e-06 3.82383e-07 -0.000873187  0.000146901   0.00119077 -0.000111503   0.00034797       -9.809 
               15.02 -0.00301273 -0.00765975 -0.00414674  -0.00188037 -7.89906e-05   0.00300763 0 0 0 0 0 0 -0.000190056  4.18533e-05  0.000270426  2.75649e-06 -5.62973e-07  6.57079e-07 -0.000856771   0.00014388   0.00115215 -0.000124238   0.00035032       -9.809 
               15.04 -0.000352586   -0.0104726   -0.0037301  -0.00183794 -8.60607e-05   0.00293543 0 0 0 0 0 0  0.000226847 -4.00446e-05 -0.000315784 9.99449e-07 1.29333e-06 3.81678e-07 -0.000872922  0.000146905   0.00119028 -0.000111715  0.000347969       -9.809 
               15.06  -0.0030127 -0.00765976 -0.00414673  -0.00188037 -7.89921e-05   0.00300763 0 0 0 0 0 0 -0.000190094  4.18823e-05  0.000270469  2.75323e-06 -5.63101e-07  6.56225e-07 -0.000856534  0.000143888   0.00115174 -0.000124415  0.000350313       -9.809 
               15.08 -0.000352587   -0.0104726   -0.0037301  -0.00183794 -8.60609e-05   0.00293543 0 0 0 0 0 0  0.000226797 -4.00173e-05 -0.000315777 9.96991e-07 1.29237e-06 3.80956e-07 -0.000872657  0.000146907   0.00118979 -0.000111926  0.000347968       -9.809 
                15.1 -0.00301274 -0.00765975 -0.00414675  -0.00188037 -7.89914e-05   0.00300763 0 0 0 0 0 0 -0.000190149  4.19033e-05   0.00027048  2.75001e-06 -5.63242e-07  6.55386e-07 -0.000856298  0.000143896   0.00115133 -0.000124591  0.000350306       -9.809 
               15.12 -0.000352562   -0.0104726  -0.00373011  -0.00183795 -8.60601e-05   0.00293543 0 0 0 0 0 0  0.000226698 -3.99983e-05 -0.000315662 9.94531e-07 1.29138e-06 3.80237e-07 -0.000872393   0.00014691    0.0011893 -0.000112137  0.000347968       -9.809 
               15.14 -0.00301271 -0.00765972 -0.00414676  -0.00188037 -7.89897e-05   0.00300763 0 0 0 0 0 0 -0.000190227  4.19046e-05  0.000270601  2.74676e-06 -5.63418e-07  6.54547e-07 -0.000856062  0.000143903   0.00115092 -0.000124767  0.000350299       -9.809 
               15.16 -0.000352588   -0.0104726  -0.00373009  -0.00183795 -8.60578e-05   0.00293544 0 0 0 0 0 0   0.00022667 -4.00073e-05  -0.00031557 9.92126e-07 1.29043e-06 3.79501e-07 -0.00087213 0.000146912  0.00118882 -0.000112347  0.000347968       -9.809 
               15.18 -0.00301269 -0.00765973 -0.00414674  -0.00188037 -7.89893e-05   0.00300763 0 0 0 0 0 0 -0.000190223  4.18718e-05  0.000270615  2.74354e-06 -5.63508e-07  6.53695e-07 -0.000855828  0.000143911   0.00115051 -0.000124941  0.000350292       -9.809 
                15.2 -0.000352573   -0.0104726  -0.00373008  -0.00183795 -8.60602e-05   0.00293544 0 0 0 0 0 0  0.000226625 -4.00423e-05 -0.000315544 9.89707e-07 1.28949e-06  3.7878e-07 -0.000871868  0.000146915   0.00118834 -0.000112555  0.000347967       -9.809 
               15.22 -0.00301268 -0.00765974 -0.00414674  -0.00188037 -7.89916e-05   0.00300764 0 0 0 0 0 0 -0.000190332  4.18795e-05  0.000270725  2.74032e-06 -5.63639e-07  6.52852e-07 -0.000855594  0.000143919   0.00115011 -0.000125115  0.000350285       -9.809 
               15.24 -0.000352577   -0.0104726  -0.00373007  -0.00183795 -8.60593e-05   0.00293544 0 0 0 0 0 0   0.00022649 -3.99948e-05 -0.000315386  9.8727e-07 1.28849e-06 3.78054e-07 -0.000871608  0.000146918   0.00118786 -0.000112762  0.000347966       -9.809 
               15.26 -0.00301272 -0.00765979 -0.00414673  -0.00188038 -7.89894e-05   0.00300764 0 0 0 0 0 0 -0.000190414  4.19131e-05  0.000270848  2.73712e-06 -5.63788e-07  6.52004e-07 -0.000855363  0.000143927   0.00114971 -0.000125287  0.000350279       -9.809 
               15.28 -0.000352557   -0.0104726  -0.00373006  -0.00183796 -8.60568e-05   0.00293545 0 0 0 0 0 0  0.000226477 -4.00088e-05 -0.000315329 9.8483e-07 1.2875e-06 3.7733e-07 -0.000871349   0.00014692   0.00118738 -0.000112967  0.000347966       -9.809 
                15.3 -0.00301269 -0.00765982 -0.00414672 -0.00188038 -7.8987e-05  0.00300765 0 0 0 0 0 0 -0.000190376  4.18776e-05  0.000270822  2.73393e-06 -5.63884e-07  6.51156e-07 -0.000855132  0.000143934   0.00114931 -0.000125457  0.000350272       -9.809 
               15.32 -0.00035255  -0.0104727 -0.00373007  -0.00183796 -8.60567e-05   0.00293545 0 0 0 0 0 0 0.000226489 -4.0043e-05  -0.0003153 9.82439e-07  1.2866e-06 3.76619e-07 -0.000871092  0.000146923   0.00118691 -0.000113172  0.000347965       -9.809 
               15.34 -0.00301267 -0.00765983 -0.00414673  -0.00188038 -7.89898e-05   0.00300765 0 0 0 0 0 0 -0.000190416   4.1825e-05  0.000270892  2.73074e-06 -5.63976e-07  6.50325e-07 -0.000854902  0.000143942   0.00114891 -0.000125628  0.000350264       -9.809 
               15.36 -0.000352555   -0.0104726  -0.00373005  -0.00183796 -8.60603e-05   0.00293545 0 0 0 0 0 0  0.000226384 -4.00851e-05 -0.000315219  9.8005e-07 1.28562e-06 3.75896e-07 -0.000870835  0.000146926   0.00118644 -0.000113376  0.000347964       -9.809 
               15.38 -0.00301269 -0.00765981 -0.00414673  -0.00188038 -7.89922e-05   0.00300765 0 0 0 0 0 0 -0.000190536  4.18204e-05  0.000270947  2.72757e-06 -5.64162e-07   6.4949e-07 -0.000854673   0.00014395   0.00114851 -0.000125798  0.000350258       -9.809 
                15.4 -0.000352538   -0.0104727  -0.00373006  -0.00183796 -8.60616e-05   0.00293546 0 0 0 0 0 0  0.000226288 -4.00655e-05 -0.000315191 9.77634e-07 1.28465e-06 3.75184e-07 -0.000870579  0.000146929   0.00118597 -0.000113579  0.000347964       -9.809 
               15.42 -0.00301266 -0.00765984 -0.00414672  -0.00188038 -7.89921e-05   0.00300765 0 0 0 0 0 0 -0.00019057 4.18474e-05 0.000270953  2.72436e-06 -5.64288e-07  6.48652e-07 -0.000854445  0.000143957   0.00114812 -0.000125966  0.000350251       -9.809 
               15.44 -0.000352533   -0.0104727  -0.00373003  -0.00183797 -8.60614e-05   0.00293546 0 0 0 0 0 0  0.000226277 -4.00792e-05 -0.000315168 9.75221e-07 1.28371e-06 3.74453e-07 -0.000870325  0.000146931    0.0011855 -0.00011378 0.000347963      -9.809 
               15.46 -0.00301267 -0.00765983 -0.00414674 -0.00188038 -7.8993e-05  0.00300765 0 0 0 0 0 0 -0.000190594  4.17954e-05  0.000270999  2.72121e-06 -5.64407e-07   6.4783e-07 -0.000854218  0.000143965   0.00114773 -0.000126134  0.000350245       -9.809 
               15.48 -0.000352562   -0.0104726  -0.00373007 -0.00183797 -8.6063e-05  0.00293546 0 0 0 0 0 0  0.000226235 -4.01208e-05 -0.000315106 9.72879e-07 1.28273e-06 3.73772e-07 -0.000870072  0.000146934   0.00118504 -0.00011398 0.000347963      -9.809 
                15.5 -0.00301267 -0.00765982 -0.00414673  -0.00188039 -7.89945e-05   0.00300765 0 0 0 0 0 0 -0.000190636  4.17903e-05  0.000271024  2.71808e-06 -5.64556e-07  6.46991e-07 -0.000853992  0.000143972   0.00114734  -0.0001263 0.000350238      -9.809 
               15.52 -0.000352594   -0.0104727  -0.00373004 -0.00183797  -8.606e-05  0.00293546 0 0 0 0 0 0  0.000226155 -4.00495e-05 -0.000315069 9.70508e-07 1.28183e-06 3.73043e-07 -0.000869819  0.000146934   0.00118457 -0.00011418 0.000347964      -9.809 
               15.54 -0.00301262 -0.00765979 -0.00414674  -0.00188039 -7.89913e-05   0.00300765 0 0 0 0 0 0 -0.000190702  4.18502e-05  0.000271021  2.71487e-06 -5.64708e-07  6.46168e-07 -0.000853766  0.000143978   0.00114695 -0.000126467  0.000350233       -9.809 
               15.56 -0.000352565   -0.0104727  -0.00373003  -0.00183797 -8.60591e-05   0.00293546 0 0 0 0 0 0  0.000226087 -4.00338e-05  -0.00031507 9.68092e-07 1.28088e-06 3.72332e-07 -0.000869568  0.000146937   0.00118411 -0.000114378  0.000347964       -9.809 
               15.58 -0.00301265 -0.00765979 -0.00414675  -0.00188039 -7.89895e-05   0.00300765 0 0 0 0 0 0 -0.00019078 4.18541e-05 0.000271078  2.71173e-06 -5.64861e-07  6.45348e-07 -0.000853542  0.000143985   0.00114656 -0.000126632  0.000350226       -9.809 
                15.6 -0.000352567   -0.0104726  -0.00373003  -0.00183798 -8.60595e-05   0.00293546 0 0 0 0 0 0  0.000226035 -4.00709e-05  -0.00031497 9.65718e-07 1.27987e-06  3.7162e-07 -0.000869319  0.000146939   0.00118365 -0.000114575  0.000347963       -9.809 
               15.62 -0.00301265 -0.00765983 -0.00414673  -0.00188039 -7.89908e-05   0.00300765 0 0 0 0 0 0 -0.000190765  4.18145e-05  0.000271158  2.70861e-06 -5.64973e-07  6.44509e-07 -0.00085332 0.000143993  0.00114617 -0.000126795   0.00035022       -9.809 
               15.64 -0.000352601   -0.0104727  -0.00373005  -0.00183798 -8.60584e-05   0.00293546 0 0 0 0 0 0   0.00022605 -4.00837e-05 -0.000314937 9.63378e-07 1.27901e-06 3.70933e-07 -0.00086907 0.000146941  0.00118319 -0.000114771  0.000347963       -9.809 
               15.66 -0.00301262 -0.00765982 -0.00414671   -0.0018804 -7.89893e-05   0.00300766 0 0 0 0 0 0 -0.000190801  4.18143e-05  0.000271171  2.70546e-06 -5.65081e-07  6.43675e-07 -0.000853097  0.000143999   0.00114579 -0.000126958  0.000350214       -9.809 
               15.68 -0.000352582   -0.0104727  -0.00373001  -0.00183798 -8.60579e-05   0.00293547 0 0 0 0 0 0  0.000225946 -4.00701e-05 -0.000314846 9.60998e-07 1.27806e-06   3.702e-07 -0.000868822  0.000146943   0.00118273 -0.000114966  0.000347963       -9.809 
                15.7 -0.00301261  -0.0076598 -0.00414673   -0.0018804 -7.89892e-05   0.00300766 0 0 0 0 0 0 -0.00019093  4.1836e-05 0.000271292  2.70232e-06 -5.65267e-07  6.42866e-07 -0.000852875  0.000144006    0.0011454 -0.000127121  0.000350207       -9.809 
               15.72 -0.000352562   -0.0104727  -0.00373001  -0.00183798 -8.60576e-05   0.00293547 0 0 0 0 0 0  0.000225841 -4.00499e-05 -0.000314711 9.58605e-07 1.27708e-06 3.69496e-07 -0.000868576  0.000146946   0.00118228 -0.000115161  0.000347962       -9.809 
               15.74  -0.0030126 -0.00765985 -0.00414676   -0.0018804 -7.89876e-05   0.00300766 0 0 0 0 0 0 -0.000190944  4.18245e-05  0.000271354  2.69918e-06 -5.65392e-07  6.42063e-07 -0.000852655  0.000144013   0.00114502 -0.000127282  0.000350201       -9.809 
               15.76 -0.00035259  -0.0104727 -0.00373004  -0.00183799 -8.60562e-05   0.00293548 0 0 0 0 0 0   0.00022586 -4.00829e-05 -0.000314694 9.56273e-07 1.27618e-06 3.68819e-07 -0.00086833 0.000146948  0.00118183 -0.000115353  0.000347962       -9.809 
               15.78 -0.00301256 -0.00765985 -0.00414672   -0.0018804 -7.89869e-05   0.00300766 0 0 0 0 0 0 -0.00019093 4.18048e-05 0.000271388  2.69606e-06 -5.65486e-07  6.41218e-07 -0.000852436   0.00014402   0.00114464 -0.000127442  0.000350195       -9.809 
                15.8 -0.000352599   -0.0104728  -0.00373005  -0.00183799 -8.60536e-05   0.00293548 0 0 0 0 0 0  0.000225789 -4.00669e-05 -0.000314576 9.53934e-07 1.27529e-06 3.68123e-07 -0.000868085  0.000146949   0.00118138 -0.000115546  0.000347963       -9.809 
               15.82 -0.00301255 -0.00765984 -0.00414669  -0.00188041 -7.89854e-05   0.00300767 0 0 0 0 0 0 -0.000191028  4.18303e-05  0.000271534  2.69295e-06 -5.65626e-07  6.40379e-07 -0.000852217  0.000144027   0.00114426 -0.000127602  0.000350189       -9.809 
               15.84 -0.000352569   -0.0104727  -0.00372997  -0.00183799 -8.60551e-05   0.00293548 0 0 0 0 0 0  0.000225718 -4.00656e-05 -0.000314487 9.51546e-07 1.27427e-06 3.67371e-07 -0.000867843  0.000146953   0.00118093 -0.000115736  0.000347962       -9.809 
               15.86 -0.00301257 -0.00765985 -0.00414672  -0.00188041 -7.89873e-05   0.00300767 0 0 0 0 0 0 -0.000191083  4.18275e-05  0.000271555  2.68984e-06 -5.65792e-07  6.39588e-07   -0.000852 0.000144035  0.00114389 -0.00012776 0.000350182      -9.809 
               15.88 -0.000352558   -0.0104728  -0.00372998    -0.001838 -8.60545e-05   0.00293549 0 0 0 0 0 0  0.000225672 -4.00451e-05 -0.000314452 9.49175e-07 1.27338e-06 3.66679e-07  -0.0008676 0.000146955  0.00118049 -0.000115927  0.000347961       -9.809 
                15.9 -0.00301256 -0.00765989 -0.00414672  -0.00188041 -7.89863e-05   0.00300768 0 0 0 0 0 0 -0.000191084  4.18236e-05   0.00027161  2.68673e-06 -5.65891e-07  6.38768e-07 -0.000851783  0.000144042   0.00114351 -0.000127918  0.000350176       -9.809 
               15.92 -0.000352583   -0.0104727  -0.00373001    -0.001838 -8.60538e-05   0.00293549 0 0 0 0 0 0  0.000225655 -4.00663e-05 -0.000314329 9.46849e-07 1.27246e-06 3.66003e-07 -0.000867359  0.000146957   0.00118004 -0.000116115  0.000347961       -9.809 
               15.94 -0.00301259 -0.00765994 -0.00414672  -0.00188041 -7.89869e-05   0.00300768 0 0 0 0 0 0 -0.000191097  4.17789e-05  0.000271705  2.68366e-06 -5.65989e-07  6.37959e-07 -0.000851568  0.000144049   0.00114314 -0.000128075   0.00035017       -9.809 
               15.96 -0.000352578   -0.0104727     -0.00373    -0.001838 -8.60534e-05    0.0029355 0 0 0 0 0 0  0.000225634 -4.00946e-05 -0.000314299 9.44525e-07 1.27155e-06 3.65305e-07 -0.000867119   0.00014696    0.0011796 -0.000116303  0.000347961       -9.809 
               15.98 -0.00301258 -0.00765996 -0.00414672  -0.00188041 -7.89869e-05   0.00300768 0 0 0 0 0 0 -0.00019111 4.17891e-05 0.000271704  2.68059e-06 -5.66086e-07  6.37146e-07 -0.000851353  0.000144056   0.00114277 -0.000128231  0.000350164       -9.809 
                  16 -0.000352546   -0.0104727  -0.00373001    -0.001838 -8.60555e-05    0.0029355 0 0 0 0 0 0 0.000225617 -4.0074e-05  -0.0003143 9.42153e-07 1.27063e-06  3.6462e-07 -0.000866881  0.000146962   0.00117916 -0.00011649  0.00034796      -9.809 
               16.02 -0.00301255 -0.00765994 -0.00414672  -0.00188041 -7.89876e-05   0.00300768 0 0 0 0 0 0 -0.000191179  4.18253e-05  0.000271731  2.67747e-06 -5.66238e-07  6.36336e-07 -0.000851139  0.000144063    0.0011424 -0.000128387  0.000350157       -9.809 
               16.04 -0.000352548   -0.0104727     -0.00373    -0.001838 -8.60545e-05    0.0029355 0 0 0 0 0 0  0.000225521 -4.00599e-05 -0.000314233 9.39798e-07  1.2697e-06 3.63918e-07 -0.000866642  0.000146965   0.00117873 -0.000116676   0.00034796       -9.809 
               16.06 -0.00301255 -0.00765997 -0.00414672  -0.00188041 -7.89887e-05   0.00300768 0 0 0 0 0 0 -0.000191237   4.1781e-05  0.000271797 2.67439e-06 -5.6638e-07 6.35532e-07 -0.000850925   0.00014407   0.00114203 -0.000128541  0.000350151       -9.809 
               16.08 -0.000352528   -0.0104728  -0.00372998    -0.001838 -8.60566e-05    0.0029355 0 0 0 0 0 0  0.000225487 -4.01038e-05 -0.000314151 9.37468e-07 1.26882e-06 3.63212e-07 -0.000866404  0.000146968   0.00117829 -0.000116862  0.000347959       -9.809 
                16.1 -0.00301256 -0.00765999 -0.00414673  -0.00188042 -7.89917e-05   0.00300769 0 0 0 0 0 0 -0.000191224   4.1743e-05  0.000271833  2.67134e-06 -5.66472e-07  6.34731e-07 -0.000850712  0.000144078   0.00114167 -0.000128695  0.000350144       -9.809 
               16.12 -0.000352554   -0.0104728     -0.00373    -0.001838 -8.60597e-05   0.00293551 0 0 0 0 0 0  0.000225514   -4.013e-05 -0.000314133 9.35173e-07 1.26793e-06 3.62537e-07 -0.000866168  0.000146971   0.00117786 -0.000117046  0.000347958       -9.809 
               16.14 -0.00301255 -0.00765999 -0.00414673  -0.00188042 -7.89934e-05   0.00300769 0 0 0 0 0 0 -0.000191256    4.174e-05  0.000271837  2.66829e-06 -5.66576e-07  6.33926e-07  -0.0008505 0.000144085   0.0011413 -0.000128849  0.000350138       -9.809 
               16.16 -0.000352539   -0.0104728  -0.00372999    -0.001838 -8.60605e-05   0.00293551 0 0 0 0 0 0  0.000225406 -4.01099e-05 -0.000314075 9.32836e-07 1.26701e-06 3.61842e-07 -0.000865933  0.000146973   0.00117743 -0.000117229  0.000347958       -9.809 
               16.18 -0.00301254    -0.00766 -0.00414671  -0.00188042 -7.89934e-05   0.00300769 0 0 0 0 0 0 -0.000191389  4.17845e-05  0.000271941  2.66521e-06 -5.66739e-07  6.33112e-07 -0.000850289  0.000144091   0.00114094 -0.000129001  0.000350133       -9.809 
                16.2 -0.00035252  -0.0104728 -0.00372998  -0.00183801 -8.60582e-05   0.00293551 0 0 0 0 0 0  0.000225326 -4.00759e-05  -0.00031403 9.30484e-07 1.26606e-06 3.61148e-07 -0.000865698  0.000146974     0.001177 -0.000117412  0.000347958       -9.809 
               16.22 -0.00301253 -0.00765999 -0.00414672  -0.00188042 -7.89916e-05   0.00300769 0 0 0 0 0 0 -0.000191399  4.17626e-05  0.000271906  2.66215e-06 -5.66887e-07  6.32315e-07 -0.000850078  0.000144097   0.00114058 -0.000129153  0.000350127       -9.809 
               16.24 -0.000352552   -0.0104728  -0.00372996  -0.00183801 -8.60576e-05   0.00293551 0 0 0 0 0 0  0.000225297 -4.01181e-05 -0.000314023 9.28214e-07 1.26519e-06 3.60452e-07 -0.000865463  0.000146976   0.00117657 -0.000117594  0.000347958       -9.809 
               16.26 -0.00301261 -0.00766004 -0.00414667  -0.00188043 -7.89892e-05   0.00300769 0 0 0 0 0 0 -0.000191441  4.17489e-05  0.000271982   2.6592e-06 -5.66962e-07  6.31484e-07 -0.000849869  0.000144103   0.00114022 -0.000129304  0.000350122       -9.809 
               16.28 -0.000352526   -0.0104728  -0.00372997  -0.00183801 -8.60566e-05   0.00293551 0 0 0 0 0 0  0.000225258 -4.01204e-05 -0.000313882  9.2591e-07 1.26429e-06 3.59774e-07 -0.000865232  0.000146978   0.00117614 -0.000117774  0.000347958       -9.809 
                16.3  -0.0030126 -0.00766003 -0.00414668  -0.00188043 -7.89895e-05    0.0030077 0 0 0 0 0 0 -0.000191498    4.175e-05   0.00027208 2.65616e-06 -5.6712e-07 6.30691e-07 -0.000849661   0.00014411   0.00113986 -0.000129453  0.000350116       -9.809 
               16.32 -0.000352552   -0.0104728  -0.00372995  -0.00183801 -8.60526e-05   0.00293552 0 0 0 0 0 0  0.000225191 -4.00765e-05  -0.00031387 9.23616e-07 1.26335e-06 3.59074e-07 -0.000865001  0.000146979   0.00117572 -0.000117953  0.000347959       -9.809 
               16.34 -0.00301261 -0.00766005 -0.00414668  -0.00188043 -7.89839e-05    0.0030077 0 0 0 0 0 0 -0.000191557  4.18074e-05  0.000272043  2.65313e-06 -5.67261e-07  6.29895e-07 -0.000849454  0.000144115    0.0011395 -0.000129603  0.000350111       -9.809 
               16.36 -0.000352506   -0.0104728  -0.00372995  -0.00183802 -8.60529e-05   0.00293552 0 0 0 0 0 0  0.000225131 -4.00835e-05 -0.000313845  9.2128e-07 1.26245e-06 3.58396e-07 -0.000864771  0.000146982    0.0011753 -0.000118132  0.000347958       -9.809 
               16.38 -0.00301258 -0.00766005 -0.00414668  -0.00188043 -7.89853e-05    0.0030077 0 0 0 0 0 0 -0.000191614   4.1776e-05  0.000272153  2.65008e-06 -5.67397e-07  6.29099e-07 -0.000849247  0.000144122   0.00113915 -0.000129751  0.000350105       -9.809 
                16.4 -0.000352512   -0.0104728  -0.00372999  -0.00183802 -8.60524e-05   0.00293552 0 0 0 0 0 0  0.000225076 -4.01173e-05 -0.000313727 9.18991e-07 1.26157e-06  3.5774e-07 -0.000864541  0.000146984   0.00117488 -0.00011831 0.000347958      -9.809 
               16.42  -0.0030126 -0.00766008 -0.00414668  -0.00188043 -7.89858e-05   0.00300771 0 0 0 0 0 0 -0.000191659  4.17316e-05   0.00027222  2.64711e-06 -5.67522e-07  6.28308e-07 -0.000849041  0.000144129   0.00113879 -0.000129899  0.000350099       -9.809 
               16.44 -0.000352535   -0.0104728  -0.00373002  -0.00183774 -8.62595e-05   0.00293492 0 0 0 0 0 0  0.0248449  -0.018505 -0.0539425 9.16735e-07 1.26064e-06 3.57078e-07 -0.000864313  0.000146986   0.00117446 -0.000118486  0.000347958       -9.809 
               16.46 -0.0294195 0.00524331 0.00780678  -0.00157983 -0.000282595   0.00264037 0 0 0 0 0 0   0.187631 -0.0341771 -0.0588521  4.44169e-05 -1.23975e-05 -2.10234e-05  -0.0007787 9.32326e-05 0.000818952 -0.000182416  0.000388151       -9.809 
               16.48 -0.0343967   0.012313 -0.0280008 0.000807545 -0.00164685  0.00148577 0 0 0 0 0 0    0.36242 -0.0366127  -0.014199  7.16238e-05 -2.11157e-05 -1.10018e-05 -0.000366187  0.000277367  0.000780836 -0.000490431  0.000250786       -9.809 
                16.5 -0.0192308  -0.026275 -0.0134035  0.00670077 -0.00181015  0.00137368 0 0 0 0 0 0   0.396644 -0.0311191 -0.0127436 6.10969e-05 3.61198e-06 -2.2175e-05 6.31699e-05 8.64407e-05 0.000681767 -0.000810619  0.000393276       -9.809 
               16.52 -0.0279274 -0.0158277 -0.0239406   0.0163217 -0.00220962  0.00174167 0 0 0 0 0 0   0.411137 -0.0295178 -0.0182664 7.02491e-05 -8.0263e-06 -1.7464e-05 -0.000447646  4.68245e-05  0.000434497 -0.000429733  0.000422772       -9.809 
               16.54  -0.0280321 -0.00407583  -0.0171367   0.025609 -0.0023492 0.00130003 0 0 0 0 0 0   0.418742 -0.0253229 -0.0314606  7.12228e-05 -2.46932e-05 -2.18657e-05 -0.000769837 -7.28529e-05  0.000489396 -0.000189559  0.000511699       -9.809 
               16.56 -0.0376156 -0.0146853 -0.0180249   0.0345175 -0.00156832 0.000975134 0 0 0 0 0 0   0.423219    -0.0183 -0.0335394  7.53501e-05 -2.50071e-05 -2.17507e-05 -0.000912393 -0.000448574  0.000367524 -8.28557e-05  0.000791567       -9.809 
               16.58 -0.0298932 -0.0240931 -0.0213963    0.0445059 -0.000475937    0.0010317 0 0 0 0 0 0    0.433925 -0.00742656  -0.0242456  7.30046e-05 -2.11844e-05 -1.95723e-05  -0.00135327 -0.000859977  7.14756e-05 0.000246025  0.00109764      -9.809 
                16.6 -0.0120599 -0.0243858 -0.0214835   0.0541381 0.000845499 0.000870602 0 0 0 0 0 0   0.440867 0.00669107 -0.0228305  6.22206e-05  -2.4829e-05 -1.88563e-05  -0.00162292  -0.00128331 -5.25443e-05 0.000447527  0.00141237      -9.809 
               16.62 -0.0190637 -0.0191334 -0.0165781   0.0635319  0.00255756 0.000592767 0 0 0 0 0 0   0.449251  0.0180134 -0.0324564  6.47259e-05  -2.9278e-05 -2.12187e-05  -0.00177661  -0.00174411 -0.000116308 0.000562945  0.00175487      -9.809 
               16.64 -0.0122823 -0.0277593  -0.011023   0.0736325  0.00438662 0.000934245 0 0 0 0 0 0   0.454824  0.0241271 -0.0260123  6.19355e-05 -1.24802e-05 -2.41019e-05  -0.00208919  -0.00216313 -0.000539341 0.000796245  0.00206667      -9.809 
               16.66  -0.0156461  -0.0103842 -0.00691345  0.0840423 0.00569724 0.00105528 0 0 0 0 0 0   0.460115  0.0283074 -0.0248461  7.74176e-05 -1.55951e-05 -2.65791e-05  -0.00247388  -0.00239076 -0.000805073 0.00108249 0.00223553     -9.809 
               16.68  -0.0137556   0.0124913 -0.00355106   0.0958341  0.00727364 0.000443308 0 0 0 0 0 0  0.482373 0.0416271  -0.04061  8.99945e-05 -3.16633e-05 -2.88501e-05  -0.00325319  -0.00265878 -0.000707301 0.00166182 0.00243228     -9.809 
                16.7  0.00383848  0.00841847 -0.00305737     0.106158   0.00806595 -0.000969968 0 0 0 0 0 0   0.406795  0.0440459 -0.0602153  7.45766e-05 -3.16257e-05 -2.92816e-05  -0.00346712  -0.00263973 -0.000424627 0.0018207 0.0024168    -9.809 
               16.72 0.000941967  0.00848806  0.00194825    0.114455  0.00933198 -0.00203525 0 0 0 0 0 0    0.22666  0.0457807 -0.0684617  6.96007e-05 -2.93529e-05 -3.22128e-05  -0.00350988  -0.00275255 -0.000483269 0.00185261 0.00250058     -9.809 
               16.74 -0.00498736   0.0186571    0.014394    0.119833  0.00936504 -0.00301455 0 0 0 0 0 0   0.134433  0.0385448 -0.0706604  7.36364e-05 -3.29065e-05 -3.96622e-05  -0.00377764  -0.00247477 -0.000648264 0.00205065 0.00229498     -9.809 
               16.76 -0.00355799   0.0284355  -0.0245884    0.121721  0.00863436 -0.00366533 0 0 0 0 0 0   0.153083 0.00387998 -0.0145476  6.40356e-05 -5.53483e-05  1.87182e-05 -0.00354714 -0.00203456 -0.00100902 0.00187967 0.00197004     -9.809 
               16.78 -0.00661559 -0.00889011  -0.0359422     0.12336   0.0096409 -0.00341521 0 0 0 0 0 0  0.140435 0.0272459  0.128466  4.61425e-05 -2.95374e-05  0.000130347 -0.00309523 -0.00233116 -0.00127172 0.00154528 0.00218997     -9.809 
                16.8 0.0207531 0.0202434  0.118635    0.122885  0.00889789 -0.00120683 0 0 0 0 0 0 0.0987394 0.0520524  0.206128 2.45915e-05 -3.8987e-05 0.000202188 -0.00211704 -0.00199348 -0.00116488 0.000821554  0.00193881      -9.809 
               16.82 -0.0647886  0.0285116   0.314222   0.122558 0.00863652 0.00402371 0 0 0 0 0 0  0.060591 0.0723275  0.123148  0.000114029 -8.38732e-05   0.00029865  -0.0014224 -0.00163418  -0.0017035 0.000309136  0.00167375      -9.809 
               16.84 -0.109487 0.0392287  0.655031   0.116283 0.00511987 0.00532892 0 0 0 0 0 0 -0.138489  0.173017  0.179295   0.00023806 -0.000139999  0.000339929 0.000781228 -0.00026627 -0.00131534 -0.00131775 0.000656219      -9.809 
               16.86 -0.0926897  0.0682716    1.02035   0.114188 0.00165559 0.00382529 0 0 0 0 0 0 -0.237324  0.264019   0.28368  0.000330955 -0.000218588  0.000419079 0.000429379  0.00179219 0.000974776  -0.00104905 -0.000864312       -9.809 
               16.88 -0.0198485 -0.0111626    1.48772   0.107221 0.00313694 0.00368046 0 0 0 0 0 0 -0.224077   0.25444  0.155433 0.000321515 -0.00020822 0.000491658 0.000995583  0.00286538  0.00357068 -0.00145604 -0.00167161      -9.809 
                16.9  0.0419003 -0.0730143    2.01963   0.105055 0.00153627 0.00375468 0 0 0 0 0 0  -0.149294   0.125018 0.00189229  0.000248124 -0.000177245  0.000559587 0.000207297  0.00490896  0.00496396 -0.000796229  -0.00314052       -9.809 
               16.92 -0.00595979   0.0183163     2.62662    0.103801   0.0048954 -0.00043321 0 0 0 0 0 0 -0.0726082  0.0501574  -0.169262  0.000242303 -0.000333818  0.000636047 -0.000347236   0.00469706   0.00692003 -0.000408083  -0.00295087       -9.809 
               16.94 -0.0592694   0.075402    3.34909    0.100444  0.00327352 -0.00781156 0 0 0 0 0 0  0.0973299 -0.0553468  -0.277977 0.000220354 -0.00060241 0.000695701 0.000176585  0.00540087  0.00870104 -0.000724777  -0.00351668       -9.809 
               16.96 -0.202749  0.149131   4.30805  0.0977297 0.00720908 -0.0184747 0 0 0 0 0 0    0.259498 0.000974082   -0.167415 0.000237618 -0.00112015 0.000480161 0.00141863 0.00363201  0.0109739 -0.00195261 -0.00247998      -9.809 
               16.98 -0.590571  -1.18872   5.18611   0.106445 0.00641173 -0.0218702 0 0 0 0 0 0   0.363966  0.0723534 -0.0620784  0.000460923 -0.000693803  4.61377e-05 0.000426834  0.00411064   0.0110518 -0.00111594 -0.00257048      -9.809 
                  17 -0.0912362   -2.11309    5.30351    0.11144 0.00424996 -0.0199846 0 0 0 0 0 0  0.389482  0.061335 -0.105836  0.000132265 -0.000273127 -3.45497e-05 0.00125761   0.005017 0.00958233 -0.00140338 -0.00342829      -9.809 
               17.02 0.0112252  -2.33918   5.25793   0.114515 0.00351436 -0.0188843 0 0 0 0 0 0  0.391816 0.0544273 -0.152125    6.689e-05 -0.000194949 -4.16328e-06 0.00272126 0.00513323 0.00803296 -0.00234172 -0.00410758      -9.809 
               17.04 0.0421287   -2.4682   5.24813   0.119572 0.00313378 -0.0197317 0 0 0 0 0 0   0.413116  0.0539198 -0.0792442  4.75359e-05 -6.94217e-05  9.71789e-06  0.0036121 0.00524071 0.00697904 -0.00286327 -0.00462299      -9.809 
               17.06 0.0827006  -2.46913   5.26298   0.128629 0.00386835 -0.0197096 0 0 0 0 0 0  0.447426 0.0568635 0.0349362 -1.52852e-05  2.52669e-05   1.9544e-05 0.00342645 0.00545889 0.00626158 -0.00266092 -0.00463108      -9.809 
               17.08 0.0852757   -2.4202   5.28675   0.141161 0.00560977 -0.0166324 0 0 0 0 0 0  0.469086 0.0602053 0.0639431 -8.15477e-05  9.32472e-05  3.36869e-05 0.00236604 0.00584804 0.00525686 -0.00194376 -0.00414171      -9.809 
                17.1 -0.0437797    -2.2729    5.34764   0.153615 0.00759663 -0.0123567 0 0 0 0 0 0  0.483755 0.0621055 0.0912929 -2.96827e-05  5.04643e-05  3.00419e-06 0.00137529 0.00614423 0.00396681 -0.00142112 -0.00363189      -9.809 
               17.12 -0.0623441    -2.1623    5.33561   0.165548 0.00970793 -0.0115399 0 0 0 0 0 0  0.503342 0.0677276 0.0793869 -1.73119e-05 -2.17462e-05  1.03119e-05 0.000687987  0.00631265  0.00448488 -0.000969586  -0.00314861       -9.809 
               17.14 -0.0487818   -2.16675    5.32866   0.177123  0.0117817 -0.0106185 0 0 0 0 0 0  0.509646 0.0764505  0.066011 -3.01016e-05 -1.44881e-05  1.53069e-05 0.000207353   0.0063997  0.00483132 -0.00069203 -0.00278208      -9.809 
               17.16 -0.0478347   -2.17575    5.33488   0.187751  0.0139689 -0.0102737 0 0 0 0 0 0  0.512852 0.0811297 0.0501675 -3.49162e-05 -7.58291e-06  1.45827e-05 3.29506e-05  0.00629569  0.00529216 -0.000647445   -0.0025746       -9.809 
               17.18 -0.0523656   -2.16177    5.35796   0.197854  0.0153142 -0.0101035 0 0 0 0 0 0  0.518974 0.0718864 0.0449126 -2.99901e-05 -2.57993e-05  2.33482e-06 0.000171875  0.00634953  0.00566946 -0.000581166  -0.00265018       -9.809 
                17.2 -0.0790219   -2.14399    5.35683   0.206698  0.0161121 -0.0110212 0 0 0 0 0 0  0.511192 0.0638886 0.0326906 1.81254e-06 -4.7061e-05 1.82503e-06 0.000807956  0.00621037  0.00645611 -0.000709292  -0.00301633       -9.809 
               17.22 -0.00200942    -2.22881     5.41493   0.216121  0.0166053 -0.0112296 0 0 0 0 0 0   0.516532  0.0637672 -0.0189672 -6.60238e-05  5.46647e-05 -0.000107452  0.0012226 0.00626845 0.00682587 -0.000691884  -0.00330452       -9.809 
               17.24 0.00521557    -2.2178    5.29611    0.228013    0.020413 -0.00782444 0 0 0 0 0 0   0.522672  0.0833601 -0.0238101 -9.92131e-05  0.000121918 -0.000191855 7.24225e-05  0.00585701  0.00514716  -0.0010774 -0.00254319      -9.809 
               17.26 -0.0474354   -2.13149     5.0969    0.240386   0.0254722 -0.00604045 0 0 0 0 0 0   0.513117   0.117835 -0.0010098 -6.67268e-05  8.74232e-05  -0.00025688 -0.00123479  0.00528332  0.00418224 -0.00143899 -0.00153016      -9.809 
               17.28 -0.128335  -2.03912   4.82902    0.249725   0.0284209 -0.00715691 0 0 0 0 0 0  0.459063  0.157601 0.0570519 -1.13893e-05  1.47067e-05 -0.000321979 -0.00102078  0.00490499  0.00465485 -0.00168849 -0.00155292      -9.809 
                17.3 -0.139554  -2.02757   4.45579    0.257108   0.0307773 -0.00709428 0 0 0 0 0 0   0.42441  0.164776 0.0481687  2.10495e-05 -2.97096e-05 -0.000352506 -0.000314824   0.00473747    0.0050874 -0.00187847 -0.00200962      -9.809 
               17.32 -0.100503  -2.05721   4.06463    0.264891   0.0342406 -0.00655036 0 0 0 0 0 0  0.407191  0.118267 -0.113867  8.28843e-05 -4.30449e-05 -0.000398122 -0.000127407   0.00453172   0.00525596 -0.00204462  -0.0020864      -9.809 
               17.34 0.170858 -2.23746  3.64261    0.272497   0.0354886 -0.00859142 0 0 0 0 0 0   0.270835 -0.0281726  0.0203275 -6.94538e-05  0.000206597 -0.000467205 0.00020032 0.00474093 0.00513083 -0.00197854 -0.00240696      -9.809 
               17.36 0.160291 -1.74602  3.18187   0.280778  0.0366029 -0.0122766 0 0 0 0 0 0  0.190782 -0.107526  0.201643 -0.000110382  3.22849e-05 -0.000625661 -0.000567358    0.0048635   0.00707568 -0.00132049 -0.00160033      -9.809 
               17.38 0.219035 -1.67234  2.61789   0.288368  0.0332872 -0.0149459 0 0 0 0 0 0  0.225223 -0.129749  0.140406 -0.000154225 -2.11933e-05 -0.000826855 -0.000913202   0.00597371    0.0102049 0.000229006 -0.00126993      -9.809 
                17.4  0.22415 -1.70967   1.7069   0.293649  0.0303723 -0.0167049 0 0 0 0 0 0  0.250498 -0.127766 0.0498385 -0.000173225  1.04997e-05 -0.000832039 -0.000756324   0.00621801    0.0122791 0.000782219 -0.00121375      -9.809 
               17.42  0.12855 -1.63225 0.823238   0.299257  0.0273001 -0.0195549 0 0 0 0 0 0   0.264511  -0.130801 -0.0380573 -9.56234e-05 -3.98928e-05 -0.000848431 -0.000585384     0.006476    0.0140212    0.001262 -0.00123016      -9.809 
               17.44 0.152128 -1.69341 -0.15047   0.306863  0.0266376 -0.0220903 0 0 0 0 0 0   0.201622  -0.142009 -0.0633334 -8.38001e-05 -8.84848e-06 -0.000803425 -0.00136322  0.00630869   0.0148938   0.00161478 -0.000543117       -9.809 
               17.46 0.206281  -1.7497 -1.16402   0.312934  0.0258811 -0.0248511 0 0 0 0 0 0  0.0474451  -0.090791 -0.0433196 -0.000151336  7.36666e-05 -0.000614185 -0.00207396  0.00602531   0.0156336  0.00189254 0.000109116      -9.809 
               17.48 0.135129 -1.64375 -2.05497   0.31654 0.0258145 -0.027165 0 0 0 0 0 0  -0.030466 -0.0379332 -0.0185399 -0.000126074  6.52642e-05 -0.000214388 -0.00289665  0.00587839   0.0163661  0.00236246 0.000706193      -9.809 
                17.5 0.0123461  -1.52118  -2.33028   0.319339  0.0259496 -0.0269025 0 0 0 0 0 0  0.0136805 -0.0301924   -0.02121 -4.22589e-05  7.36643e-06 -4.22511e-05 -0.00396697  0.00599069   0.0161761 0.00295872 0.00110482     -9.809 
               17.52 0.00974621   -1.51448    -2.3112   0.321173  0.0264565 -0.0270191 0 0 0 0 0 0  0.0664108 -0.0216954 -0.0198108 -4.26387e-05  3.13636e-06 -8.14728e-05 -0.00447958  0.00580819   0.0160854 0.00318876 0.00140244     -9.809 
               17.54 0.0164495  -1.50257  -2.31158   0.323448  0.0274411 -0.0273012 0 0 0 0 0 0    0.108856   -0.010152 -0.00959285 -5.24634e-05  -3.7171e-06 -0.000162897 -0.00478121  0.00547034   0.0160671 0.00331526  0.0017222     -9.809 
               17.56 0.0309731   -1.4907  -2.41254   0.324935  0.0261416 -0.0276847 0 0 0 0 0 0    0.140288  -0.0176738 -0.00545118 -7.96892e-05 -2.33294e-05 -0.000228853 -0.00458196  0.00574877   0.0161281 0.00320878 0.00149019     -9.809 
               17.58 0.0274727  -1.49697  -2.59134    0.32807  0.0255565 -0.0269121 0 0 0 0 0 0   0.185571 -0.0448023 0.00070568 -9.39186e-05  -3.3362e-05 -0.000285379 -0.0047311 0.00581544  0.0157436 0.00322259 0.00143029     -9.809 
                17.6 0.00173288   -1.50728   -2.84743   0.331668  0.0247442 -0.0266725 0 0 0 0 0 0   0.229932 -0.0799826 0.00237794 -8.22576e-05 -2.74624e-05 -0.000329944 -0.0047041 0.00579641  0.0156406 0.00318919 0.00145383     -9.809 
               17.62 -0.0131601   -1.54708   -3.11391   0.334947  0.0252971 -0.0254276 0 0 0 0 0 0   0.266136 -0.0715234 0.00798867 -7.69618e-05 -1.89675e-06 -0.000407315 -0.00421392  0.00527697   0.0150823 0.00294189  0.0020061     -9.809 
               17.64 -0.0460696   -1.55025   -3.47122   0.339361  0.0246801 -0.0253983 0 0 0 0 0 0   0.300344 -0.0873345  0.0154729 -5.94893e-05 -7.32018e-06  -0.00046583 -0.00386682  0.00510793   0.0151186  0.0028097 0.00225241     -9.809 
               17.66 -0.022665  -1.55311  -3.90365   0.344743  0.0228712 -0.0255088 0 0 0 0 0 0  0.341119 -0.101079 0.0297596 -8.14055e-05 -9.28174e-06 -0.000514834 -0.00366995  0.00516498   0.0152867 0.00270407 0.00229348     -9.809 
               17.68 -0.0347719   -1.56471   -4.38251   0.350545  0.0208181 -0.0253628 0 0 0 0 0 0   0.362453 -0.0915189  0.0327442 -8.89676e-05 -9.91208e-06 -0.000574262 -0.00335274  0.00525326   0.0154568 0.00252226 0.00238763     -9.809 
                17.7 -0.0624841   -1.52943   -4.94912   0.357906  0.0197847 -0.0256852 0 0 0 0 0 0   0.360654 -0.0460325 -0.0520997  -0.00010509 -7.18208e-05 -0.000619704 -0.00324023  0.00502146   0.0158918 0.00266064 0.00254614     -9.809 
               17.72 -0.17587 -1.53197 -5.63104    0.36773  0.0216745 -0.0261847 0 0 0 0 0 0  0.385716 0.0172626 -0.115933 -5.58286e-06 -0.000165673 -0.000572023 -0.00363938  0.00400648   0.0157321 0.00340833 0.00284381     -9.809 
               17.74 -0.116342  -1.74674  -6.44865  0.371029 0.0213843 -0.028457 0 0 0 0 0 0   0.36358 0.0150756 -0.107055  1.55106e-05 -9.70338e-05 -0.000223304 -0.00243898  0.00468245   0.0155907 0.00246647  0.0032909     -9.809 
               17.76 -0.119798  -1.87468  -6.68975  0.375101 0.0214766 -0.030526 0 0 0 0 0 0   0.345826 0.00985076  -0.108482  2.94795e-05 -2.07668e-05 -6.15395e-05 -0.00153637  0.00514962   0.0154729 0.00180537 0.00370735     -9.809 
               17.78 -0.104798  -1.89036  -6.65314   0.380574    0.02101 -0.0323571 0 0 0 0 0 0     0.339651 -0.000212422    -0.110257  2.26108e-05 -1.76241e-05 -8.14019e-05 -0.0012474 0.00553491  0.0152837 0.00141823 0.00378948     -9.809 
                17.8 -0.0923569   -1.89892   -6.63018  0.387381 0.0201346 -0.032905 0 0 0 0 0 0    0.344172 -0.00563502   -0.105298  1.25361e-05 -1.80026e-05 -0.000110408 -0.0014994 0.00577755  0.0145514  0.0012113 0.00360249     -9.809 
               17.82 -0.094055  -1.89513  -6.64938  0.394534 0.0187045 -0.033239 0 0 0 0 0 0    0.337305 -0.00855152  -0.0993724  1.03204e-05 -2.34595e-05 -0.000116348 -0.00194108  0.00608893   0.0137728 0.000966719  0.00326821      -9.809 
               17.84 -0.0817611   -1.89785   -6.69657   0.402407  0.0174424 -0.0331638 0 0 0 0 0 0   0.340575 -0.0151129 -0.0803857 -7.66695e-06 -2.88023e-05 -9.02487e-05 -0.00261762  0.00617714   0.0128879 0.000894915  0.00281454      -9.809 
               17.86 -0.117076  -1.90839  -6.70269   0.410461  0.0161622 -0.0335095 0 0 0 0 0 0   0.361921 -0.0275643 -0.0651224  7.32484e-06 -2.97785e-05 -8.55605e-05 -0.00327481  0.00618704   0.0123607 0.00089753 0.00234362     -9.809 
               17.88 -0.102864   -1.9152  -6.70743   0.418901  0.0146595 -0.0335343 0 0 0 0 0 0   0.378573 -0.0382453  -0.057589 -1.52474e-06 -2.80568e-05 -7.90114e-05 -0.00392644  0.00618565    0.011826 0.000885719  0.00187528      -9.809 
                17.9 -0.108068  -1.89908  -6.70376    0.42675  0.0126981 -0.0338846 0 0 0 0 0 0   0.387553 -0.0500388 -0.0449835  4.49963e-06 -4.33211e-05 -6.60456e-05 -0.00435646  0.00643186   0.0114768 0.00066356 0.00154417     -9.809 
               17.92 -0.105549  -1.90078  -6.67367  0.434539 0.0107471 -0.034292 0 0 0 0 0 0  0.388763 -0.058178 -0.041322  3.68737e-06 -4.61002e-05 -8.26696e-05 -0.00464447  0.00666455   0.0112586 0.00045366 0.00132031     -9.809 
               17.94 -0.107499   -1.9059  -6.65907   0.443091 0.00920264 -0.0345259 0 0 0 0 0 0   0.392437 -0.0641359 -0.0389547  5.83526e-06 -4.03129e-05 -9.58035e-05 -0.00500282  0.00658624   0.0110175 0.000495431  0.00105572      -9.809 
               17.96 -0.106014  -1.90169  -6.68614   0.451949 0.00808068 -0.0344651 0 0 0 0 0 0   0.407926 -0.0655547 -0.0326722  1.20083e-05 -4.49834e-05 -6.88154e-05 -0.00529609  0.00632128   0.0106747 0.000677619 0.000860995      -9.809 
               17.98 -0.11384 -1.90026 -6.65165   0.461453 0.00737906 -0.0343719 0 0 0 0 0 0    0.42399 -0.0594057 -0.0255472  2.26227e-05 -5.31522e-05 -8.81452e-05 -0.00555614   0.0058616   0.0103834  0.00102698 0.000686101      -9.809 
                  18 -0.108834  -1.90733  -6.65021   0.470904 0.00663289 -0.0347252 0 0 0 0 0 0   0.431961 -0.0534537 -0.0191157  2.11616e-05 -5.05957e-05 -8.88884e-05 -0.00571857  0.00552207   0.0103413  0.00130494 0.000556422      -9.809 
               18.02 -0.0649417   -1.93023   -6.66037   0.481251 0.00643837  -0.034204 0 0 0 0 0 0   0.446236 -0.0446724 -0.0177627  -1.0753e-05 -3.46426e-05  -6.6551e-05 -0.00601393  0.00490811   0.0099916  0.00177556 0.000354185      -9.809 
               18.04 -0.074246  -1.93136  -6.63572   0.491032 0.00618807 -0.0339175 0 0 0 0 0 0   0.450135 -0.0411664 -0.0211359  -9.5992e-06 -2.94618e-05   -6.382e-05 -0.00611638  0.00455222  0.00973337  0.00204224 0.000301054      -9.809 
               18.06 -0.070522  -1.92975   -6.5938   0.500856 0.00558592 -0.0336416 0 0 0 0 0 0   0.454798 -0.0432428 -0.0282732 -8.71559e-06 -2.72293e-05 -8.73595e-05 -0.0063283  0.0043098 0.00944903  0.00221037 0.000160441      -9.809 
               18.08 -0.0729898   -1.92751   -6.60304   0.510507 0.00470174 -0.0336231 0 0 0 0 0 0   0.460059 -0.0427391 -0.0345896 -2.70112e-06 -3.22413e-05 -7.84702e-05 -0.00652379  0.00418994  0.00920782  0.00228141 2.85899e-05      -9.809 
                18.1 -0.0768781   -1.93411   -6.58124   0.519601 0.00360971 -0.0343702 0 0 0 0 0 0   0.455929 -0.0375302 -0.0390217  -7.7008e-07 -3.53657e-05 -8.89036e-05 -0.00655505  0.00427386   0.0092289   0.00221394 -1.12574e-07       -9.809 
               18.12 -0.0732733   -1.94688   -6.56803   0.528185 0.00256456 -0.0347354 0 0 0 0 0 0   0.453457 -0.0122855 -0.0372934  -6.3696e-06 -3.16831e-05 -9.66418e-05 -0.00651175  0.00447851  0.00903215  0.00201875 6.10013e-05      -9.809 
               18.14 -0.0305196   -1.94863    -6.4977   0.536252  0.0011454 -0.0356202 0 0 0 0 0 0   0.455677 0.00487453 -0.0791241 -9.60813e-05  -5.4396e-05 -0.000200446 -0.00654142  0.00500436   0.0090656  0.00158461 2.91775e-05      -9.809 
               18.16 -0.23336  -1.9369  -6.5759   0.543939 0.00227128  -0.035433 0 0 0 0 0 0  0.476895 0.0415195 -0.193728 -2.29577e-05 -9.72182e-05 -0.000302182 -0.00597981  0.00510067  0.00824869   0.0013957 0.000599937      -9.809 
               18.18 -0.30386 -1.91782 -6.81181   0.551644  0.0028267 -0.0370692 0 0 0 0 0 0   0.421929 -0.0717191  -0.225555  3.57141e-05 -0.000145788  -0.00034077 -0.00568232  0.00561626  0.00721647 0.000832421 0.000972437      -9.809 
                18.2 -0.246976  -2.01044  -7.10254   0.557743 0.00261261 -0.0388391 0 0 0 0 0 0  0.361884 -0.191491 -0.232573  3.74053e-06 -4.85534e-05 -0.000381404 -0.00488028  0.00588087  0.00595547 0.00043864 0.00179508     -9.809 
               18.22 -0.366433   -1.9917  -7.41437    0.562646 0.000869187  -0.0398199 0 0 0 0 0 0  0.389231 -0.176548 -0.271929  0.000175095  2.75149e-06 -0.000457183 -0.00391237  0.00594577  0.00429351 0.000159048  0.00281176      -9.809 
               18.24 -0.118376  -1.96182  -7.77478    0.569801 -0.00168056   -0.042502 0 0 0 0 0 0  0.419547 -0.182333 -0.251869  0.000114412  -1.5437e-05 -0.000585899 -0.00364865  0.00588634  0.00307939 5.54176e-05  0.00319151      -9.809 
               18.26 -0.0169106   -1.98853   -8.34556    0.579424 -0.00305089  -0.0458228 0 0 0 0 0 0  0.459032 -0.187844 -0.248733  4.31952e-05  3.25646e-07 -0.000653534 -0.00349078  0.00507087  0.00236843 0.000647427  0.00342692      -9.809 
               18.28 -0.0184907   -1.95499    -9.0116    0.587447 -0.00289587  -0.0485083 0 0 0 0 0 0  0.438836 -0.176299 -0.221232  3.88117e-05  -1.3335e-05 -0.000686865 -0.00226182  0.00443171  0.00134288 0.00107125 0.00459134     -9.809 
                18.3 -0.021949  -1.98322    -9.678    0.594738 -0.00583551  -0.0492853 0 0 0 0 0 0  0.425239 -0.113733 -0.103291   1.7765e-05  3.22201e-05 -0.000733999  -0.00191451   0.00470729 -0.000281281 0.000668744  0.00511312      -9.809 
               18.32 -0.0264882   -1.91068   -10.4624    0.601179 -0.00609072  -0.0489051 0 0 0 0 0 0   0.412439 -0.0439449  -0.025153  2.33801e-06  6.09839e-06 -0.000698132 -0.000923532   0.00478286  -0.00139832 0.000545202  0.00610572      -9.809 
               18.34 -0.0432176   -1.84715   -11.1304    0.609807 -0.00831919   -0.046622 0 0 0 0 0 0   0.354875 -0.0148568  0.0719132    1.224e-05 -1.67769e-05 -0.000735865 -0.00159941  0.00504444 -0.00259577 0.000134938  0.00572491      -9.809 
               18.36 0.00639175   -1.86194   -11.8801    0.617972 -0.00750666  -0.0427448 0 0 0 0 0 0  0.282254 0.0442179  0.179359 -4.09016e-05   3.6326e-05 -0.000729952 -0.00170883  0.00453937 -0.00362095 0.000445667  0.00572194      -9.809 
               18.38 -0.0390151   -1.74108   -12.5624    0.623496 -0.00915608   -0.039375 0 0 0 0 0 0   0.214282 -0.0157199   0.124074 -4.04195e-05 -9.88116e-06 -0.000777576 -0.00247672  0.00513393 -0.00353303 -0.000195593   0.00515249       -9.809 
                18.4 -0.0915773   -1.75466   -13.3165    0.629795 -0.00867709  -0.0366858 0 0 0 0 0 0    0.15853 -0.0970843  0.0133423 -1.32248e-05  4.60927e-05  -0.00080385 -0.00277441  0.00434441 -0.00356725 0.000388725  0.00474545      -9.809 
               18.42 0.003768 -1.76979 -14.1003   0.634631 -0.0123136 -0.0360764 0 0 0 0 0 0   0.115569  -0.162731 -0.0419172 -7.57344e-05  0.000232877 -0.000836828 -0.00385654   0.0041585 -0.00367057 0.000210513  0.00380753      -9.809 
               18.44 -0.189222  -1.32089  -14.9032   0.637676  -0.016883 -0.0385084 0 0 0 0 0 0  0.0809928  -0.174025 -0.0511096 4.60658e-05 8.24337e-05 -0.00090226 -0.00445347  0.00413351 -0.00297278 6.39381e-05  0.00321104      -9.809 
               18.46 -0.185302  -1.26932  -15.7628   0.642115 -0.0225488 -0.0419117 0 0 0 0 0 0 0.0465492 -0.182561 -0.067516  4.06715e-05  5.35238e-05 -0.000974797 -0.00552485  0.00338081  -0.0020317 0.00028638  0.0019454     -9.809 
               18.48 -0.145512   -1.2734  -16.9953   0.641659 -0.0250647 -0.0426417 0 0 0 0 0 0 -0.00784075   -0.182284  -0.0733298 5.24068e-06 6.53566e-05 -0.00100945 -0.00473491   0.0036809 -0.00234371 0.000405183   0.0027367      -9.809 
                18.5 -0.157515  -1.28199  -17.7586   0.643989 -0.0262457 -0.0438658 0 0 0 0 0 0 -0.00879736   -0.122108  -0.0186525 5.68311e-06 8.72281e-05 -0.00134269 -0.00435714  0.00214409 -0.00228849 0.00177125   0.002307     -9.809 
               18.52 -0.135802  -1.27157  -18.8108   0.645123 -0.0264662 -0.0435462 0 0 0 0 0 0 -0.0127468 -0.0507959  0.0547986 -2.14878e-05  8.29183e-05  -0.00145037 -0.00374569  0.00116653 -0.00243432 0.00283026 0.00228311     -9.809 
               18.54 0.133808 -1.31435 -20.0433   0.644805  -0.027352 -0.0427206 0 0 0 0 0 0 -0.0469642 -0.0414798  0.0606182 -0.000294689  0.000124746  -0.00144328 -0.00373726   0.0011732 -0.00236536  0.0028317 0.00228592     -9.809 
               18.56 0.0262197  -1.29844  -21.3163   0.643988 -0.0280778 -0.0417194 0 0 0 0 0 0 -0.0711104 -0.0404591  0.0600082 -0.000186046  0.000112453  -0.00130584 -0.00373676   0.0011714 -0.00233954 0.00283375 0.00228257     -9.809 
               18.58 -0.170847   -1.2107  -22.2252   0.643403 -0.0263868  -0.040331 0 0 0 0 0 0 -0.0782975 -0.0386258  0.0530023 -2.02364e-05  3.77858e-05  -0.00153881 -0.00259214  0.00038145 -0.00239744 0.00410433 0.00261551     -9.809 
                18.6 -0.155931  -1.19029  -23.7369   0.641656 -0.0274169 -0.0397431 0 0 0 0 0 0 -0.0898049 -0.0612215  0.0366761 -2.94012e-05   2.9217e-05   -0.0014409   -0.002671  0.00050328 -0.00220389 0.00397224 0.00262127     -9.809 
               18.62 -0.147087  -1.19386  -25.1038   0.640636 -0.0272516 -0.0392361 0 0 0 0 0 0  -0.091602 -0.0763531  0.0216659 -3.72747e-05   3.8566e-05  -0.00143845 -0.00197612 -0.00015068 -0.00208303 0.00487574 0.00263188     -9.809 
               18.64 -0.160683  -1.18773  -26.4657    0.63551 -0.0286417 -0.0410077 0 0 0 0 0 0  -0.124897  -0.101572 -0.0106547 -2.81372e-05  3.95443e-05  -0.00143413 -0.000944014   0.00200902  -0.00119719 0.00429921 0.00470758     -9.809 
               18.66 -0.107275  -1.16158  -27.8623   0.631099 -0.0304578 -0.0418838 0 0 0 0 0 0   -0.15595  -0.125132 -0.0328781 -6.2167e-05 3.73549e-05 -0.00140267 -0.000280115   0.00340314 -0.000950451 0.00398219 0.00609578     -9.809 
               18.68 -0.0900495   -1.14804   -29.1923   0.625996 -0.0323466  -0.042384 0 0 0 0 0 0  -0.157203   -0.13566 0.00681571 -7.09024e-05  4.72867e-05  -0.00141972 0.000655039   0.0049777 -0.00108048 0.00383064 0.00782027     -9.809 
                18.7 -0.112451  -1.16689  -30.5717   0.622437 -0.0358016 -0.0423339 0 0 0 0 0 0 -0.162113 -0.140564 0.0483946 -3.19555e-05  9.75152e-05  -0.00141118 0.000122733  0.00536906 -0.00105168 0.00319617 0.00783071     -9.809 
               18.72 -0.062195  -1.00571  -31.9317   0.621081 -0.0388902 -0.0414119 0 0 0 0 0 0 -0.183628 -0.147898 0.0429002 -4.2905e-05 2.54863e-05 -0.00139823  -0.00047351   0.00368446 -0.000982116 0.00356516 0.00617987     -9.809 
               18.74 -0.0685188  -0.985905    -33.267   0.615719 -0.0441748 -0.0422009 0 0 0 0 0 0 -0.190451 -0.189577 0.0364967 -3.56577e-05  2.05202e-05  -0.00139264  -0.0022163   0.0052117 -0.00026142 0.00135859 0.00651256     -9.809 
               18.76 -0.088408 -0.920717  -34.5894   0.610707 -0.0503965 -0.0432096 0 0 0 0 0 0 -0.181697 -0.236785 0.0296254 -2.03548e-05 -1.84557e-05  -0.00139079 -0.00421917  0.00626252 0.000502936 -0.000841744   0.00639088       -9.809 
               18.78 -0.0404271  -0.959796   -35.9461   0.605649 -0.0555317 -0.0428486 0 0 0 0 0 0 -0.207988 -0.256816 0.0211726 -5.47096e-05  2.00027e-06  -0.00132905 -0.00442124   0.0076418  0.00057745  -0.001627 0.00745556     -9.809 
                18.8  -0.06009 -0.980646  -37.1942    0.60161 -0.0607244 -0.0432251 0 0 0 0 0 0  -0.204143  -0.272046 0.00711859 -4.80993e-05  2.49318e-05  -0.00132574 -0.00444187  0.00748238 0.000930566 -0.00158367  0.00729382      -9.809 
               18.82 -0.0905927    -0.9711   -38.4046   0.598261 -0.0678658 -0.0441462 0 0 0 0 0 0  -0.224765  -0.254869 0.00264067 -3.57742e-05  3.07034e-05  -0.00137086 -0.0061563  0.0065152  0.0014055 -0.00271912  0.00572784      -9.809 
               18.84 -0.0925515  -0.902581   -39.7526   0.593156 -0.0757617 -0.0452028 0 0 0 0 0 0    -0.28106   -0.213923 0.000532172 -4.43739e-05 -6.07107e-06  -0.00131408 -0.00896687  0.00678885  0.00187088 -0.00534262  0.00483683      -9.809 
               18.86  -0.14158 -0.922984  -41.0502   0.588306 -0.0810342   -0.04662 0 0 0 0 0 0 -0.260857 -0.257477   0.01149 -1.35878e-05  3.47898e-06  -0.00125859 -0.00996294  0.00573093   0.0024877 -0.00585996  0.00350027      -9.809 
               18.88 -0.0741901  -0.977377   -42.2777   0.584053 -0.0841381 -0.0464003 0 0 0 0 0 0 -0.161881 -0.324513  0.025518 -5.06088e-05  3.19609e-05  -0.00122548 -0.00772102  0.00499319  0.00250516 -0.00356661  0.00365425      -9.809 
                18.9 -0.0248713   -1.00086    -43.601   0.581756 -0.0885866 -0.0456497 0 0 0 0 0 0 -0.00941147   -0.318333   0.0241499 -7.94295e-05  4.98057e-05  -0.00101109 -0.00541439  0.00432515  0.00241688 -0.00123391  0.00385885      -9.809 
               18.92 -0.03769 -1.01992 -44.6954   0.577441 -0.0934134  -0.045279 0 0 0 0 0 0  0.113877 -0.287216 0.0236143 -6.74701e-05  6.27708e-05 -0.000731048 -0.00381167  0.00966685  0.00238887 -0.00150447  0.00923225      -9.809 
               18.94 -0.0354112   -1.01118   -45.4811   0.577652 -0.0978239 -0.0451887 0 0 0 0 0 0  0.207054  -0.27973 0.0145465 -6.44784e-05  5.71755e-05 -0.000446983 -0.00235268   0.0125743  0.00250717 -0.00107219   0.0123467    -9.80899 
               18.96 -0.0288039   -1.02847   -45.8806   0.577278  -0.101427 -0.0452263 0 0 0 0 0 0   0.198983  -0.265323 0.00548126  -6.5759e-05  7.09261e-05 -0.000261074 -0.000345223    0.0189148   0.00255952 -0.00112808    0.018777    -9.80898 
               18.98 -0.0282512   -1.01599   -45.9725   0.579227  -0.106239 -0.0453157 0 0 0 0 0 0    0.178201   -0.255341 0.000296569 -6.52463e-05  6.85275e-05 -0.000211692 3.67223e-05   0.0217243  0.00260543 -0.00159141   0.0214772    -9.80898 
                  19 -0.0326092  -0.996515   -45.9792   0.582939  -0.111597 -0.0456939 0 0 0 0 0 0    0.170435   -0.252659 -0.00424758 -6.24039e-05  5.93189e-05 -0.000211835 -0.000237261    0.0214202   0.00276689 -0.00176324   0.0211126    -9.80898 
               19.02 -0.0328017  -0.987166   -45.9652   0.587532  -0.116799 -0.0459727 0 0 0 0 0 0   0.172934  -0.245137 0.00170488  -6.2435e-05  5.45642e-05 -0.000223029 -0.000219094    0.0197403   0.00286719 -0.00128666   0.0195559    -9.80898 
               19.04 -0.017548 -0.989223  -45.9095   0.592974  -0.122967 -0.0463009 0 0 0 0 0 0  0.157017 -0.242662 0.0502167 -8.85367e-05  6.01986e-05 -0.000308074 -0.00148241   0.0164768  0.00305397 -0.00159492   0.0161691    -9.80899 
               19.06 -0.157829 -0.956726    -45.96  0.599244 -0.128286 -0.047601 0 0 0 0 0 0   0.15488 -0.244853 0.0811774 -1.70622e-05  4.25606e-05 -0.000400161 -0.00131663   0.0118116  0.00405965 -0.000220512    0.0118384     -9.80899 
               19.08 -0.0824324   -0.96618   -46.1159   0.606038  -0.133276 -0.0467038 0 0 0 0 0 0  0.179093 -0.248986  0.131945 -6.75038e-05  4.84368e-05 -0.000477158  -0.000586  0.0065496 0.00442082 0.00183195 0.00710763     -9.809 
                19.1 -0.0815062  -0.979833   -46.3503   0.613133  -0.139719 -0.0456373 0 0 0 0 0 0  0.191654 -0.274111  0.169885 -7.01672e-05  6.08177e-05 -0.000543502 -0.00164728 0.000896876  0.00513283 0.00229017 0.00152737     -9.809 
               19.12 -0.00517963   -0.965265    -46.6795   0.617627  -0.149507 -0.0442213 0 0 0 0 0 0  0.170451 -0.305064  0.156952 -0.000126006  6.35675e-05 -0.000580743 -0.00720744 -0.00202239   0.0059794 -0.00218274 -0.00266369      -9.809 
               19.14 -0.00138053   -0.944081     -47.062   0.624382  -0.158184 -0.0429642 0 0 0 0 0 0  0.145659 -0.267649  0.204838 -0.000154801  7.94723e-05 -0.000608031 -0.00978012 -0.00799827  0.00682094 -0.00307489 -0.00894231      -9.809 
               19.16 -0.119928 -0.848807  -47.4941   0.631022  -0.165322 -0.0425602 0 0 0 0 0 0  0.132515 -0.249353  0.242893 -0.000103629   4.0143e-05 -0.000605688 -0.0110699 -0.0142366 0.00841739 -0.00270726  -0.0151529    -9.80899 
               19.18 -0.00459089   -0.895235    -47.8867   0.637876  -0.172631 -0.0408598 0 0 0 0 0 0  0.152682 -0.278078  0.223602 -0.000192925  8.47788e-05 -0.000642922  -0.012992 -0.0213558  0.0097994 -0.00270858  -0.0223476    -9.80897 
                19.2 -0.0568167  -0.823063   -48.3308   0.641546  -0.181806 -0.0390591 0 0 0 0 0 0  0.100319 -0.277694  0.233513 -0.000175149  6.23987e-05   -0.0006765 -0.0166977 -0.0233286  0.0111571 -0.00569564  -0.0251675    -9.80897 
               19.22 -0.0404139  -0.811581   -48.8686   0.64832 -0.188435 -0.038192 0 0 0 0 0 0 0.0969231 -0.274885  0.221303 -0.000180641   0.00011387 -0.000726003 -0.0167154 -0.0308278  0.0128258 -0.00382657  -0.0322409    -9.80895 
               19.24 0.0265803 -0.738504  -49.3133   0.656017  -0.195235 -0.0382736 0 0 0 0 0 0  0.100341 -0.312306   0.10547 -0.000230434  0.000109683 -0.000859936 -0.0156415 -0.0390945  0.0148449 -0.000747081    -0.039766     -9.80892 
               19.26 0.0526539 -0.707652  -49.9953   0.659895  -0.203194 -0.0396963 0 0 0 0 0 0 0.0857043 -0.346753 0.0235288 -0.000290163  0.000140401 -0.000915268 -0.0171431   -0.04284  0.0162624 -0.00122765   -0.043685     -9.8089 
               19.28 -0.0352494   -0.64188   -50.5678    0.66591    -0.2102 -0.0419732 0 0 0 0 0 0  0.131116 -0.332813 0.0093213 -0.000218996  0.000150246  -0.00101638 -0.0159938 -0.0491972   0.017498 0.00143018 -0.0493912   -9.80888 
                19.3 0.251838 -0.62852 -51.2473   0.668537  -0.216819 -0.0417676 0 0 0 0 0 0  0.131221 -0.323475 0.0125476 -0.000488152  0.000162544  -0.00100607 -0.0159871 -0.0492041  0.0174963 0.00143828  -0.049396   -9.80888 
               19.32  2.41214  1.30549 -53.0233   0.670517  -0.224049 -0.0413616 0 0 0 0 0 0  0.120939 -0.335683 0.0216971 -0.00266285 -0.00173263 0.000118475 -0.0170505 -0.0485481  0.0174396 0.000275913  -0.0490403    -9.80888 
               19.34  3.32666  2.24513 -53.4913   0.672599   -0.23112 -0.0403777 0 0 0 0 0 0  0.123389 -0.344721 0.0382147  -0.00361035  -0.00266425 -7.73933e-05 -0.0175426 -0.0481125  0.0172325 -0.000293146   -0.0487477     -9.80888 
               19.36   3.2722  2.51015 -54.3906  0.673964 -0.238429  -0.03937 0 0 0 0 0 0  0.128428 -0.354939 0.0487035 -0.00361533 -0.00288669 0.000151779 -0.0183442 -0.0467055  0.0171352 -0.00138944  -0.0476164    -9.80888 
               19.38   3.6981  2.83488 -55.0635   0.676339  -0.245436 -0.0388552 0 0 0 0 0 0  0.114312 -0.353185 0.0537161 -0.00409131 -0.00317379 0.000168593 -0.0182083 -0.0464395  0.0173126 -0.00132492  -0.0473341    -9.80889 
                19.4  5.52965  4.82512 -56.3816   0.679194   -0.25235 -0.0367053 0 0 0 0 0 0  0.104164 -0.386899 0.0700608 -0.00601138 -0.00505618  0.00095718 -0.0174992 -0.0467298  0.0169463 -0.000586586   -0.0474306     -9.80889 
               19.42  5.66345  5.26132 -56.1149    0.67871  -0.261947 -0.0362038 0 0 0 0 0 0 0.0750062 -0.428114 0.0663704 -0.00613039 -0.00550252 5.32782e-05 -0.0201064 -0.0445353  0.0172172 -0.00356794  -0.0459827    -9.80889 
               19.44  4.90216  4.31545 -57.6276  0.678791 -0.270654 -0.033549 0 0 0 0 0 0 -0.0178907   -0.43392   0.135972 -0.00551225 -0.00439972 0.000757397 -0.0206453 -0.0435035  0.0168704 -0.00432421  -0.0451376     -9.8089 
               19.46 3.53061 3.11334 -60.125   0.678369   -0.27919 -0.0304988 0 0 0 0 0 0 -0.0671334  -0.417785   0.217031  -0.0043315 -0.00298839   0.0024104  -0.020597 -0.0437164  0.0168695 -0.00422944   -0.045332    -9.80889 
               19.48  3.90434  3.93996 -61.2743   0.679524  -0.287326 -0.0254312 0 0 0 0 0 0 -0.0416737  -0.435245   0.229061 -0.00479814 -0.00370466  0.00282904 -0.0195353 -0.0459566  0.0166869 -0.00270817  -0.0471995    -9.80889 
                19.5  3.53233  3.32567 -61.8618    0.68059  -0.296883 -0.0205762 0 0 0 0 0 0 -0.0761544  -0.370045   0.244003 -0.00447087 -0.00305143   0.0025543 -0.0201464 -0.0483515  0.0166389 -0.00273639  -0.0496065    -9.80887 
               19.52  2.44991  2.72614 -63.4454   0.683902   -0.30319 -0.0163118 0 0 0 0 0 0 -0.128964 -0.221061  0.254079 -0.00346351  -0.0023285  0.00344529 -0.0190844  -0.052854   0.016685 -0.000697845   -0.0536229     -9.80885 
               19.54  3.66849  3.81626 -62.9213    0.684253   -0.308319 -0.00956583 0 0 0 0 0 0 -0.167108 -0.164618  0.267182 -0.00459811  -0.0033704  0.00281344 -0.0187205 -0.0557031  0.0163018 0.000285613  -0.0562354    -9.80884 
               19.56  3.97161   3.7352 -62.9393    0.680535   -0.313023 -0.00620967 0 0 0 0 0 0 -0.172457 -0.189585   0.25903 -0.00483815 -0.00330079  0.00280526 -0.0199268 -0.0557667  0.0167881 -0.000827408   -0.0565669     -9.80884 
               19.58  3.97828  4.00862 -62.8591    0.678935   -0.315566 -0.00164296 0 0 0 0 0 0 -0.169589 -0.206759  0.255602 -0.00483745  -0.0035232  0.00275264 -0.0184247 -0.0568751  0.0169576 0.00085316 -0.0572752   -9.80883 
                19.6  4.03605  4.05113 -62.8047    0.67773  -0.318139 0.00236132 0 0 0 0 0 0 -0.165935  -0.22297  0.250545 -0.00487794 -0.00355827  0.00270886 -0.0166406 -0.0581167  0.0172454 0.00283514 -0.0580488   -9.80883 
               19.62  4.06822  4.05877 -62.7821   0.676985  -0.320707 0.00584519 0 0 0 0 0 0 -0.161223 -0.238334  0.244238 -0.00489988   -0.003564  0.00268825 -0.0145558 -0.0595115  0.0176289 0.00514004 -0.0589036   -9.80882 
               19.64  4.02721  3.99642 -62.7639   0.676615  -0.323477 0.00878437 0 0 0 0 0 0 -0.140718 -0.273868  0.229772 -0.00486384 -0.00351396  0.00266736 -0.0123438 -0.0609946  0.0180989 0.00758854 -0.0598177   -9.80881 
               19.66  4.05151  4.07493 -62.7321   0.676479  -0.326869 0.00833333 0 0 0 0 0 0 -0.131227  -0.33518  0.212436 -0.00487125 -0.00357849  0.00256615 -0.0101264 -0.0621888   0.019238  0.0100107 -0.0604508   -9.80881 
               19.68  4.24591   4.4833 -62.9475  0.673233 -0.334256 0.0104161 0 0 0 0 0 0  -0.15477 -0.405799  0.209045 -0.00503509 -0.00388125  0.00257634 -0.0106468 -0.0618379  0.0196881 0.00946313 -0.0602226   -9.80881 
                19.7  3.74878  3.34439 -63.6014  0.661566 -0.338428 0.0144923 0 0 0 0 0 0 -0.196619 -0.441229  0.201451 -0.00469174 -0.00291486  0.00279714 -0.0101562 -0.0552056  0.0196796 0.00850145 -0.0538068   -9.80885 
               19.72 3.85035 3.20606 -63.502 0.658101 -0.34584 0.020957 0 0 0 0 0 0 -0.224997 -0.452268  0.264214 -0.00477991 -0.00277726  0.00242119 -0.00911766  -0.0553005   0.0192281 0.00948434 -0.0536815   -9.80885 
               19.74  3.49357  3.09876 -63.8254  0.663381 -0.354064 0.0204423 0 0 0 0 0 0 -0.215537 -0.468285  0.299242 -0.00450023 -0.00264569  0.00233521 -0.00690836  -0.0611239   0.0203534  0.0128822 -0.0587504   -9.80882 
               19.76  1.05747 0.443552 -61.4967   0.740823  -0.261679 -0.0221084 0 0 0 0 0 0 0.0790117 -0.234173  0.212317  -0.00276505 -0.000851746  0.000287048  0.0752161 -0.0888524  0.0318275  0.0975113 -0.0676854   -9.80828 
               19.78  0.103243 -0.290044  -61.8278   0.734226  -0.288586 -0.0342485 0 0 0 0 0 0   0.11429 -0.324253  0.209343  -0.00214604 -0.000361623   0.00017297  0.0543175 -0.0901218    0.03511  0.0779556 -0.0728951   -9.80842 
                19.8 0.139723 -0.24076 -62.3204   0.737046  -0.302854 -0.0355261 0 0 0 0 0 0  0.148857 -0.385765   0.17928  -0.00217884 -0.000393746   7.6637e-05  0.0463849 -0.0952723  0.0367083  0.0713657 -0.0792193   -9.80842 
               19.82  0.173452 -0.235832  -63.0701   0.741043  -0.312687 -0.0353125 0 0 0 0 0 0  0.176638 -0.400842   0.16006  -0.00225759 -0.000453185  1.05922e-05  0.0450198 -0.0972404  0.0381659  0.0705078 -0.0812987   -9.80841 
               19.84 -0.0529437   -0.38359   -63.8367   0.743452  -0.321114 -0.0384857 0 0 0 0 0 0 0.154833 -0.36173 0.117098   -0.0021165 -0.000379541 -9.23412e-05  0.0432068 -0.0955123  0.0409877  0.0687055 -0.0798655   -9.80843 
               19.86 -0.082141 -0.412681  -64.5192   0.743809  -0.325634 -0.0410193 0 0 0 0 0 0  0.107176 -0.285949 0.0898515   -0.0020865 -0.000342415 -0.000196993  0.0455071 -0.0873294  0.0433884  0.0697436 -0.0715642   -9.80849 
               19.88 0.934171   1.1894 -65.3518   0.746055  -0.330437 -0.0397145 0 0 0 0 0 0 0.0949398 -0.274889 0.0937584  -0.00308972  -0.00190526 -0.000166403   0.046195 -0.0878815  0.0435621  0.0705069 -0.0719751   -9.80848 
                19.9  2.53588  2.49014 -66.4157    0.74791  -0.336213 -0.0376709 0 0 0 0 0 0 0.0845759 -0.304257 0.0997196  -0.0046069 -0.00309341 0.000164424  0.0458436 -0.0880518  0.0434824  0.0701919 -0.0721984   -9.80848 
               19.92 0.0643347 -0.319054  -66.9901   0.751872  -0.332889 -0.0412389 0 0 0 0 0 0 0.0780513 -0.228385 0.0407679  -0.00259649 -0.000715758 -0.000174674  0.0619655 -0.0834534  0.0462757  0.0850976 -0.0650643   -9.80842 
               19.94 -0.0423497  -0.375741   -67.7922   0.747499  -0.338139 -0.0437548 0 0 0 0 0 0 0.0608822 -0.217048 0.0766321  -0.00250906 -0.000641693 -0.000283001  0.0571743 -0.0732139  0.0477636  0.0789327 -0.0559666   -9.80852 
               19.96 -0.100202 -0.372058  -68.8148   0.748083  -0.338885 -0.0453183 0 0 0 0 0 0  0.102709 -0.206773  0.115717  -0.00240429 -0.000549939 -0.000353877  0.0620639 -0.0685005  0.0492951   0.082959 -0.0506194   -9.80852 
               19.98 0.801785  1.16092 -69.7624  0.749637  -0.34349 -0.043368 0 0 0 0 0 0  0.096401 -0.237706 0.0838097 -0.00322119 -0.00194699 -0.00043622  0.0611779 -0.0679864  0.0493966  0.0820307 -0.0502627   -9.80853 
                  20 0.932791  1.06124 -70.9648   0.751359  -0.347643 -0.0418589 0 0 0 0 0 0 0.0938461 -0.248421 0.0777537  -0.00336749  -0.00175764 -0.000334585  0.0612729 -0.0680079  0.0493766  0.0821246 -0.0502689   -9.80853 
               20.02 0.385061 0.943418 -71.9144   0.752936  -0.352064 -0.0401704 0 0 0 0 0 0  0.089318 -0.237425 0.0674763 -0.00288144 -0.00161007 -0.00038464  0.0610816 -0.0679612  0.0492325  0.0819287 -0.0502566   -9.80853 
               20.04 0.783136   2.5803 -73.1802    0.75398   -0.35873 -0.0380399 0 0 0 0 0 0  0.129789 -0.147202  0.118176  -0.00326118  -0.00297112 -0.000243844 0.0584721 -0.067483 0.0489934  0.0793377 -0.0502052   -9.80855 
               20.06 0.798284  4.24051 -75.1075   0.756274  -0.361164 -0.0348544 0 0 0 0 0 0   0.180917 -0.0539919   0.187522 -0.00338136 -0.00415375 0.000210632 0.0587784 -0.066469  0.048751  0.0794705 -0.0491864   -9.80855 
               20.08 0.714526  4.39589 -76.2811   0.759771  -0.361995 -0.0309791 0 0 0 0 0 0   0.159562 -0.0256356   0.183818 -0.00338015 -0.00426629  0.00029145    0.05914 -0.0668191  0.0485426  0.0798658 -0.0494722   -9.80855 
                20.1 -0.125398  0.167026  -76.2651    0.74672  -0.363276 -0.0440524 0 0 0 0 0 0 0.0620998 0.0242533 0.0917793  -0.00277209  -0.00112355 -0.000434883  0.0481173 -0.0473648  0.0539971  0.0664738 -0.0323058   -9.80872 
               20.12 -0.0698969    0.12747   -77.4746    0.74429  -0.365009 -0.0453075 0 0 0 0 0 0   0.0583258 -0.00801555   0.0826124  -0.00279086  -0.00111262 -0.000392369  0.0432863 -0.0442831  0.0550086  0.0614007 -0.0300109   -9.80876 
               20.14 -0.037365 0.0628043  -78.6022   0.741678  -0.365916 -0.0452317 0 0 0 0 0 0  0.0385644 -0.0236513  0.0847554  -0.00279528  -0.00108673 -0.000411097  0.0398648 -0.0396441  0.0555297  0.0574779 -0.0259977    -9.8088 
               20.16 -0.0373681  0.0463323   -80.0016   0.742015  -0.366779 -0.0456013 0 0 0 0 0 0  0.0897649 -0.0388246  0.0726358  -0.00279269  -0.00107662 -3.63142e-05  0.0390475 -0.0394029  0.0563414 0.0566687 -0.025857   -9.8088 
               20.18 -0.0188955  0.0462413   -80.9616    0.73977  -0.366685 -0.0462923 0 0 0 0 0 0   0.115062 -0.0617666  0.0582437 -0.00280313 -0.00107053 0.000418625  0.0370293 -0.0321081  0.0571823  0.0538264 -0.0190429   -9.80883 
                20.2 -0.0344281  0.0379885    -81.159   0.739001  -0.366411 -0.0472855 0 0 0 0 0 0  0.0928202 -0.0471881   0.042474 -0.00279269 -0.00105928 0.000539479  0.0365602 -0.0255212  0.0580809  0.0526058 -0.0127074   -9.80885 
               20.22 -0.0371465  0.0404943   -81.1603    0.73848  -0.366543 -0.0482855 0 0 0 0 0 0  0.0755522 -0.0383332  0.0282332 -0.00279005 -0.00105682 0.000539681  0.0355933 -0.0208019  0.0588603   0.0511425 -0.00823568    -9.80886 
               20.24 -0.0416497  0.0385137   -81.1591   0.737865  -0.366507 -0.0491911 0 0 0 0 0 0 0.0598295  -0.02976 0.0164357 -0.00278635 -0.00105232 0.000538415  0.0347695 -0.0165434  0.0594765   0.0498861 -0.00419115    -9.80887 
               20.26 -0.0456111   0.039345   -81.1583   0.737376   -0.36633 -0.0499273 0 0 0 0 0 0  0.0474252 -0.0217955 0.00746726  -0.0027828 -0.00105027 0.000537456  0.0342683 -0.0130768  0.0599167    0.0490401 -0.000877699     -9.80888 
               20.28 -0.0506455  0.0373645   -81.1575   0.736736  -0.366205 -0.0506967 0 0 0 0 0 0    0.0358364   -0.0156384 -0.000423688 -0.00277855 -0.00104715  0.00053649  0.0335377 -0.0100577   0.060288  0.0480269 0.00197921   -9.80888 
                20.3 -0.0547002  0.0344038   -81.1561   0.736075  -0.366134 -0.0514967 0 0 0 0 0 0   0.0259984  -0.0110422 -0.00737733 -0.00277477 -0.00104392 0.000535182 0.0327571 -0.007605 0.0606013  0.0470284 0.00428347   -9.80889 
               20.32 -0.0645274  0.0347288   -81.1551   0.735186  -0.366441 -0.0522957 0 0 0 0 0 0   0.021319 -0.0315233 -0.0134381 -0.00276743 -0.00104321 0.000534059   0.0313206 -0.00565964   0.0608517  0.0454467 0.00603214   -9.80889 
               20.34 -0.0711065  0.0339748   -81.1305   0.734536  -0.366847 -0.0528508 0 0 0 0 0 0  0.0189993  -0.070164 -0.0182952 -0.00275992 -0.00104162 0.000493407   0.0306055 -0.00388047   0.0609557  0.0445847 0.00769117    -9.8089 
               20.36 -0.0653546  0.0503342   -81.1393  0.733208 -0.368297 -0.052996 0 0 0 0 0 0 0.00440786  -0.106507 -0.0226594 -0.00276016 -0.00105158 0.000428559   0.0289423 -0.00151251   0.0608542 0.0427511 0.0098321   -9.8089 
               20.38 -0.0589637  0.0401616   -81.2239   0.731226   -0.36974 -0.0529434 0 0 0 0 0 0  0.0076932   -0.13982 -0.0208745 -0.00276163 -0.00103819  0.00035847  0.0278718 0.00213541   0.060639 0.0413781 0.0132734   -9.8089 
                20.4 -0.055182 0.0455568  -81.3863   0.73224 -0.373167 -0.052661 0 0 0 0 0 0 -0.000453881    -0.141289     0.024712 -0.00277084 -0.00104677 0.000285486   0.0278466 0.000280369   0.0603794 0.0415251 0.0114682  -9.80891 
               20.42 -0.0541162  0.0744765   -81.6358   0.734884   -0.37502 -0.0519166 0 0 0 0 0 0 -0.00100758   -0.117672   0.0194986 -0.00279371 -0.00107663 0.000221995   0.0314734 -0.00231782     0.06031  0.0452837 0.00927772   -9.80889 
               20.44 -0.116281 0.0236851  -81.9547   0.735987  -0.377545 -0.0509481 0 0 0 0 0 0 0.0206201 -0.130464 -0.043408 -0.00276002 -0.00104762 0.000158539   0.0322603 -0.00401982   0.0601014  0.0462052 0.00769606   -9.80889 
               20.46  -0.13173 0.0571657  -82.3528   0.734709  -0.380038 -0.0500071 0 0 0 0 0 0  0.0148965  -0.124015 -0.0740682 -0.00272646 -0.00105339 0.000107372   0.0308004 -0.00153694   0.0593951  0.0445662 0.00997051   -9.80889 
               20.48  -0.1158 0.119488 -82.8521   0.735155  -0.382587 -0.0511222 0 0 0 0 0 0   0.027846  -0.135024 -0.0597334 -0.00271661 -0.00111321 9.11094e-05   0.0308342 -0.00179909    0.059258  0.0446242 0.00971844   -9.80889 
                20.5 -0.113711 0.0446308  -83.3384   0.734375   -0.38543 -0.0522743 0 0 0 0 0 0 -0.0287983   -0.12702  -0.097422 -0.00269733 -0.00111881 1.28071e-05    0.0294655 -0.000149319    0.0592264 0.0431451 0.0111958   -9.8089 
               20.52 -0.0780247 -0.0670955   -83.8839   0.728667  -0.387585 -0.0543512 0 0 0 0 0 0 -0.134569 -0.112387   -0.1786  -0.00270655   -0.0010356 -0.000103172  0.0253767 0.00713207  0.0592124 0.0385143 0.0178966  -9.80891 
               20.54 -0.0656451 -0.0473311   -84.5821   0.724606  -0.390543 -0.0571396 0 0 0 0 0 0 -0.150894 -0.117354 -0.178739  -0.00271633   -0.0010044 -0.000197617  0.0232786 0.00823674  0.0588997 0.0363811 0.0187803  -9.80891 
               20.56  -0.076047 -0.0229188   -85.4052   0.718176  -0.393286 -0.0592296 0 0 0 0 0 0   -0.16502 -0.0595656   -0.16469  -0.00270859   -0.0010032 -0.000276559 0.0197166 0.0124398 0.0582949  0.032555 0.0225438  -9.80892 
               20.58  -0.114015 -0.0127322   -86.5647   0.716213   -0.39553 -0.0606766 0 0 0 0 0 0 -0.0871214  0.0161208   -0.15239 -0.00268284 -0.00101004 1.06794e-05  0.0195723 0.00959804  0.0576131 0.0326692 0.0197685  -9.80893 
                20.6  -0.114148 -0.0216854   -87.3467   0.714058  -0.394218 -0.0610325 0 0 0 0 0 0 -0.0245043  0.0647937  -0.133504 -0.00268081 -0.00100469 0.000366417 0.0202427  0.011323 0.0565856 0.0331802 0.0214995  -9.80892 
               20.62  -0.103318 -0.0111045   -87.5706   0.714949  -0.391987 -0.0607739 0 0 0 0 0 0 -0.0141973  0.0719676  -0.113087 -0.00268526 -0.00101076 0.000503322 0.0224377 0.0106158  0.055488 0.0353813 0.0209975  -9.80891 
               20.64   -0.102087 -0.00745647    -87.5636   0.715923  -0.390563 -0.0604043 0 0 0 0 0 0 -0.0041614  0.0717347  -0.094706 -0.00268389 -0.00101232 0.000498695  0.0234321 0.00903001     0.0545  0.036487 0.0195382  -9.80891 
               20.66   -0.100003 -0.00582228    -87.5625   0.716623  -0.389693 -0.0598948 0 0 0 0 0 0 0.00253255  0.0674515 -0.0777983 -0.00268312 -0.00101265   0.0004977  0.0233781 0.00746144  0.0535912 0.0365692 0.0180082  -9.80892 
               20.68  -0.0962519 -0.00430897    -87.5642   0.717527  -0.388978 -0.0591208 0 0 0 0 0 0 0.00986928  0.0625541  -0.061411 -0.00268337 -0.00101293 0.000498421 0.0233228 0.0057194 0.0527099 0.0366605 0.0163097  -9.80892 
                20.7  -0.0929176 -0.00324992    -87.5646   0.718242  -0.388596 -0.0583523 0 0 0 0 0 0  0.0147843  0.0559982 -0.0473991 -0.00268342 -0.00101293 0.000498337  0.0227106 0.00414437  0.0519517 0.0361938 0.0147298  -9.80892 
               20.72  -0.0899661 -0.00265631     -87.565   0.718818  -0.388446 -0.0575883 0 0 0 0 0 0  0.0179626  0.0487609 -0.0354537 -0.00268328 -0.00101264 0.000498256  0.0217809 0.00275277  0.0513001 0.0354013 0.0133045  -9.80893 
               20.74  -0.0848737 7.28341e-05    -87.5674   0.719177  -0.388488 -0.0569627 0 0 0 0 0 0   0.019041  0.0412947 -0.0262729 -0.00268451 -0.00101364 0.000499414   0.020557 0.00165632  0.0507902 0.0342978 0.0121448  -9.80893 
               20.76  -0.082751 0.00104695   -87.5679   0.719435  -0.388556 -0.0563537 0 0 0 0 0 0  0.0191188  0.0348505 -0.0185769 -0.00268394 -0.00101356 0.000499395   0.0193711 0.000848711   0.0503555 0.0332084 0.0112702  -9.80894 
               20.78  -0.0806428 0.000942672    -87.5675   0.719308  -0.388864 -0.0558494 0 0 0 0 0 0  0.0162405  0.0277259 -0.0127193 -0.00268345 -0.00101279 0.000498854   0.0177083 0.000401928   0.0500159 0.0316277 0.0107121  -9.80894 
                20.8   -0.0752532 -0.000383563      -87.567   0.719172  -0.389191 -0.0551121 0 0 0 0 0 0   0.0136059   0.0215111 -0.00600647 -0.00268496 -0.00101127 0.000498226   0.0162324 3.45041e-05   0.0496326 0.030223 0.010246 -9.80895 
               20.82   -0.0748573 -0.000277849     -87.5674    0.71931  -0.389492 -0.0545796 0 0 0 0 0 0   0.0187616   0.0356559 -0.00238665 -0.00268334 -0.00101066 0.000498149    0.0152554 -0.000591402    0.0493828  0.0293205 0.00956589   -9.80895 
               20.84 -0.0734269 0.00153988   -87.5427   0.719377  -0.389581 -0.0541216 0 0 0 0 0 0 0.0477189 0.0540104 0.0875062  -0.0026819 -0.00101128 0.000457535   0.0140447 -0.00108235   0.0491875  0.0281807 0.00900052   -9.80896 
               20.86  -0.089058 -0.0249932   -87.5369   0.720054  -0.388892 -0.0527812 0 0 0 0 0 0 0.0719311  0.055113  0.136444 -0.00265796 -0.00098215 0.000365735   0.0133658 -0.00118336   0.0493412   0.027527 0.00885355   -9.80896 
               20.88 -0.0518049  0.0678871   -87.6246   0.720717  -0.388285 -0.0506631 0 0 0 0 0 0 0.0381067 0.0238592   0.09898 -0.00266672 -0.00102855 0.000257138   0.0121165 -0.00078447   0.0495657  0.0262829 0.00915177   -9.80896 
                20.9 -0.0253437  0.0734668   -87.8836   0.721781  -0.388086 -0.0499464 0 0 0 0 0 0  0.0261157 -0.0252623  0.0746241 -0.00267968 -0.00102155 0.000181652   0.0121474 -0.00151185   0.0500519 0.0263613  0.008448  -9.80896 
               20.92 -0.0548585   0.075168   -88.2381   0.720781   -0.38884 -0.0503006 0 0 0 0 0 0  0.0189572 -0.0445749  0.0420017 -0.00265887 -0.00101046 0.000102271   0.0105444 4.46179e-05   0.0507385  0.0246873 0.00984713   -9.80896 
               20.94 -0.0439284  0.0974724   -88.6694   0.717475  -0.389364 -0.0507869 0 0 0 0 0 0 0.0881133 0.0553055  0.139983 -0.00266727 -0.00102397 1.97263e-05 0.00760399 0.00493626  0.0512002 0.0214767 0.0143915  -9.80897 
               20.96 0.0235989  0.127631  -89.2018   0.716425  -0.390332 -0.0507049 0 0 0 0 0 0  0.18131  0.13689 0.219269  -0.00280166  -0.00110303 -6.07975e-05 0.00292363 0.00604065  0.0522027 0.0168446 0.0151342  -9.80897 
               20.98 0.0213208 0.0936375  -89.7857    0.71759  -0.388149 -0.0486032 0 0 0 0 0 0 0.141759 0.105422 0.153614  -0.00297053  -0.00114357 -0.000191707 0.000185525  0.00836475   0.0530425 0.0140146 0.0172008  -9.80897 
                  21   -0.341737 -0.00863759    -90.5732   0.718763  -0.387113 -0.0467177 0 0 0 0 0 0  0.110613 0.0691477  0.097362  -0.00283725  -0.00108774 -0.000259878 -0.00240834   0.0091881   0.0534739 0.0114344 0.0178195  -9.80898 
               21.02  -0.556411 -0.0206911    -91.455   0.719478   -0.38541 -0.0444002 0 0 0 0 0 0  0.066876  0.105336 0.0827437  -0.00269847   -0.0011014 -0.000306382 -0.00344947   0.0113395   0.0533162 0.0102745 0.0198374  -9.80897 
               21.04  -0.567496 -0.0632854   -92.3867   0.719429  -0.385762 -0.0443582 0 0 0 0 0 0 0.0131247  0.129532 0.0531086  -0.00267467  -0.00108978 -0.000379048 -0.00721164   0.0103308   0.0539151 0.0066851 0.0185995  -9.80898 
               21.06  -0.52899 -0.121602  -93.4688   0.718984  -0.383511 -0.0452289 0 0 0 0 0 0 0.0900531 0.0365984 0.0485131  -0.00269321  -0.00105229 -0.000415467 -0.00813216   0.0107663    0.054644 0.00575708  0.0189617   -9.80898 
               21.08  -0.626824 -0.0354084   -94.5519   0.716588  -0.381458 -0.0443689 0 0 0 0 0 0    0.109695   -0.025532 -0.00258321 -0.00255821 -0.00119644 -0.00048621 -0.0106425  0.0171928  0.0546466 0.00289925  0.0250419   -9.80897 
                21.1 -0.533877 -0.145395  -95.8396   0.716109  -0.378616 -0.0454366 0 0 0 0 0 0  0.0415589  0.0138354 -0.0969909  -0.00254113  -0.00126756 -0.000429559 -0.00965384    0.023958   0.0550092 0.00343434  0.0316834   -9.80895 
               21.12 -0.396111 -0.361724  -97.0124   0.713681  -0.377239 -0.0463177 0 0 0 0 0 0 -0.00136263   0.0388046  0.00394967  -0.00261976  -0.00119182 -0.000410339 -0.0116448  0.0290344  0.0545756 0.00120154  0.0364972   -9.80893 
               21.14 -0.369596 -0.477164  -98.1591   0.710112  -0.373615 -0.0467762 0 0 0 0 0 0 -0.0332656   0.107227  0.0949019  -0.00263162  -0.00113652 -0.000388243 -0.012112 0.0363175 0.0547426 0.000337473   0.0435543     -9.8089 
               21.16 -0.340211 -0.553966  -99.2318  0.705494 -0.370642 -0.046276 0 0 0 0 0 0 -0.094235   0.14466 0.0750657  -0.00263545  -0.00108785 -0.000441295 -0.0150051  0.0418236  0.0552277 -0.002768 0.0487521  -9.80888 
               21.18 -0.320305 -0.533382  -100.384   0.702724   -0.36694 -0.0464948 0 0 0 0 0 0  -0.10962  0.178949 0.0807519   -0.0026342  -0.00109774 -0.000488305 -0.0149822  0.0437036  0.0558599 -0.00284359   0.0505828    -9.80887 
                21.2 -0.275262 -0.551111  -101.621   0.697973   -0.36251 -0.0458783 0 0 0 0 0 0 -0.123368  0.214991 0.0783251  -0.00265195   -0.0011002 -0.000504196 -0.0166283  0.0476022  0.0562046 -0.0046232  0.0542981   -9.80885 
               21.22 -0.286653  -0.58977  -102.889   0.692397  -0.358128 -0.0468046 0 0 0 0 0 0 -0.164067  0.236863  0.037515  -0.00263062  -0.00108511 -0.000525044 -0.0195246   0.051186     0.0571 -0.00759798   0.0576565    -9.80883 
               21.24 -0.238101 -0.590216  -104.161   0.686852  -0.353947 -0.0476982 0 0 0 0 0 0 -0.217181  0.241829 0.0274109  -0.00264775  -0.00108224 -0.000548997 -0.0222676   0.053067  0.0576904 -0.0103435  0.0593744   -9.80881 
               21.26 -0.258464 -0.614015  -105.499   0.682938  -0.349913 -0.0485124 0 0 0 0 0 0  -0.288466   0.248462 -0.0150257  -0.00262413  -0.00106125 -0.000523467 -0.0224889  0.0515794  0.0582033 -0.0105168  0.0579147   -9.80882 
               21.28 -0.251602 -0.708434  -106.803   0.678322   -0.34563 -0.0506155 0 0 0 0 0 0 -0.258601  0.237797 0.0649969  -0.00261602 -0.000926308 -0.000502502 -0.0217923   0.049389  0.0588867 -0.00978431   0.0557999    -9.80884 
                21.3 -0.173157 -0.528083  -108.083   0.673658   -0.34216 -0.0512762 0 0 0 0 0 0 -0.164887  0.217466  0.176701  -0.00267103 -0.000939534 -0.000463705 -0.022297 0.0471784 0.0596273 -0.0102294  0.0536256   -9.80885 
               21.32  -0.18743 -0.297552  -109.271   0.667392  -0.338817 -0.0514813 0 0 0 0 0 0 -0.157747  0.202963  0.132932  -0.00267861  -0.00104589 -0.000474088 -0.0262215  0.0491237  0.0609981 -0.0141107  0.0554084   -9.80883 
               21.34 -0.231623 -0.190348   -110.45   0.663155  -0.336061 -0.0495291 0 0 0 0 0 0 -0.161356  0.195277  0.112876  -0.00264468  -0.00110918 -0.000524884 -0.0285357  0.0486602  0.0612576 -0.0163585   0.054903   -9.80883 
               21.36 -0.242372 -0.156403  -111.733   0.661251  -0.331292 -0.0484973 0 0 0 0 0 0 -0.158581   0.20203 0.0237789  -0.00261362  -0.00114622 -0.000545225 -0.0262094  0.0482701  0.0617241 -0.0140956  0.0545617   -9.80884 
               21.38 -0.292768 -0.212349  -113.057   0.658129  -0.326532 -0.0487796 0 0 0 0 0 0  -0.188877   0.186641 -0.0596028  -0.00249148  -0.00111694 -0.000560362 -0.0254875  0.0491186  0.0620047 -0.0134057  0.0553971   -9.80883 
                21.4 -0.0536816  -0.165334   -114.456  0.653096 -0.320853 -0.050553 0 0 0 0 0 0  -0.244971   0.182731 -0.0827705  -0.00256312  -0.00113243 -0.000479308 -0.0252728  0.0529702  0.0622043 -0.0132242  0.0591531   -9.80881 
               21.42 0.0280915 -0.170736  -115.652   0.643853  -0.317837 -0.0544408 0 0 0 0 0 0 -0.321548  0.165737 -0.109028  -0.00261214  -0.00112418 -0.000491587 -0.0307597  0.0566594  0.0630037 -0.0185826  0.0627062   -9.80878 
               21.44 0.00819081  -0.213837   -116.829   0.634214  -0.315646 -0.0580917 0 0 0 0 0 0 -0.359022  0.167017 -0.132464  -0.00260512  -0.00109158 -0.000556901 -0.0353938   0.058482  0.0635271 -0.023095 0.0644666  -9.80876 
               21.46 -0.0115027   -0.16191   -118.131   0.628623  -0.310797 -0.0592791 0 0 0 0 0 0 -0.326668  0.185462 -0.113851  -0.00259124  -0.00111452 -0.000544498 -0.0323824  0.0589003  0.0629931 -0.0201567  0.0648754   -9.80876 
               21.48 0.0113265 -0.154855  -119.392   0.621338  -0.308402 -0.0596196 0 0 0 0 0 0    -0.3237    0.17039 -0.0764892  -0.00259605  -0.00113096 -0.000542863 -0.0344478  0.0579255  0.0622687 -0.0221679  0.0639414   -9.80877 
                21.5 0.0194819 -0.172207  -120.683   0.612868  -0.306673 -0.0589983 0 0 0 0 0 0  -0.361124   0.149412 -0.0612266  -0.00259829  -0.00114389 -0.000529048 -0.0383339   0.057676  0.0614533 -0.025944 0.0637383  -9.80876 
               21.52 0.00828505  -0.204465   -121.968    0.60385  -0.306358 -0.0584965 0 0 0 0 0 0   -0.370236   0.0974012 -0.00260409  -0.00259027  -0.00113655 -0.000535761 -0.0426848  0.0557969  0.0607987 -0.0302009  0.0619647   -9.80876 
               21.54 0.0174346 -0.231855  -123.255   0.595513  -0.305161 -0.0576502 0 0 0 0 0 0 -0.377485  0.069827 0.0393057 -0.00259791 -0.00112353 -0.00055414 -0.0444807  0.0556769  0.0604569 -0.0319471  0.0618787   -9.80875 
               21.56 0.0164778 -0.251123  -124.587   0.588269  -0.304821 -0.0569741 0 0 0 0 0 0 -0.406951 0.0789315 0.0199333  -0.00259844  -0.00110592 -0.000543335 -0.0448263  0.0538926  0.0605023 -0.0323245  0.0601454   -9.80876 
               21.58  0.021814 -0.269042  -125.925   0.582077  -0.302349 -0.0572888 0 0 0 0 0 0 -0.399166  0.116244 0.0520936  -0.00261439   -0.0010668 -0.000531929 -0.0416012  0.0533176  0.0607876 -0.0292057  0.0595092   -9.80878 
                21.6 0.0411604  -0.25945  -127.226   0.573038  -0.300982 -0.0579092 0 0 0 0 0 0 -0.368146  0.145581 0.0709187  -0.00267102   -0.0010117 -0.000544077 -0.0435257  0.0528992  0.0613885 -0.031093 0.0591457  -9.80877 
               21.62  -0.01893 -0.104801   -128.61    0.56206   -0.30085 -0.0575107 0 0 0 0 0 0 -0.347124  0.157029 0.0525935  -0.00266321  -0.00106469 -0.000426619 -0.0501329   0.052159  0.0617237 -0.0375419  0.0586158   -9.80875 
               21.64 -0.0755577 -0.0620316   -129.742   0.555391  -0.298224 -0.0578595 0 0 0 0 0 0 -0.321005  0.186568 0.0403741  -0.00262001  -0.00109645 -0.000391236 -0.049993 0.0511529 0.0622433 -0.0374455  0.0576256   -9.80876 
               21.66 -0.0613541 -0.0910626   -130.801   0.549196  -0.293483 -0.0581289 0 0 0 0 0 0 -0.291984  0.243618 0.0371887  -0.00262028  -0.00108448 -0.000424352 -0.0489811   0.052416   0.062643 -0.0364146  0.0588158   -9.80876 
               21.68 -0.0282076 -0.0395965   -131.905   0.541264  -0.288903 -0.0569882 0 0 0 0 0 0 -0.326969  0.225742 0.0459057  -0.00263642  -0.00111731 -0.000456393 -0.0520536  0.0537761  0.0624742  -0.03934 0.0602645  -9.80874 
                21.7 -0.0354283 -0.0604379   -133.091   0.535153  -0.282569 -0.0565467 0 0 0 0 0 0 -0.379442  0.178481 0.0407961  -0.00262804  -0.00110622 -0.000447768  -0.05037 0.0560933  0.062655 -0.0375982  0.0624474   -9.80873 
               21.72 -0.0336464  -0.113619   -134.274   0.530277  -0.276863 -0.0567972 0 0 0 0 0 0 -0.388899  0.164836 0.0317625  -0.00262604  -0.00107371 -0.000446696 -0.0453348  0.0570244  0.0630786 -0.0326646  0.0631159   -9.80874 
               21.74 -0.0311527   -0.10806   -135.458   0.525063    -0.2714 -0.0567328 0 0 0 0 0 0 -0.385913  0.166782 0.0254116    -0.002624   -0.0010768 -0.000465542 -0.0405461  0.0581815  0.0633152 -0.0279555  0.0640017   -9.80875 
               21.76 -0.0264473 -0.0835154    -136.66   0.517543  -0.267789 -0.0566278 0 0 0 0 0 0 -0.387055  0.140537 0.0275987  -0.00262972  -0.00109812 -0.000500385 -0.0400991  0.0584337  0.0634673 -0.0275082  0.0642222   -9.80875 
               21.78 -0.0142209 -0.0996943   -137.944    0.50912  -0.264769 -0.0568917 0 0 0 0 0 0 -0.396326  0.119225 0.0273371  -0.00263988  -0.00109466 -0.000466649 -0.0409049  0.0592622  0.0637647 -0.0282421  0.0650714   -9.80874 
                21.8 0.00223239 -0.0722596   -139.143   0.503599  -0.260547 -0.0576859 0 0 0 0 0 0 -0.381041  0.133293 0.0147438  -0.00264736  -0.00111242 -0.000464369 -0.0365268  0.0602038  0.0642843 -0.0239386  0.0657237   -9.80875 
               21.82  -0.009885 -0.0804007   -140.346   0.499533  -0.254251 -0.0575164 0 0 0 0 0 0  -0.358811   0.154495 0.00976967  -0.0026377 -0.00110851 -0.00048208 -0.0297768  0.0630497  0.0643609 -0.0172073  0.0680706   -9.80875 
               21.84 -0.00516639  -0.0557377    -141.608   0.494938  -0.249128 -0.0579766 0 0 0 0 0 0  -0.331595   0.182248 0.00104721  -0.00264771  -0.00113629 -0.000488169 -0.0251486  0.0642651  0.0646259 -0.0126382  0.0689468   -9.80875 
               21.86 -0.0136277  -0.090134   -142.861    0.48671  -0.246184 -0.0591716 0 0 0 0 0 0  -0.317787   0.200818 -0.0100285   -0.0026503  -0.00112797 -0.000490428 -0.0276599  0.0643095  0.0650604 -0.0150704   0.069159   -9.80874 
               21.88 -0.00964984   -0.114865    -144.125   0.47939 -0.242676 -0.060224 0 0 0 0 0 0  -0.307148   0.214305 -0.0186251  -0.00264976  -0.00111334 -0.000461079 -0.0291992  0.0641893  0.0653656 -0.0165719  0.0691503   -9.80874 
                21.9 0.0077215  -0.13143  -145.343   0.475131  -0.237143 -0.0609854 0 0 0 0 0 0  -0.302604   0.232108 -0.0335615  -0.00265674  -0.00110349 -0.000462208 -0.0259849  0.0648316  0.0655264 -0.0134094  0.0695332   -9.80874 
               21.92 -0.00682605   -0.113921    -146.567  0.471382 -0.231082 -0.061186 0 0 0 0 0 0  -0.292824   0.253147 -0.0419492  -0.00264879  -0.00111412 -0.000467527 -0.0221758  0.0655045  0.0653748 -0.00966662   0.0698924    -9.80875 
               21.94 -0.00241949   -0.109958    -147.821   0.464822  -0.225306 -0.0612948 0 0 0 0 0 0   -0.24711   0.306435 -0.0375227   -0.0026531  -0.00111649 -0.000458073 -0.0229944  0.0670124  0.0651003 -0.0103323  0.0714255   -9.80873 
               21.96 -0.0110748  -0.109584   -149.049  0.460815 -0.217241 -0.060865 0 0 0 0 0 0  -0.184766   0.370129 -0.0303798  -0.00264469  -0.00111583 -0.000456614 -0.0210744  0.0693697  0.0646761 -0.00826931    0.073557    -9.80872 
               21.98 0.0128691 -0.127547  -150.286   0.459997  -0.207668 -0.0612512 0 0 0 0 0 0  -0.199028   0.348892 -0.0302412  -0.00265552  -0.00110391 -0.000450077 -0.0161972  0.0709925  0.0646227 -0.00340614   0.0747071    -9.80871 
                  22 -0.00210342   -0.104003    -151.526   0.457882  -0.198778 -0.0609516 0 0 0 0 0 0   -0.23584   0.319492 -0.0247896  -0.00264761  -0.00112332 -0.000436853 -0.0129425  0.0728473    0.06431 -8.60199e-05    0.0762152      -9.8087 
               22.02  0.0158587 -0.0919698   -152.789    0.45593  -0.192236 -0.0610955 0 0 0 0 0 0  -0.209178   0.336881 -0.0253986 -0.00265912 -0.00113593 -0.00041946 -0.00883848   0.0715956    0.064206 0.00376085  0.0746172   -9.80872 
               22.04  0.0338753 -0.0907938   -154.006   0.451213  -0.184462 -0.0608228 0 0 0 0 0 0  -0.215426   0.331916 -0.0228581  -0.00266605  -0.00113539 -0.000463955 -0.00941026   0.0734286   0.0639166 0.0033904 0.0764525   -9.8087 
               22.06  0.0425232 -0.0639457   -155.315   0.445802  -0.177386 -0.0597845 0 0 0 0 0 0  -0.223026   0.326247 -0.0140765   -0.0026723  -0.00115704 -0.000436059 -0.0110286  0.0746223  0.0633604 0.00195124  0.0777756   -9.80869 
               22.08 0.0232661 -0.105449  -156.547   0.441269  -0.170205 -0.0599622 0 0 0 0 0 0  -0.247916   0.337239 -0.0150474  -0.00265729  -0.00113198 -0.000442087 -0.0110024  0.0756447  0.0633225 0.00208394  0.0787641   -9.80868 
                22.1 0.00992722  -0.120837   -157.836   0.439928  -0.162916 -0.0602518 0 0 0 0 0 0  -0.250294   0.339961 -0.0171929   -0.0026406  -0.00111642 -0.000428032 -0.00556069   0.0748093   0.0633524 0.00724412  0.0773785   -9.80869 
               22.12 0.0277963 -0.110665  -159.113   0.436566  -0.154242 -0.0606731 0 0 0 0 0 0  -0.236337   0.376424 -0.0329032  -0.00264807  -0.00112165 -0.000427967 -0.00281676   0.0769035   0.0633979 0.0101223 0.0791079  -9.80868 
               22.14 0.0348503 -0.100949  -160.395   0.431965  -0.146306 -0.0609631 0 0 0 0 0 0  -0.186369   0.397378 -0.0427342  -0.00265981  -0.00111962 -0.000440225 -0.00259161   0.0774582   0.0632653 0.0104031 0.0796208  -9.80867 
               22.16  0.0300846 -0.0846538   -161.719   0.425422  -0.139383 -0.0610856 0 0 0 0 0 0    -0.1832   0.380434 -0.0247058  -0.00266468  -0.00112138 -0.000378623 -0.00693636   0.0770414   0.0629722 0.00616945  0.0797203   -9.80867 
               22.18 0.00536943 -0.0850507   -162.925   0.422396  -0.131054 -0.0609615 0 0 0 0 0 0  -0.161863   0.310114 -0.0106755  -0.00264175  -0.00112021 -0.000339541 -0.00594305   0.0778736   0.0627531 0.00722696  0.0804095   -9.80867 
                22.2   0.049308 -0.0583766   -164.185   0.420661  -0.124185 -0.0602122 0 0 0 0 0 0  -0.180786   0.198273 -0.0161772 -0.00266028 -0.00113551 -0.00012218 -0.00370316   0.0783279   0.0624156 0.0094405 0.0805794  -9.80866 
               22.22  0.0718667 -0.0597486   -165.077    0.41787  -0.118817 -0.0598676 0 0 0 0 0 0  -0.262031   0.137147 -0.0866574 -0.00268385 -0.00113595 6.28029e-05 -0.00240597   0.0801356   0.0621807 0.0109178 0.0821665  -9.80865 
               22.24 -0.00455853  -0.0730676     -165.69   0.416397   -0.11484 -0.0603962 0 0 0 0 0 0 -0.282794 0.0826791 -0.141084  -0.0026217 -0.00113302 0.000183318 0.0031966 0.0807775 0.0617761 0.0163901 0.0820732  -9.80864 
               22.26 0.0187877 -0.046418  -166.119   0.414393  -0.111442 -0.0613582 0 0 0 0 0 0 -0.295379 0.0513677 -0.126708 -0.00261732 -0.00116789  0.00034813 0.00856938  0.0822614  0.0611359  0.021753 0.0828079  -9.80863 
               22.28 0.0731346 -0.130672  -166.193   0.411012   -0.10987 -0.0625426 0 0 0 0 0 0 -0.281407 0.0526583 -0.119946 -0.00266085 -0.00112848 0.000390596 0.0122346 0.0823496 0.0606705 0.0252876 0.0824062  -9.80862 
                22.3 0.0629059 -0.150278   -166.19   0.406064  -0.109779 -0.0627395 0 0 0 0 0 0 -0.275185 0.0488821 -0.101239 -0.00265629 -0.00111224 0.000388474 0.0131092 0.0807369 0.0598768 0.0259082 0.0807385  -9.80863 
               22.32 0.0641355 -0.143182  -166.192  0.400128  -0.11083 -0.062555 0 0 0 0 0 0  -0.278462  0.0360442 -0.0788718 -0.00265602 -0.00111738  0.00038675 0.0123844 0.0778675 0.0590664  0.024814 0.0780804  -9.80866 
               22.34 0.0551221 -0.124044  -166.193   0.393395  -0.112156 -0.0617907 0 0 0 0 0 0  -0.287049  0.0210252 -0.0646386 -0.00265271 -0.00112645 0.000384789 0.0106244 0.0751505    0.0582 0.0227437 0.0757177  -9.80868 
               22.36 0.0520281  -0.12082    -166.2   0.386236  -0.113743 -0.0612601 0 0 0 0 0 0  -0.297478  0.0082829 -0.0477205 -0.00265322 -0.00112203 0.000389219 0.00856142  0.0725584  0.0575189 0.0203965 0.0735208   -9.8087 
               22.38 0.0467191 -0.114023  -166.201   0.379226  -0.115124 -0.0604987 0 0 0 0 0 0   -0.306152 5.86831e-05  -0.0318662 -0.00265426 -0.00111935 0.000390888 0.00702702  0.0705549  0.0568823 0.0186383 0.0718176  -9.80872 
                22.4  0.0314567 -0.0769165   -166.203  0.371753 -0.116361 -0.059198 0 0 0 0 0 0   -0.318778 -0.00660317  -0.0249494   -0.002649 -0.00113587 0.000391962 0.00507648  0.0690434  0.0561653 0.0165513 0.0706508  -9.80873 
               22.42  0.0224635 -0.0868185   -166.198  0.363769 -0.117895 -0.057767 0 0 0 0 0 0  -0.332169 -0.0148103  -0.015325 -0.00264543 -0.00112153 0.000388754 0.00278516  0.0673553  0.0554498 0.0141107 0.0693655  -9.80874 
               22.44  0.0252905 -0.0864856   -166.199   0.355349  -0.120064 -0.0573272 0 0 0 0 0 0  -0.340777 -0.0252799 -0.0123243 -0.00264905 -0.00111471 0.000388324 0.000363119   0.0650632   0.0551589 0.0114536 0.0675177  -9.80876 
               22.46  0.0189838 -0.0789362   -166.202   0.346575  -0.122604 -0.0568795 0 0 0 0 0 0  -0.264807 -0.0254042 -0.0216846 -0.00264598 -0.00111749 0.000387242 -0.00228444   0.0625865   0.0548851 0.00855243  0.0655266   -9.80878 
               22.48  0.0194728 -0.0825039   -166.218   0.339053  -0.125103 -0.0567581 0 0 0 0 0 0  -0.100872 0.00889554 -0.0334051 -0.00264406 -0.00110926 0.000411529 -0.00527926   0.0602301    0.054659 0.00533529  0.0637025   -9.80879 
                22.5  0.0194087 -0.0595563   -166.175   0.334937  -0.125962 -0.0564365 0 0 0 0 0 0 -0.0235715  0.0387215 -0.0290978 -0.00263977 -0.00111814 0.000403316 -0.00815553   0.0591685   0.0542814 0.00242232  0.0631056    -9.8088 
               22.52  0.0226042 -0.0653938   -166.133   0.334399  -0.125488 -0.0563459 0 0 0 0 0 0 -0.0244007  0.0386826 -0.0250909  -0.0026398 -0.00111385 0.000378386 -0.0082624  0.0587593  0.0540391 0.00226103  0.0627296    -9.8088 
               22.54 0.0207205 -0.067667  -166.131   0.334601  -0.124897 -0.0563867 0 0 0 0 0 0 -0.0191947  0.0390295  -0.022881 -0.00263673 -0.00111172 0.000376602 -0.00733886   0.0583786   0.0538804 0.00309206  0.0622299    -9.8088 
               22.56  0.0205701 -0.0678067   -166.131   0.334791  -0.124554 -0.0563382 0 0 0 0 0 0 -0.0147049  0.0374116 -0.0202739  -0.0026347  -0.0011109 0.000376473 -0.00656488   0.0576728   0.0537038 0.00373217  0.0614402   -9.80881 
               22.58  0.0208077 -0.0669129   -166.131   0.335004  -0.124355 -0.0562424 0 0 0 0 0 0 -0.0106399  0.0349354 -0.0176686  -0.0026329 -0.00111071 0.000376039 -0.00587953   0.0568334   0.0535281 0.00426784  0.0605354   -9.80881 
                22.6  0.0205965 -0.0663742   -166.131    0.33516   -0.12435 -0.0561341 0 0 0 0 0 0 -0.00752015   0.0313791  -0.0153021 -0.00263083 -0.00111031 0.000375952 -0.00537072   0.0558297   0.0533648 0.00461028  0.0594988   -9.80882 
               22.62  0.0206494 -0.0658646   -166.131   0.335308  -0.124402 -0.0560158 0 0 0 0 0 0 -0.00494624   0.0279576  -0.0131919 -0.00262894 -0.00110989 0.000375829 -0.00495888   0.0548649   0.0532142 0.0048655 0.0585138  -9.80882 
               22.64  0.0208022 -0.0653468   -166.132   0.335443  -0.124485 -0.0558962 0 0 0 0 0 0 -0.00287644    0.024854    -0.01137 -0.00262712 -0.00110947  0.00037575 -0.00463368   0.0539685   0.0530778 0.00504769  0.0576069   -9.80883 
               22.66  0.0206156 -0.0648107   -166.132   0.335584  -0.124584 -0.0557723 0 0 0 0 0 0 -0.00110219   0.0221028 -0.00977868  -0.0026251 -0.00110906 0.000375803 -0.00435873   0.0531435   0.0529525 0.00519217  0.0567761   -9.80883 
               22.68  0.0207738 -0.0643043   -166.132   0.335706  -0.124685 -0.0556658 0 0 0 0 0 0 0.000233408   0.0197954 -0.00854323 -0.00262331 -0.00110863 0.000375772 -0.00415569   0.0524046   0.0528446 0.00528021  0.0560382   -9.80884 
                22.7  0.0209406 -0.0638896   -166.133    0.3358 -0.124776 -0.055569 0 0 0 0 0 0  0.00110495   0.0179543 -0.00755361 -0.00262154 -0.00110814 0.000375688 -0.00402705   0.0517542   0.0527486 0.00530977   0.055396   -9.80884 
               22.72  0.0210443 -0.0635474   -166.133   0.335878  -0.124868 -0.0554828 0 0 0 0 0 0  -0.0834726 -0.00425483  -0.0174502 -0.00261973  -0.0011076 0.000375614 -0.00394096   0.0511604   0.0526632 0.00530677  0.0548143   -9.80885 
               22.74  0.0210375 -0.0619391   -166.134    0.33495  -0.125179 -0.0554363 0 0 0 0 0 0  -0.236606 -0.0408261 -0.0354468 -0.00261808 -0.00111142  0.00038047 -0.00300493   0.0507329   0.0525285 0.00614286  0.0542698   -9.80885 
               22.76  0.0356699 -0.0961445   -166.122   0.330738   -0.12722 -0.0560728 0 0 0 0 0 0  -0.311504 -0.0630368  -0.047837 -0.00262762 -0.00109351 0.000382015 -0.00228607   0.0490815   0.0525038 0.00659358  0.0525824   -9.80886 
               22.78   0.024512 -0.0924299   -166.112  0.324252 -0.129438 -0.056096 0 0 0 0 0 0  -0.321405 -0.0670495 -0.0468303 -0.00262218 -0.00109616 0.000379544 -0.00259675   0.0479048    0.052166 0.00612751  0.0514996   -9.80886 
                22.8  0.0239355 -0.0894609   -166.104   0.317223  -0.130932 -0.0564237 0 0 0 0 0 0  -0.327814 -0.0649072 -0.0339709 -0.00261912 -0.00109825 0.000374109 -0.0033641  0.0478124  0.0519426 0.00537974  0.0515221   -9.80886 
               22.82  0.0186281 -0.0900232   -166.113  0.308856  -0.13344 -0.056258 0 0 0 0 0 0  -0.341183  -0.070707 -0.0172577 -0.00261183 -0.00109662 0.000379287 -0.00558039   0.0466087   0.0516206 0.00308417   0.050687   -9.80887 
               22.84  0.0238192 -0.0835902   -166.121   0.299889  -0.136662 -0.0559476 0 0 0 0 0 0  -0.355039 -0.0837779 -0.0133295  -0.002611 -0.0011002 0.00038265 -0.00815673   0.0447286   0.0513617 0.000346568   0.0492544    -9.80888 
               22.86   0.029944 -0.0887649    -166.13   0.290745  -0.140324 -0.0557344 0 0 0 0 0 0   -0.369337  -0.0976708 -0.00326992 -0.00261372 -0.00110017 0.000386586 -0.0105841  0.0426184  0.0511661 -0.002281 0.0475793  -9.80888 
               22.88 0.0329634 -0.104738  -166.128   0.281318  -0.143349 -0.0557133 0 0 0 0 0 0  -0.386556  -0.101675 0.00684555  -0.0026164 -0.00109397 0.000384464 -0.0130251  0.0416504  0.0511134 -0.00475774   0.0470004    -9.80889 
                22.9 0.0294985 -0.101208  -166.131   0.271892  -0.146082 -0.0552813 0 0 0 0 0 0 -0.399476 -0.102969 0.0140086 -0.00261412 -0.00109637 0.000385304 -0.0150613  0.0410806  0.0509897 -0.00678901   0.0467455    -9.80889 
               22.92 0.0323687 -0.103617   -166.13   0.262983  -0.149154 -0.0550699 0 0 0 0 0 0 -0.406142 -0.108588 0.0187916 -0.00261543 -0.00109391 0.000384785 -0.0161185  0.0400028  0.0510026 -0.00795586   0.0458633    -9.80889 
               22.94 0.0303062 -0.105191   -166.13  0.254139 -0.152071 -0.055025 0 0 0 0 0 0 -0.410322 -0.112166 0.0150983 -0.00261377  -0.0010917 0.000384441 -0.0169327   0.039226   0.051112 -0.0088471  0.0452345   -9.80889 
               22.96 0.0327075 -0.105422  -166.128   0.244302  -0.155087 -0.0551864 0 0 0 0 0 0  -0.420596  -0.112361 0.00335864 -0.00261533 -0.00109625 0.000383083 -0.0188198  0.0385728  0.0512597 -0.0107478  0.0448772   -9.80889 
               22.98 0.0285946 -0.109555   -166.12   0.235102  -0.157745 -0.0552373 0 0 0 0 0 0   -0.424882   -0.110319 -0.00384326 -0.00261175 -0.00110008 0.000376413 -0.0197272  0.0382136  0.0512929 -0.0116679  0.0446622   -9.80889 
                  23 0.0325716 -0.108198  -166.121   0.226274  -0.160342 -0.0553485 0 0 0 0 0 0  -0.424468   -0.11002 -0.0106698  -0.0026147 -0.00110562 0.000374988 -0.0200952  0.0378052  0.0513008 -0.0120786  0.0443233   -9.80889 
               23.02 0.0220357  -0.10559   -166.12   0.218808  -0.161998 -0.0554474 0 0 0 0 0 0  -0.417142  -0.104248 -0.0167018 -0.00261008  -0.0011193 0.000373334 -0.0189349  0.0382749  0.0512717 -0.0109009  0.0446081   -9.80889 
               23.04 0.00706487  -0.105764   -166.129   0.211944   -0.16347 -0.0549181 0 0 0 0 0 0  -0.407973  -0.099206 -0.0059891 -0.00260233 -0.00112928  0.00038106 -0.0172894  0.0387363  0.0509806 -0.00925928   0.0448166    -9.80889 
               23.06 0.00788481  -0.104288   -166.123   0.205308  -0.164583 -0.0538804 0 0 0 0 0 0  -0.398678 -0.0921797 0.00622315 -0.00260175 -0.00113206 0.000379709 -0.0156268  0.0394828  0.0505851 -0.00756051   0.0452961    -9.80889 
               23.08 -0.000921623    -0.116956     -166.124   0.198581  -0.165805 -0.0535972 0 0 0 0 0 0    -0.3886 -0.0884823 0.00550495 -0.00259028 -0.00111736  0.00037884 -0.0142354  0.0399926  0.0505415 -0.00615633   0.0455862    -9.80889 
                23.1 0.0250624 -0.118417  -166.127   0.190834  -0.166816 -0.0541638 0 0 0 0 0 0   -0.38656 -0.0828375  0.0118106 -0.00260175 -0.00111184 0.000380098 -0.0142157  0.0408619  0.0507849 -0.00601397   0.0464149    -9.80889 
               23.12 0.0361749 -0.111052  -166.124  0.183012 -0.167799 -0.054583 0 0 0 0 0 0  -0.389007 -0.0774431  0.0093833 -0.00260832 -0.00111911 0.000381032 -0.0143239  0.0416486  0.0510191 -0.00600572   0.0471826    -9.80888 
               23.14 0.0265024 -0.114089  -166.125   0.174821  -0.169041 -0.0549778 0 0 0 0 0 0    -0.39454  -0.0714592 -0.00876089 -0.00260626 -0.00111524 0.000383753 -0.0147796  0.0420666  0.0512234 -0.00638237    0.047647    -9.80888 
               23.16 0.0177682 -0.124529  -166.122  0.166188 -0.170848 -0.055886 0 0 0 0 0 0  -0.403318 -0.0709189 -0.0231725 -0.00259911 -0.00110592 0.000381332 -0.0155701  0.0417644  0.0514765 -0.00718219   0.0474696    -9.80888 
               23.18 0.00960673  -0.124236   -166.122  0.158338 -0.171951 -0.056305 0 0 0 0 0 0  -0.416664 -0.0729606 -0.0637035 -0.00258797 -0.00109873 0.000379799 -0.0153428  0.0420831  0.0514632 -0.00691927   0.0477422    -9.80888 
                23.2 0.0346933 -0.125847  -166.073    0.14996  -0.173749 -0.0580546 0 0 0 0 0 0 -0.458288  -0.10215 -0.172605 -0.00262377 -0.00108844 0.000273934 -0.0153592  0.0417166  0.0516304 -0.00698791   0.0473933    -9.80888 
               23.22 -0.0964071  -0.148648   -166.228  0.142113 -0.177441  -0.05934 0 0 0 0 0 0 -0.509518 -0.194655 -0.303963 -0.00253213 -0.00107161 0.000200702 -0.0139051  0.0396612  0.0508668 -0.00588923   0.0452225    -9.80889 
               23.24 -0.123887 -0.129605  -166.517   0.133042  -0.182075 -0.0623862 0 0 0 0 0 0 -0.549293 -0.243587  -0.36278 -0.00242811 -0.00109567 0.000179215 -0.0127526   0.038639  0.0497955 -0.00492996   0.0440846     -9.8089 
               23.26 0.0131879 -0.113045  -166.826   0.123061  -0.186467 -0.0654562 0 0 0 0 0 0 -0.572179 -0.213914 -0.334821 -0.00245979 -0.00111287 0.000121858 -0.0118322   0.038973  0.0483168 -0.00399769   0.0442785     -9.8089 
               23.28 0.0722872 -0.137159  -167.237   0.110792  -0.190367 -0.0684789 0 0 0 0 0 0 -0.579896 -0.214615 -0.304997 -0.00250591 -0.00108072 7.14917e-05 -0.0128916  0.0394899  0.0470033 -0.00493149   0.0449277     -9.8089 
                23.3 0.0475381 -0.135904  -167.722  0.102319 -0.192104 -0.070523 0 0 0 0 0 0 -0.549505 -0.209998 -0.272044 -0.00249638 -0.00106915 4.29094e-05 -0.00978558   0.0417567   0.0455945 -0.00163586   0.0466581    -9.80889 
               23.32 0.0393556 -0.112629  -168.277 0.0936964 -0.194121  -0.07175 0 0 0 0 0 0 -0.545743  -0.18493 -0.241764 -0.00248765 -0.00108215 5.32359e-05 -0.00749958   0.0437236   0.0441205 0.000834263   0.0482174    -9.80888 
               23.34 0.0636159 -0.114442  -168.793  0.0833742  -0.195727 -0.0721947 0 0 0 0 0 0 -0.555378 -0.159018 -0.209704 -0.00249876 -0.00107995 3.09047e-05 -0.00713135   0.0458586    0.042565 0.00149862  0.0502109   -9.80887 
               23.36  0.0370056 -0.0946522   -169.379   0.076004  -0.195139 -0.0715317 0 0 0 0 0 0 -0.537864 -0.121944 -0.175053 -0.00247906 -0.00109076 3.45368e-05 -0.00350745   0.0493017   0.0408704 0.00546148  0.0529856   -9.80886 
               23.38  0.043579 -0.109853  -169.951   0.067707  -0.195345 -0.0707183 0 0 0 0 0 0 -0.518952 -0.100922 -0.146072 -0.00247943 -0.00108064 1.87176e-05 -0.00115425   0.0512967   0.0393562 0.0080028  0.054556  -9.80885 
                23.4 0.0717943 -0.112369  -170.536 0.0586036 -0.195116 -0.069907 0 0 0 0 0 0  -0.500971 -0.0858189  -0.111505 -0.00249837 -0.00108517 1.01239e-05 -4.84398e-05    0.0534825    0.0380397 0.00938361  0.0564877   -9.80883 
               23.42  0.0403516 -0.0942312   -171.159  0.0506132  -0.195087 -0.0683849 0 0 0 0 0 0  -0.483519 -0.0694151 -0.0749512 -0.00248142 -0.00110208 2.85242e-05 0.00187527  0.0550345  0.0367218 0.0114524 0.0576914  -9.80882 
               23.44   0.054208 -0.0694314   -171.735  0.0438951  -0.193682 -0.0661869 0 0 0 0 0 0  -0.367971 -0.0262857 -0.0486276  -0.0024864 -0.00111594 2.02642e-05 0.0047011 0.0575768 0.0354321 0.0145306 0.0597031  -9.80881 
               23.46  0.0469861 -0.0790342   -172.382  0.0373446  -0.190685 -0.0649364 0 0 0 0 0 0  -0.286921  0.0212846 -0.0329227  -0.0024793 -0.00110892 0.000148206 0.00525056  0.0611489  0.0346503 0.0155991 0.0630341  -9.80879 
               23.48   0.045359 -0.0748552   -172.777   0.032941  -0.188988 -0.0638097 0 0 0 0 0 0  -0.317083  0.0389459 -0.0201741 -0.00247557 -0.00111048 0.000203376 0.00650485  0.0623074  0.0340245 0.0169732 0.0639508  -9.80878 
                23.5  0.0288321 -0.0544945   -173.087  0.0285581   -0.18701 -0.0625298 0 0 0 0 0 0   -0.34236  0.0556886 -0.0085166 -0.00246234 -0.00112193 0.000168708 0.00841112  0.0633271  0.0334388  0.018947 0.0646314  -9.80877 
               23.52  0.0495592 -0.0498983   -173.435  0.0216018  -0.185857 -0.0614553 0 0 0 0 0 0   -0.382967   0.0651635 0.000186604 -0.00247151 -0.00112389 0.000119021 0.00825757    0.06337  0.0329936 0.0188096 0.0646987  -9.80877 
               23.54  0.0596376 -0.0624331   -173.815  0.0139328  -0.183157 -0.0611801 0 0 0 0 0 0 -0.418198 0.0862128 0.0015962 -0.00247446 -0.00111533 5.07448e-05 0.00811588  0.0648003  0.0328981 0.0189036 0.0660853  -9.80876 
               23.56  0.0562216 -0.0559076   -174.338 0.00434238  -0.182274 -0.0611144 0 0 0 0 0 0    -0.438286    0.0858511 -0.000356066 -0.00246926 -0.00111818 3.30789e-05 0.00692926  0.0640493  0.0328759 0.0176558 0.0655604  -9.80877 
               23.58  0.0534093 -0.0575053   -174.896 -0.00490238   -0.181703  -0.0608931 0 0 0 0 0 0 -0.429442 0.0840375 -0.001034 -0.00246988 -0.00112324 1.76585e-05 0.0065454 0.0629254 0.0327901 0.0171086 0.0645527  -9.80877 
                23.6  0.0636482 -0.0849332    -175.47  -0.012692  -0.178912 -0.0611327 0 0 0 0 0 0   -0.430294    0.093404 -0.00195077 -0.00247823 -0.00111265 1.24142e-05 0.00725026  0.0639853  0.0328751 0.0179514 0.0654457  -9.80877 
               23.62  0.0389536 -0.0582045   -176.076 -0.0200421  -0.175703 -0.0601116 0 0 0 0 0 0  -0.436792   0.103726 0.00673908 -0.00245978 -0.00112764 2.78863e-05 0.00834838  0.0652339  0.0325115 0.019202 0.066454 -9.80876 
               23.64  0.0368703 -0.0448572   -176.638 -0.0279093  -0.173448 -0.0596301 0 0 0 0 0 0  -0.429923   0.116979 0.00869761 -0.00245513 -0.00113465 1.47354e-05 0.00920229  0.0653538  0.0323958 0.0200319 0.0664256  -9.80875 
               23.66  0.0364348 -0.0646152    -177.21 -0.0365995  -0.170578 -0.0602817 0 0 0 0 0 0   -0.43135   0.133659 0.00193649 -0.00245166 -0.00112179 7.76041e-06 0.00906771  0.0658943  0.0326891 0.0199951 0.0669605  -9.80875 
               23.68  0.0627307 -0.0785946   -177.822 -0.0456393  -0.168761 -0.0603283 0 0 0 0 0 0  -0.433143   0.140678 0.00077614 -0.00246394 -0.00111249 2.49627e-05 0.0087604 0.0650679 0.0327146  0.019562 0.0662278  -9.80876 
                23.7  0.0497063 -0.0566491   -178.375 -0.0544769  -0.165031 -0.0604491 0 0 0 0 0 0   -0.431592    0.161808 -0.00107045 -0.00245274 -0.00112471 6.38651e-06 0.0084685 0.0659806 0.0327637 0.0194441 0.0671447  -9.80875 
               23.72  0.0523002 -0.0440961   -178.979 -0.0636417  -0.162577 -0.0608783 0 0 0 0 0 0   -0.432421    0.169233 -0.00494872 -0.00245102 -0.00113125 2.02576e-05 0.00804933  0.0652376  0.0329035 0.0189165  0.066512  -9.80876 
               23.74 0.0499412  -0.05406  -179.561 -0.0727574  -0.159728 -0.0607086 0 0 0 0 0 0   -0.435856    0.178179 -0.00361519 -0.00244635 -0.00112427 2.14744e-05 0.00765028  0.0647278  0.0328035 0.0184492 0.0660995  -9.80876 
               23.76  0.0417961 -0.0353749     179.89 -0.0856632  -0.157361 -0.0601058 0 0 0 0 0 0 -0.437142  0.171543 0.0019557 -0.00243841 -0.00113459 1.95136e-05 0.00363932   0.063676  0.0325303 0.0144721 0.0658209  -9.80877 
               23.78  0.0316839 -0.0431077    179.287 -0.0950924  -0.153821 -0.0594342 0 0 0 0 0 0  -0.4082 0.148459 0.017239 -0.00242906 -0.00112893 4.16194e-05 0.00292331  0.0637928  0.0323014 0.0138181 0.0660624  -9.80877 
                23.8  0.0584958 -0.0519483    178.722  -0.102527  -0.149716 -0.0603556 0 0 0 0 0 0  -0.40429  0.146097 0.0176826 -0.00244196 -0.00112251 4.13509e-05 0.00349671  0.0648878  0.0327568 0.0145582  0.066992  -9.80876 
               23.82  0.0720499 -0.0641628    178.176  -0.112129  -0.146349 -0.0607022 0 0 0 0 0 0 -0.437183  0.133935 0.0120865 -0.00244707 -0.00111412 1.80501e-05 0.00194151  0.0653461  0.0329932 0.0131757 0.0677122  -9.80876 
               23.84  0.0460806 -0.0527756    177.531  -0.120323  -0.143794 -0.0611331 0 0 0 0 0 0  -0.441599  0.0835381 0.00630637 -0.00242911    -0.00112 0.000144785 0.00252229  0.0652301   0.033235 0.0137004 0.0674923  -9.80876 
               23.86  0.0542093 -0.0646932    177.116  -0.125934  -0.140033 -0.0611353 0 0 0 0 0 0  -0.408971  0.0727384 0.00405723 -0.00243232 -0.00111181 0.000309591 0.00530525  0.0671995   0.033308  0.016695 0.0688274  -9.80874 
               23.88   0.051459 -0.0694613     177.04  -0.130808  -0.137096 -0.0614959 0 0 0 0 0 0    -0.382919    0.0840091 -0.000664148 -0.00242881 -0.00110809 0.000353338 0.00825395  0.0685815  0.0334912 0.0197348 0.0695679  -9.80873 
                23.9  0.0478564 -0.0707533    177.043  -0.136023  -0.134435 -0.0617071 0 0 0 0 0 0   -0.363606   0.0924875 -0.00344031 -0.00242491 -0.00110656 0.000351342 0.0104251 0.0694854 0.0335811 0.0219518 0.0700009  -9.80873 
               23.92  0.0453315 -0.0663585    177.037 -0.143407 -0.133784 -0.061647 0 0 0 0 0 0   -0.362538   0.0859818 -0.00304466 -0.00242162 -0.00110843 0.000354213 0.0105671  0.068373 0.0335335 0.0218673 0.0689232  -9.80873 
               23.94  0.0457183 -0.0640512    177.036  -0.151728  -0.134034 -0.0614563 0 0 0 0 0 0    -0.370116    0.0731595 -0.000379261 -0.00242014 -0.00110906 0.000354755 0.00996808  0.0665596  0.0334343 0.0209464 0.0673307  -9.80875 
               23.96  0.0476886 -0.0700359    177.029   -0.16067  -0.134383 -0.0613306 0 0 0 0 0 0   -0.381055   0.0613982 -0.00261249 -0.00241954 -0.00110371 0.000357009 0.00890816  0.0648996  0.0333733 0.0196209 0.0659759  -9.80876 
               23.98  0.0566128 -0.0746128    177.023  -0.170559  -0.135192 -0.0614548 0 0 0 0 0 0   -0.397204   0.0512277 -0.00591789 -0.00242518 -0.00109921 0.000359033 0.00723031  0.0630408  0.0333787 0.0176736  0.064559  -9.80877 
                  24   0.059271 -0.0762831    177.028  -0.180771  -0.135409 -0.0617908 0 0 0 0 0 0   -0.414651   0.0481395 -0.00630916 -0.00242729 -0.00109743 0.000355339 0.00538871  0.0619096  0.0334368 0.0157174 0.0638625  -9.80878 
               24.02  0.0494732 -0.0830028     177.03  -0.189871  -0.135448 -0.0619747 0 0 0 0 0 0   -0.419323   0.0438996 -0.00716425 -0.00241979 -0.00109268 0.000353453 0.00486491  0.0609988  0.0334498 0.0150419 0.0631105  -9.80879 
               24.04  0.0512799 -0.0846022    177.029  -0.198623  -0.135116 -0.0622884 0 0 0 0 0 0   -0.42099  0.0424383 -0.0084464 -0.00241925 -0.00109105 0.000353942 0.00465409   0.060504  0.0335063 0.0147436 0.0626872  -9.80879 
               24.06  0.0514846 -0.0941251     177.03  -0.206202   -0.13384 -0.0625625 0 0 0 0 0 0    -0.41481   0.0467825 -0.00969443  -0.0024181 -0.00108459 0.000353036 0.00534057  0.0608991  0.0335501 0.0154678 0.0629195  -9.80879 
               24.08  0.0535919 -0.0863385    177.026 -0.214287 -0.133411 -0.062778 0 0 0 0 0 0    -0.29135   0.0282843 -0.00978259 -0.00241984 -0.00108699 0.000354939 0.00565079  0.0604477  0.0335585 0.0156671 0.0624323  -9.80879 
                24.1     0.0496 -0.0842559    177.035  -0.221555  -0.133459 -0.0627452 0 0 0 0 0 0  -0.0821708  0.00600175 -0.00764126 -0.00241768  -0.0010794 0.000341409 0.00444995   0.059873  0.0334661 0.0144238 0.0621364  -9.80879 
               24.12  0.0439951 -0.0622768    177.024  -0.224502  -0.133141 -0.0626121 0 0 0 0 0 0  0.00596433   0.0061774 -0.00596797 -0.00241277 -0.00108524 0.000340034 0.00319619  0.0600231  0.0333555 0.0132784 0.0625324  -9.80879 
               24.14  0.0424698 -0.0599912    177.022  -0.225305  -0.133452 -0.0624269 0 0 0 0 0 0 -0.000375624   0.00609991  -0.00404685 -0.00241022 -0.00108587 0.000341437 0.00243576  0.0596133  0.0332398  0.012482 0.0623025  -9.80879 
               24.16  0.0399159 -0.0608675    177.025  -0.225523  -0.133658 -0.0623412 0 0 0 0 0 0 -0.00116112  0.00622886 -0.00334359 -0.00240703 -0.00108461 0.000339374 0.00231073  0.0593159  0.0331787 0.0123045  0.062049   -9.8088 
               24.18  0.0398306 -0.0609043    177.024  -0.225615  -0.133812 -0.0622834 0 0 0 0 0 0 -0.000877382   0.00661054  -0.00299414 -0.00240531 -0.00108385 0.000339347 0.00230404  0.0590659  0.0331336 0.0122475 0.0618159   -9.8088 
                24.2  0.0399659 -0.0608391    177.024  -0.225675  -0.133904 -0.0622368 0 0 0 0 0 0 -0.000420957   0.00739457  -0.00279321 -0.00240372 -0.00108314 0.000339174 0.00231081   0.058866  0.0330952 0.0122134 0.0616271   -9.8088 
               24.22  0.0399962 -0.0611713    177.024  -0.225718  -0.133953 -0.0622291 0 0 0 0 0 0 8.39523e-05     0.00838  -0.0029235 -0.00240208 -0.00108221 0.000338984 0.00231969  0.0586909  0.0330721 0.0121862 0.0614611   -9.8088 
               24.24  0.0399453 -0.0610992    177.024  -0.225736  -0.133967 -0.0622199 0 0 0 0 0 0 0.000687944  0.00946757  -0.0030264 -0.00240038 -0.00108151 0.000338767 0.00233807  0.0585303  0.0330477  0.012171 0.0613068   -9.8088 
               24.26  0.0400339 -0.0612159    177.024  -0.225741  -0.133959 -0.0622133 0 0 0 0 0 0  0.00130309   0.0105577 -0.00313296 -0.00239877  -0.0010807 0.000338516 0.00235742  0.0583715  0.0330234 0.012157 0.061154  -9.8088 
               24.28 0.0400025 -0.061215   177.024 -0.225736 -0.133934 -0.062209 0 0 0 0 0 0  0.00190675   0.0115954 -0.00324042  -0.0023971 -0.00107996 0.000338254 0.00237605   0.058208  0.0329993 0.0121414 0.0609971   -9.8088 
                24.3  0.0399329 -0.0613633    177.024  -0.225724  -0.133902 -0.0622107 0 0 0 0 0 0  0.00247562   0.0125317 -0.00337426  -0.0023954 -0.00107914 0.000338008 0.00239206  0.0580343  0.0329764 0.0121213  0.060831   -9.8088 
               24.32   0.040184 -0.0614451    177.024  -0.225696  -0.133882 -0.0622028 0 0 0 0 0 0 -0.0834604  0.0103908 -0.0108113 -0.00239389 -0.00107835 0.000337809 0.00241956  0.0578336  0.0329492 0.0121065 0.0606375  -9.80881 
               24.34  0.0381368 -0.0623439    177.025  -0.226457  -0.133633 -0.0622905 0 0 0 0 0 0  -0.237155 0.00335844 -0.0265173 -0.00238917 -0.00107927 0.000339298 0.00320819  0.0578898  0.0329119 0.0128569  0.060531   -9.8088 
               24.36  0.0440261 -0.0788514    177.034  -0.230175  -0.133901 -0.0623979 0 0 0 0 0 0   -0.304738 -0.00502942  -0.0300093 -0.00238827 -0.00107461 0.000337555 0.0041639 0.0576234 0.0327713 0.0136988 0.0600891  -9.80881 
               24.38  0.0506252 -0.0827137    177.031  -0.236111  -0.132841 -0.0624163 0 0 0 0 0 0  -0.308616 0.00470402 -0.0276425 -0.00239299 -0.00108344 0.000342056 0.00405206  0.0586091  0.0325701 0.0137941 0.0610365   -9.8088 
                24.4  0.0471256 -0.0939337    177.032  -0.242099  -0.131264 -0.0626563 0 0 0 0 0 0  -0.312091  0.0159327 -0.0262413 -0.00239506 -0.00108274 0.000340907 0.00390556   0.059866   0.032464 0.0139115 0.0622444  -9.80879 
               24.42 0.0450285 -0.105541   177.029   -0.24953  -0.130353 -0.0627202 0 0 0 0 0 0   -0.32135  0.0228725 -0.0259887 -0.00239269 -0.00107106 0.000342202 0.00274816   0.060334  0.0322936 0.0129233 0.0629171  -9.80879 
               24.44  0.052951 -0.102945   177.029  -0.257741  -0.129608 -0.0623589 0 0 0 0 0 0  -0.336665   0.031766 -0.0243934 -0.00239183 -0.00107074 0.000342281 0.00113356  0.0605263  0.0319711 0.0114523 0.0634243  -9.80879 
               24.46  0.057099 -0.100683   177.036  -0.265599  -0.128538 -0.0621017 0 0 0 0 0 0  -0.349642  0.0400498 -0.0236856 -0.00239002 -0.00107114 0.000338557 6.55893e-05   0.0608564   0.0317021 0.0105207   0.06395  -9.80879 
               24.48 0.0596148 -0.108018   177.041  -0.273095  -0.127077 -0.0618955 0 0 0 0 0 0  -0.354182  0.0484086 -0.0274453 -0.00239434 -0.00106058  0.00033501 -0.000508606    0.0613885    0.0314612  0.010092 0.0645652  -9.80878 
                24.5   0.046091 -0.0935766    177.038  -0.280569  -0.125369 -0.0615744 0 0 0 0 0 0 -0.355189   0.05609 -0.030387 -0.00239095  -0.0010636 0.000336987 -0.00100281    0.061986   0.0311551 0.00975179  0.0652257   -9.80878 
               24.52   0.040538 -0.0918713    177.038 -0.288575 -0.124306 -0.061586 0 0 0 0 0 0  -0.360579  0.0601912 -0.0370909 -0.00239413 -0.00106572 0.000337078 -0.00177033   0.0619074   0.0309401 0.00901896  0.0653078   -9.80878 
               24.54  0.0195724 -0.0931025     177.04  -0.296481  -0.123246 -0.0619159 0 0 0 0 0 0  -0.366226  0.0645135 -0.0390586 -0.00238151  -0.0010687 0.000336755 -0.00233975   0.0617644   0.0307908 0.00845823  0.0652895   -9.80878 
               24.56 0.0234518 -0.109909    177.04  -0.304075  -0.121575 -0.0618637 0 0 0 0 0 0  -0.368806  0.0696913 -0.0354177  -0.0023769  -0.0010593 0.000336818 -0.00265706   0.0620628   0.0304975 0.00822305   0.065634   -9.80878 
               24.58 0.0230906  -0.10959   177.042  -0.311947  -0.120314 -0.0617089 0 0 0 0 0 0  -0.373177  0.0720258 -0.0270863 -0.00237503 -0.00105878 0.000336136 -0.00306772   0.0619339   0.0301912 0.0078144 0.0655976  -9.80878 
                24.6 0.0228502 -0.112566   177.042  -0.320354   -0.11969 -0.0613479 0 0 0 0 0 0   -0.37987  0.0682421 -0.0125696 -0.00237079  -0.0010536 0.000335517 -0.00372421   0.0612361   0.0298665 0.00706123  0.0650784   -9.80878 
               24.62 0.0281561 -0.101056   177.038   -0.32866  -0.119273 -0.0605811 0 0 0 0 0 0    -0.382823    0.0634547 -0.000219131 -0.00236987 -0.00105704 0.000337818 -0.00415873   0.0604442   0.0295025 0.00649681  0.0644269   -9.80879 
               24.64  0.0537519 -0.0996769    177.044  -0.336962  -0.118829 -0.0600377 0 0 0 0 0 0 -0.386669 0.0599303 0.0110041 -0.00238358 -0.00105712 0.000332873 -0.00455064   0.0597607    0.029304 0.00599357  0.0638674   -9.80879 
               24.66 0.0439111 -0.101548    177.05  -0.344521    -0.1187 -0.0595294 0 0 0 0 0 0 -0.384863 0.0535812 0.0193312 -0.00237759 -0.00105354 0.000328725 -0.00421286   0.0589087   0.0292025 0.00613769  0.0630033    -9.8088 
               24.68  0.0409297 -0.0961377    177.045  -0.352301  -0.118162 -0.0589676 0 0 0 0 0 0  -0.38472 0.0513434 0.0193429 -0.00237488 -0.00105329 0.000330952 -0.0041851  0.0584815  0.0291396 0.00607779  0.0625986    -9.8088 
                24.7  0.0338767 -0.0908696    177.037  -0.360283  -0.117337 -0.0586612 0 0 0 0 0 0 -0.386764  0.052001 0.0217419 -0.00237051 -0.00105473 0.000335702 -0.00438081   0.0583151   0.0291654 0.00586143  0.0624823    -9.8088 
               24.72  0.0288593 -0.0856279    177.037  -0.368301  -0.117177 -0.0581953 0 0 0 0 0 0 -0.388694 0.0488176 0.0223778 -0.00236818 -0.00105505 0.000335565 -0.00445029   0.0576141   0.0291515 0.00565548  0.0618411    -9.8088 
               24.74  0.0132894 -0.0754294    177.042  -0.378099  -0.117684 -0.0575961 0 0 0 0 0 0 -0.403122 0.0459579 0.0273898  -0.0023573 -0.00105749 0.000333439 -0.00582317   0.0563935   0.0290829 0.00412865  0.0609764   -9.80881 
               24.76  0.0216427 -0.0718435    177.037  -0.387679  -0.118168 -0.0571321 0 0 0 0 0 0  -0.41412 0.0428911 0.0336497 -0.00235984  -0.0010615 0.000336774 -0.00679353   0.0552536   0.0291008 0.00299376   0.060106   -9.80882 
               24.78  0.0243551 -0.0713373    177.038  -0.397462  -0.118802 -0.0566708 0 0 0 0 0 0 -0.426157  0.034176  0.025078 -0.00235729 -0.00106255 0.000335427 -0.00772849   0.0540498   0.0291638 0.00187916  0.0591686   -9.80882 
                24.8  0.0212507 -0.0774994    177.035  -0.407109  -0.119432 -0.0564625 0 0 0 0 0 0 -0.432377 0.0287972 0.0229797  -0.0023521   -0.001051 0.000336596 -0.00839027   0.0530001   0.0292579 0.0010506 0.0583204  -9.80883 
               24.82   0.026154 -0.0731299    177.037  -0.416324  -0.119705 -0.0568714 0 0 0 0 0 0 -0.431943  0.025058 0.0221249 -0.00234756 -0.00104592 0.000335408 -0.00867747   0.0523317   0.0295579 0.000647448   0.0577524    -9.80883 
               24.84  0.0392445 -0.0474094    177.033   -0.42494  -0.119884 -0.0577138 0 0 0 0 0 0 -0.430018 0.0208365 0.0116902 -0.00234998  -0.0010614 0.000338268 -0.00851774    0.051817   0.0300078 0.000691583    0.057238    -9.80883 
               24.86  0.0420895 -0.0500315    177.032  -0.433104  -0.120161 -0.0583536 0 0 0 0 0 0  -0.427543  0.0186142 0.00621844 -0.00235204 -0.00106172 0.000338472 -0.0080393  0.0513061  0.0303162 0.00103417  0.0566641   -9.80884 
               24.88  0.0399953 -0.0692617    177.036  -0.441389  -0.120441 -0.0588733 0 0 0 0 0 0   -0.425267   0.0142096 -0.00295826 -0.00234913 -0.00104809  0.00033639 -0.00770908   0.0508212    0.030543 0.00124405  0.0561446   -9.80884 
                24.9  0.0361715 -0.0697073    177.038  -0.450008  -0.120665 -0.0594119 0 0 0 0 0 0  -0.423959  0.0105205 -0.0137194  -0.0023449 -0.00104327 0.000334147 -0.00770399   0.0504335   0.0307095 0.00117057  0.0557811   -9.80884 
               24.92  0.0327453 -0.0549004    177.036  -0.459383  -0.121339 -0.0597209 0 0 0 0 0 0  -0.429406 0.00677878 -0.0204684 -0.00233977 -0.00105031 0.000333967 -0.00825284   0.0497325   0.0307147 0.000518644   0.0552368    -9.80884 
               24.94  0.0317265 -0.0679479    177.042  -0.469227   -0.12238 -0.0601867 0 0 0 0 0 0  -0.437971 0.00217626 -0.0223653  -0.0023346 -0.00104258 0.000330849 -0.00902854   0.0488052   0.0307248 -0.000389836    0.0545267     -9.80885 
               24.96  0.0396023 -0.0696037    177.038 -0.478167 -0.122717 -0.060778 0 0 0 0 0 0  -0.437651 0.00488812 -0.0246399 -0.00233626 -0.00103912 0.000333077 -0.00910172    0.048514   0.0307738 -0.000516437    0.0542696     -9.80885 
               24.98  0.0377298 -0.0644821    177.036 -0.486607 -0.122636 -0.061606 0 0 0 0 0 0  -0.433735  0.0063899 -0.0258807 -0.00233187 -0.00103908 0.000335948 -0.00885187   0.0485124   0.0308936 -0.000284421    0.0542177     -9.80885 
                  25  0.0368081 -0.0663103    177.036  -0.495534  -0.122877 -0.0624251 0 0 0 0 0 0  -0.438185 0.00126462 -0.0183699  -0.0023276 -0.00103619 0.000337452 -0.00897765   0.0482309   0.0309978 -0.000458174    0.0539799     -9.80885 
               25.02  0.0405178 -0.0760484    177.034   -0.50264  -0.121958 -0.0625065 0 0 0 0 0 0  -0.428778 0.00854461 -0.0162699 -0.0023329 -0.0010312 0.00034044 -0.00786334   0.0489428   0.0309082 0.000721911   0.0544216    -9.80885 
               25.04 0.0335804 -0.079535   177.047  -0.510456  -0.120948 -0.0629052 0 0 0 0 0 0  -0.421606   0.017633 -0.0154434 -0.00233145 -0.00103095 0.000336006 -0.00742173   0.0495869   0.0309391 0.0012617 0.0549335  -9.80885 
               25.06  0.0294374 -0.0843444    177.054  -0.518755   -0.12026 -0.0634179 0 0 0 0 0 0   -0.419026   0.0223576 -0.00950251 -0.00232736 -0.00102964 0.000333866 -0.00737241   0.0498382   0.0310119 0.00135765  0.0551575   -9.80884 
               25.08  0.0298955 -0.0863426    177.058   -0.52752  -0.119984 -0.0633641 0 0 0 0 0 0  -0.421895  0.0253251 -0.0100063 -0.00232649 -0.00102902 0.000332457 -0.00764123   0.0497014   0.0309231 0.00108043  0.0550841   -9.80885 
                25.1  0.0157038 -0.0821811    177.076  -0.536582  -0.118936 -0.0632677 0 0 0 0 0 0   -0.42805  0.0329865 -0.0122849 -0.00231234 -0.00102827 0.000321897 -0.00821015   0.0500822   0.0308137 0.000627644   0.0555525    -9.80884 
               25.12  0.0219153 -0.0751318    177.074  -0.545132  -0.117639 -0.0632489 0 0 0 0 0 0  -0.426343  0.0383258 -0.0141712 -0.00230862 -0.00102726 0.000323007 -0.0083147  0.0505509    0.03072 0.000624383   0.0560102    -9.80884 
               25.14  0.0257238 -0.0717932    177.077  -0.553711  -0.116596 -0.0635245 0 0 0 0 0 0   -0.425981      0.0417 -0.00740034 -0.00231119 -0.00103014 0.000321844 -0.00840071   0.0507527   0.0307167 0.000584742   0.0562151    -9.80884 
               25.16   0.019995 -0.0696047    177.068    -0.5613  -0.115427 -0.0635669 0 0 0 0 0 0   -0.42083  0.0459787 0.00339473 -0.00230971 -0.00103463 0.000327866 -0.00775882   0.0510181   0.0306855 0.00123463  0.0563344   -9.80884 
               25.18  0.0153715 -0.0826321    177.073  -0.568708  -0.114933 -0.0627525 0 0 0 0 0 0   -0.41356  0.0445983 0.00817378 -0.00230525 -0.00102704 0.000325191 -0.00694138   0.0507267   0.0304288  0.001937 0.0559014  -9.80884 
                25.2  0.0179781 -0.0828759     177.07  -0.576097  -0.114242 -0.0623363 0 0 0 0 0 0   -0.40666  0.0447107 0.00908707 -0.00230366 -0.00102507 0.000326696 -0.00625033   0.0505966   0.0303454 0.0025535 0.0556432  -9.80884 
               25.22  0.0190747 -0.0842257    177.073  -0.583808  -0.113375 -0.0617922 0 0 0 0 0 0  -0.404663  0.0447629 0.00499359 -0.00230121 -0.00102195 0.000324681 -0.00593599   0.0505836   0.0302201 0.00284336  0.0555691   -9.80884 
               25.24 0.0150238  -0.07623   177.072  -0.591132  -0.112788 -0.0613691 0 0 0 0 0 0 -0.399054 0.0426478 0.0013447 -0.00229923 -0.00102421 0.000324953 -0.00531519    0.050371    0.030111 0.00337801  0.0552484   -9.80884 
               25.26 0.0221567 -0.079627   177.069  -0.599331  -0.112423 -0.0614919 0 0 0 0 0 0   -0.398049   0.0411413 -0.00293769 -0.00230397 -0.00102004 0.000326002 -0.00538763   0.0500168   0.0301626 0.00323995  0.0549332   -9.80885 
               25.28  0.0219316 -0.0704354    177.076   -0.60716  -0.111728 -0.0616098 0 0 0 0 0 0  -0.396055  0.0421509 -0.0074379 -0.00230234 -0.00102797 0.000321959 -0.0052675  0.0499267  0.0301843 0.00333349  0.0548255   -9.80885 
                25.3  0.0198242 -0.0714933     177.08  -0.614918  -0.111087 -0.0615393 0 0 0 0 0 0  -0.394322  0.0426315 -0.0035019 -0.00229958 -0.00102977 0.000319419 -0.00511578   0.0497841   0.0301077 0.00344619  0.0546632   -9.80885 
               25.32  0.0246889 -0.0784295    177.073  -0.622796   -0.11058 -0.0613675 0 0 0 0 0 0   -0.393154    0.042073 0.000701828 -0.00230087 -0.00102533 0.000323453 -0.00505213   0.0495397   0.0300221 0.00345687  0.0544238   -9.80885 
               25.34  0.0253869 -0.0800213    177.075  -0.631184  -0.110014 -0.0616849 0 0 0 0 0 0 -0.395754 0.0426775 -0.005816 -0.00229975 -0.00102365 0.000322293 -0.0053788  0.0493415  0.0301363 0.00311389   0.054304   -9.80885 
               25.36  0.0162146 -0.0690273    177.075  -0.638556  -0.108528 -0.0615162 0 0 0 0 0 0   -0.392394   0.0502267 -0.00456768 -0.00229118 -0.00103203 0.000320683 -0.00510191   0.0497903   0.0300385 0.00346042  0.0546664   -9.80885 
               25.38  0.0188895 -0.0743475    177.073  -0.646471  -0.107073 -0.0616044 0 0 0 0 0 0   -0.392935   0.0569072 -0.00533697 -0.00228832  -0.0010311 0.000319369 -0.00522997   0.0501064   0.0300369 0.00340451  0.0549853   -9.80885 
                25.4  0.0213714 -0.0851818    177.071  -0.654125  -0.105728 -0.0617027 0 0 0 0 0 0   -0.390741   0.0626423 -0.00626964 -0.00228686 -0.00102684 0.000319882 -0.00511885   0.0502532    0.030035 0.00353678  0.0550995   -9.80884 
               25.42  0.0271789 -0.0887958    177.065 -0.661577 -0.104715 -0.061744 0 0 0 0 0 0   -0.388563   0.0646079 -0.00253675 -0.00228872 -0.00102809 0.000322066 -0.00481678   0.0500883   0.0300075 0.00378417  0.0548868   -9.80885 
               25.44 0.0168344 -0.105543   177.063   -0.66924   -0.10369 -0.0618013 0 0 0 0 0 0    -0.38746   0.0645048 -0.00241614 -0.00228099 -0.00101949 0.000322495 -0.00469157   0.0499016   0.0300105 0.00386311  0.0546886   -9.80885 
               25.46 0.0205459 -0.104321   177.048 -0.677539 -0.103248 -0.061888 0 0 0 0 0 0   -0.391549   0.0620724 -0.00710303 -0.00228157 -0.00101993 0.000331271 -0.00493495   0.0493068   0.0300208 0.00351931  0.0541849   -9.80885 
               25.48 0.0152548 -0.108869   177.041  -0.685596  -0.102796 -0.0621009 0 0 0 0 0 0   -0.390892   0.0578482 -0.00904085 -0.00227276 -0.00101446 0.000335041 -0.00495637   0.0487577   0.0300444 0.00339033  0.0536797   -9.80885 
                25.5 0.0354848 -0.107505   177.038  -0.694686  -0.103052 -0.0621549 0 0 0 0 0 0    -0.39816   0.0474645 -0.00235616 -0.00228153 -0.00101515 0.000336457 -0.00561444   0.0477711   0.0299917 0.00258494  0.0528951   -9.80886 
               25.52  0.0246682 -0.0883626    177.021  -0.703136  -0.103333 -0.0619974 0 0 0 0 0 0   -0.400902   0.0405464 -0.00518058 -0.00227853 -0.00102541  0.00034662 -0.0057502    0.04692  0.0299165 0.00229061  0.0521331   -9.80886 
               25.54  0.0211938 -0.0799151    177.012  -0.711704  -0.104113 -0.0615502 0 0 0 0 0 0    -0.40283   0.0308681 -0.00857878 -0.00227553 -0.00102679 0.000351374 -0.00587508   0.0458247   0.0297192 0.00195843  0.0511431   -9.80887 
               25.56  0.0304009 -0.0781532    177.017  -0.719413  -0.104109 -0.0611935 0 0 0 0 0 0   -0.399291   0.0271531 -0.00540362 -0.00227737 -0.00102722 0.000348332 -0.00553776   0.0454104   0.0295356 0.00218926  0.0506931   -9.80887 
               25.58 0.0318155 -0.079741   177.016  -0.727575  -0.104324 -0.0608507 0 0 0 0 0 0   -0.399881   0.0233379 -0.00238955  -0.0022767 -0.00102566 0.000348831 -0.00554171   0.0448942   0.0293762 0.00208387  0.0502161   -9.80887 
                25.6  0.0345242 -0.0859065    177.022  -0.736071  -0.104361 -0.0604567 0 0 0 0 0 0   -0.405236   0.0225745 -0.00239478 -0.00227683 -0.00102137 0.000345081 -0.00581112   0.0445478    0.029218 0.00176645  0.0499489   -9.80887 
               25.62  0.0435047 -0.0887679    177.019 -0.744841 -0.104138 -0.061047 0 0 0 0 0 0   -0.405831   0.0243281 -0.00139252 -0.00228067 -0.00101645 0.000346646 -0.00622487   0.0443864   0.0294047 0.00135104  0.0498804   -9.80887 
               25.64  0.0414441 -0.0927157    177.022 -0.752946  -0.10359 -0.061505 0 0 0 0 0 0  -0.399325  0.0278839 0.00314862 -0.00227906  -0.0010109 0.000342504 -0.00621957   0.0444274   0.0295558 0.00136356  0.0499167   -9.80887 
               25.66  0.0453021 -0.0838528    177.023  -0.760787  -0.102883 -0.0614335 0 0 0 0 0 0    -0.398837    0.0324933 -0.000978216 -0.00227869 -0.00101807 0.000339414 -0.00614462   0.0445295   0.0295535 0.0014531 0.0499965  -9.80887 
               25.68  0.0432167 -0.0824665    177.021   -0.76799  -0.101549 -0.0612773 0 0 0 0 0 0   -0.394083   0.0395277 -0.00371096 -0.00227156 -0.00102077 0.000340343 -0.00572724    0.044996   0.0294952 0.00193157  0.0503462   -9.80887 
                25.7  0.0448023 -0.0885302    177.026  -0.776559  -0.101396 -0.0616714 0 0 0 0 0 0  -0.398876   0.035689 -0.0106151 -0.00226892 -0.00101649 0.000336838 -0.00608958    0.044562   0.0296051 0.00151035  0.0500157   -9.80887 
               25.72  0.0482918 -0.0955024    177.024  -0.785681  -0.101646 -0.0621352 0 0 0 0 0 0  -0.407723  0.0306222 -0.0201949 -0.00227175 -0.00101162 0.000337265 -0.00671219   0.0439055   0.0296892 0.000804733   0.0495307    -9.80887 
               25.74  0.0432105 -0.0994148    177.028  -0.794606  -0.101954 -0.0625871 0 0 0 0 0 0  -0.412534  0.0262972 -0.0134451 -0.00226948 -0.00100605 0.000334802 -0.00708782   0.0432853   0.0297035 0.000334925    0.049031    -9.80888 
               25.76  0.0451504 -0.0900882    177.027  -0.804355  -0.102746 -0.0627209 0 0 0 0 0 0   -0.421421   0.0186063 -0.00180542 -0.00226948 -0.00100841 0.000335086 -0.00789755   0.0423939   0.0296502 -0.000589206    0.0483663     -9.80888 
               25.78  0.0488905 -0.0808535    177.029  -0.812986  -0.102653 -0.0629101 0 0 0 0 0 0   -0.421436   0.0173517 -0.00447039 -0.00227082  -0.0010133 0.000334114 -0.0079884  0.0422065  0.0297037 -0.000710308    0.0482108     -9.80888 
                25.8  0.0557607 -0.0807585    177.027 -0.822053 -0.102677 -0.063137 0 0 0 0 0 0   -0.424964   0.0167042 -0.00693438 -0.00227574 -0.00101496  0.00033458 -0.00835973   0.0419535   0.0297497 -0.00110332   0.0480499    -9.80888 
               25.82 0.0531046  -0.09147   177.028  -0.830744  -0.102245 -0.0628902 0 0 0 0 0 0     -0.42541     0.020109 -0.000940822 -0.00227342 -0.00101168  0.00033363 -0.00851032   0.0420151    0.029612 -0.00122975   0.0481369    -9.80888 
               25.84   0.045753 -0.0907023    177.027  -0.839865   -0.10248 -0.0627842 0 0 0 0 0 0  -0.427782  0.0187254 0.00324908 -0.00226622 -0.00101297 0.000334198 -0.00882468   0.0415867   0.0295653 -0.00160432   0.0478031    -9.80888 
               25.86  0.0461847 -0.0898949    177.026  -0.848673  -0.102049 -0.0628046 0 0 0 0 0 0   -0.429564   0.0211373 -0.00227019 -0.00226286 -0.00101545 0.000334493 -0.00900122   0.0416197   0.0295942 -0.00176083   0.0478682    -9.80888 
               25.88  0.0487815 -0.0967004    177.023  -0.857561  -0.101975 -0.0629968 0 0 0 0 0 0   -0.428265   0.0200594 -0.00779647 -0.00226302 -0.00101339 0.000335652 -0.00914436   0.0413872   0.0296447 -0.00193892   0.0476814    -9.80888 
                25.9  0.0474625 -0.0980569    177.026  -0.865743  -0.101235 -0.0632158 0 0 0 0 0 0  -0.422979  0.0253386 -0.0116861 -0.00226296 -0.00101238 0.000332232 -0.0089391  0.0416146   0.029669 -0.00170481   0.0478509    -9.80888 
               25.92 0.0426715 -0.101338   177.027   -0.87291 -0.0998516 -0.0633731 0 0 0 0 0 0   -0.41405  0.0337913 -0.0156786 -0.00225859 -0.00100811 0.000330156 -0.00821175   0.0422081   0.0296488 -0.000917015     0.048256     -9.80888 
               25.94  0.0408541 -0.0972629    177.026  -0.880207 -0.0985616 -0.0635339 0 0 0 0 0 0 -0.405705 0.0403745 -0.015564 -0.00225409 -0.00100982 0.000330579 -0.00765191   0.0426247   0.0296001 -0.000318597    0.0485306     -9.80888 
               25.96  0.0354985 -0.0911177    177.026  -0.888105 -0.0980214 -0.0635479 0 0 0 0 0 0    -0.4041  0.0399158 -0.0138648 -0.00224748 -0.00101492  0.00033024 -0.00747293   0.0424567   0.0294963 -0.000186395    0.0483409     -9.80888 
               25.98   0.03936 -0.096525   177.027  -0.896137 -0.0973434 -0.0638907 0 0 0 0 0 0   -0.40256  0.0401634 -0.0149706 -0.00224806 -0.00101076 0.000329172 -0.00742129   0.0423808   0.0295197 -0.000153845    0.0482606     -9.80888 
                  26  0.0357129 -0.0879884    177.036  -0.903745  -0.096069 -0.0636582 0 0 0 0 0 0  -0.397929  0.0442726 -0.0112922  -0.0022454 -0.00101586 0.000324034 -0.00720643   0.0426908   0.0293344 0.000105735   0.0485051    -9.80888 
               26.02  0.0402539 -0.0818364    176.996  -0.913019 -0.0968198 -0.0637695 0 0 0 0 0 0  -0.408879  0.0352235 -0.0177621 -0.00224925  -0.0010217 0.000347818 -0.00783507   0.0416193   0.0292874 -0.000684128    0.0476406     -9.80888 
               26.04  0.0290966 -0.0889569    177.005   -0.92191 -0.0961279 -0.0638471 0 0 0 0 0 0  -0.415592  0.0382041 -0.0226095 -0.00224036 -0.00101373 0.000341863 -0.00830404    0.041594   0.0291854 -0.00112067   0.0477095    -9.80888 
               26.06   0.036622 -0.0859547    177.001  -0.930949 -0.0958383 -0.0643162 0 0 0 0 0 0   -0.41993  0.0366149 -0.0217794 -0.00224144 -0.00100985 0.000344067 -0.0087115  0.0412748  0.0291877 -0.00155859   0.0474953    -9.80888 
               26.08  0.0418131 -0.0809295    177.009  -0.939404 -0.0952399  -0.064477 0 0 0 0 0 0  -0.420171  0.0383663 -0.0189403 -0.00224339 -0.00101249 0.000339553 -0.00873336   0.0411885   0.0290908 -0.00159538   0.0474204    -9.80889 
                26.1 0.0372894 -0.088217   177.019  -0.947506 -0.0942991 -0.0644261 0 0 0 0 0 0  -0.417864  0.0417155 -0.0154568 -0.00223798 -0.00100937 0.000333095 -0.00856877   0.0413058   0.0289414 -0.00142041   0.0474967    -9.80888 
               26.12  0.0354793 -0.0845084    177.015  -0.955342 -0.0930087 -0.0644423 0 0 0 0 0 0  -0.413247   0.047606 -0.0137671 -0.00223418 -0.00101239 0.000335436 -0.00829907   0.0416066   0.0288414 -0.00111285   0.0477213    -9.80888 
               26.14 0.0288473  -0.08771   177.019  -0.963308 -0.0918372 -0.0641457 0 0 0 0 0 0 -0.411428 0.0514764 -0.013801 -0.00222644 -0.00101264 0.000332552 -0.00814568   0.0417514   0.0286425 -0.000942715    0.0478253     -9.80888 
               26.16 0.0330513  -0.09431   177.019  -0.971586 -0.0908853 -0.0636196 0 0 0 0 0 0 -0.413119 0.0524885 -0.011017 -0.00222557 -0.00100818 0.000332899 -0.00817857   0.0417007   0.0283614 -0.000982084     0.047786     -9.80888 
               26.18  0.0353681 -0.0857827    177.015  -0.980096 -0.0898924 -0.0633077 0 0 0 0 0 0   -0.415187   0.0545152 -0.00680278  -0.0022263 -0.00100988 0.000334687 -0.00833646   0.0416585   0.0281738 -0.00113498   0.0477787    -9.80888 
                26.2  0.0296463 -0.0924276    177.021  -0.988203 -0.0892675 -0.0631946 0 0 0 0 0 0   -0.414079   0.0537141 -0.00244447  -0.0022218 -0.00100527 0.000330992 -0.00815069   0.0413743    0.028088 -0.00101975   0.0474811    -9.80889 
               26.22  0.0314247 -0.0904011    177.018 -0.996215 -0.089353 -0.063528 0 0 0 0 0 0   -0.411656   0.0467082 -0.00925214 -0.00221864 -0.00100287 0.000332435 -0.00781216   0.0406633   0.0281893 -0.000848475    0.0467605     -9.80889 
               26.24  0.0365548 -0.0875446    177.014   -1.00477 -0.0897583 -0.0637691 0 0 0 0 0 0  -0.412491  0.0376299 -0.0171064  -0.00221754 -0.000998333  0.000334608 -0.00782787   0.0398294   0.0282075 -0.00102646   0.0459967    -9.80889 
               26.26  0.043596 -0.089664   177.024   -1.01283 -0.0901443 -0.0639626 0 0 0 0 0 0  -0.408228  0.0300808 -0.0198966  -0.00222057 -0.000993749  0.000328869 -0.00754272   0.0391304   0.0281571 -0.00090138   0.0452984     -9.8089 
               26.28  0.0453947 -0.0860124     177.02   -1.02106 -0.0905482 -0.0644031 0 0 0 0 0 0  -0.405929  0.0248256 -0.0250321  -0.00222067 -0.000997562  0.000330547 -0.00744035    0.038509   0.0281718 -0.000929092    0.0447072      -9.8089 
                26.3  0.0359966 -0.0822453     177.02   -1.02928 -0.0905806 -0.0645304 0 0 0 0 0 0  -0.405843  0.0221931 -0.0272268 -0.00221188 -0.00100362 0.000330997 -0.00743542   0.0381808   0.0280406 -0.000988403     0.044405      -9.8089 
               26.32  0.0425214 -0.0840257     177.03   -1.03715 -0.0901778 -0.0647588 0 0 0 0 0 0  -0.404575  0.0229835 -0.0293644 -0.00221462 -0.00100403 0.000324622 -0.007278 0.0381585 0.0279318 -0.000847951    0.0443542      -9.8089 
               26.34 0.0379679 -0.092699   177.021    -1.0458 -0.0901928 -0.0649049 0 0 0 0 0 0  -0.408761  0.0219562 -0.0231554  -0.00221125 -0.000996549  0.000329859 -0.00756689   0.0378586   0.0277743 -0.00117124   0.0441355     -9.8089 
               26.36  0.0316057 -0.0840554    177.017   -1.05458 -0.0897896 -0.0644402 0 0 0 0 0 0  -0.413387  0.0236794 -0.0123307  -0.00220455 -0.000999346  0.000331767 -0.00795508   0.0378271   0.0274472 -0.00153256   0.0441833     -9.8089 
               26.38 0.0235319 -0.083292   177.018   -1.06266 -0.0886514 -0.0638548 0 0 0 0 0 0   -0.412319   0.0303991 -0.00298127  -0.00219835 -0.000999496  0.000330858 -0.00794366   0.0382347    0.027159 -0.00144158   0.0445563     -9.8089 
                26.4  0.0160805 -0.0803852    177.015   -1.07069 -0.0876753 -0.0630022 0 0 0 0 0 0  -0.411091  0.0336053 0.00261452 -0.00219287 -0.00100143 0.000332146 -0.0078814    0.03846  0.0268435 -0.00133952    0.044752     -9.8089 
               26.42 0.0132851 -0.072596   177.015   -1.07861 -0.0866717 -0.0619194 0 0 0 0 0 0  -0.409848  0.0373643 0.00600373 -0.00219213 -0.00100594 0.000332211 -0.00775728   0.0386627   0.0264884 -0.00118507   0.0449151     -9.8089 
               26.44  0.0109738 -0.0770622    177.022   -1.08683 -0.0864665 -0.0613016 0 0 0 0 0 0  -0.408724  0.0352992 0.00574412 -0.00218983 -0.00100106 0.000327625 -0.00769705   0.0383337   0.0263161 -0.00119364    0.044602     -9.8089 
               26.46  0.0234937 -0.0864915    177.015   -1.09603 -0.0870854 -0.0617715 0 0 0 0 0 0   -0.414435   0.0271768 -0.00268867  -0.00219454 -0.000995485  0.000331488 -0.00812495   0.0375295    0.026511 -0.0017433   0.043947    -9.8089 
               26.48  0.0148994 -0.0786782    177.021   -1.10419 -0.0865815 -0.0616181 0 0 0 0 0 0    -0.41376    0.028375 -0.00187753  -0.0021882 -0.00100169 0.000327605 -0.00804024   0.0375062   0.0264407 -0.00167006   0.0439094     -9.8089 
                26.5 0.0150694 -0.085287   177.022   -1.11274 -0.0863498 -0.0613408 0 0 0 0 0 0  -0.416308  0.0277418 0.00358305  -0.00218715 -0.000997056   0.00032674 -0.00816656   0.0373046   0.0263308 -0.00182475   0.0437495     -9.8089 
               26.52   0.015272 -0.0896378    177.019   -1.12097 -0.0862584 -0.0613398 0 0 0 0 0 0  -0.415501  0.0253916 0.00956213  -0.00218609 -0.000993302  0.000328236 -0.00803153   0.0370296   0.0263558 -0.00175482   0.0434711     -9.8089 
               26.54  0.0106197 -0.0944818    177.014   -1.12932 -0.0862092 -0.0609671 0 0 0 0 0 0 -0.415649 0.0214012 0.0131664  -0.00218184 -0.000989257  0.000331015 -0.00798946   0.0367579   0.0262934 -0.00176909   0.0432141     -9.8089 
               26.56 0.0245137 -0.104188   177.012   -1.13777 -0.0859928 -0.0608646 0 0 0 0 0 0 -0.416199 0.0206002 0.0106906  -0.00219252 -0.000980983  0.000331526 -0.00803954   0.0366332   0.0263473 -0.00183937   0.0431095    -9.80891 
               26.58 0.00801478 -0.0854609    177.019   -1.14666 -0.0864529  -0.061199 0 0 0 0 0 0  -0.417828  0.0174833 0.00568712  -0.00218512 -0.000989537  0.000327123 -0.0082348  0.0361213   0.026531 -0.00211826   0.0426779    -9.80891 
                26.6 0.00430934 -0.0839638    177.022   -1.15587 -0.0870357 -0.0613855 0 0 0 0 0 0    -0.42398   0.0137502 -0.00439437 -0.00217909  -0.0009926 0.000325372 -0.00860456   0.0355756   0.0266277 -0.002563 0.0422497  -9.80891 
               26.62  0.0110892 -0.0944589    177.023   -1.16458 -0.0867922 -0.0615437 0 0 0 0 0 0  -0.426754  0.0151673 -0.0128961  -0.00217738 -0.000985959  0.000324585 -0.00873755   0.0355575   0.0266503 -0.00268821   0.0422588    -9.80891 
               26.64  0.0256653 -0.0829142    177.024   -1.17369 -0.0875565 -0.0618916 0 0 0 0 0 0  -0.428843 0.00687207 -0.0182067  -0.00218258 -0.000989485  0.000323724 -0.00891549   0.0349362   0.0266774 -0.00297182   0.0417246    -9.80891 
               26.66  0.0402515 -0.0934279     177.02   -1.18234 -0.0874981 -0.0626927 0 0 0 0 0 0  -0.429425 0.00755793 -0.0250506  -0.00219427 -0.000985097  0.000326012 -0.00894132   0.0348907   0.0268267 -0.00300472   0.0416875    -9.80891 
               26.68  0.0281559 -0.0967714    177.021   -1.19027 -0.0871123  -0.063359 0 0 0 0 0 0  -0.425332  0.0116352 -0.0258033  -0.00219016 -0.000984587  0.000324949 -0.00858355   0.0350262   0.0268873 -0.00265161    0.041742    -9.80891 
                26.7  0.0237499 -0.0923246    177.027   -1.19739 -0.0858047 -0.0633914 0 0 0 0 0 0  -0.414249   0.021285 -0.0229493  -0.00218635 -0.000985972  0.000320808 -0.00792549   0.0356477   0.0267297 -0.00192924   0.0421835    -9.80891 
               26.72  0.0264004 -0.0816865    177.025   -1.20455  -0.084246 -0.0631615 0 0 0 0 0 0  -0.405956  0.0311771 -0.0121648 -0.00218488 -0.00099384 0.000322006 -0.00743778   0.0363031      0.0265 -0.0013558   0.042689   -9.80891 
               26.74  0.0334047 -0.0986297    177.024   -1.21162 -0.0828776  -0.062837 0 0 0 0 0 0 -0.398863 0.0369599 0.0016583  -0.00218574 -0.000985524  0.000322081 -0.00693673   0.0367342   0.0263113 -0.000814034    0.0429867     -9.80891 
               26.76   0.033647 -0.0985227     177.02   -1.21845 -0.0811593 -0.0620723 0 0 0 0 0 0 -0.389928 0.0445333 0.0102162   -0.0021847 -0.000984865  0.000324019 -0.00641348   0.0373008   0.0260669 -0.000225661    0.0434039      -9.8089 
               26.78  0.0420845 -0.0966495    177.026   -1.22623 -0.0803334  -0.061671 0 0 0 0 0 0  -0.389018  0.0463359 0.00736951  -0.00218972 -0.000986782  0.000320428 -0.00639405   0.0372635   0.0259996 -0.000214977    0.0433663      -9.8089 
                26.8  0.0387947 -0.0937683    177.029   -1.23454 -0.0798834 -0.0613623 0 0 0 0 0 0 -0.392418 0.0454868 0.0116831  -0.00218527 -0.000989352  0.000318202 -0.00664058   0.0369873   0.0259416 -0.000493343    0.0431619     -9.80891 
               26.82 0.0570213 -0.109659   177.031   -1.24228  -0.079177 -0.0614058 0 0 0 0 0 0 -0.390048 0.0453931 0.0158549  -0.00219271 -0.000979343  0.000317199 -0.00653977   0.0368704   0.0260374 -0.000424357    0.0430353     -9.80891 
               26.84  0.0480402 -0.0942981    177.029   -1.25166  -0.079642 -0.0611735 0 0 0 0 0 0 -0.400981 0.0379711 0.0144175  -0.00218515 -0.000989152  0.000318552 -0.00726598   0.0360754   0.0260581 -0.00124077   0.0424499    -9.80891 
               26.86  0.0449989 -0.0949103    177.026   -1.26095 -0.0801284 -0.0609878 0 0 0 0 0 0 -0.410471 0.0308474 0.0162922  -0.00218115 -0.000988979  0.000319737 -0.0078273  0.0353541  0.0260867 -0.00189235   0.0418999    -9.80891 
               26.88  0.044155 -0.103546   177.023   -1.26964 -0.0803167 -0.0607824 0 0 0 0 0 0 -0.414985 0.0265593 0.0178816 -0.00218044 -0.00098173 0.000321543 -0.00799322   0.0348894   0.0261259 -0.00213368   0.0415078    -9.80891 
                26.9 0.0445937 -0.102192    177.02   -1.27797 -0.0799838 -0.0608034 0 0 0 0 0 0  -0.41592 0.0267742 0.0132685  -0.00218016 -0.000978603  0.000323706 -0.00797278   0.0347755    0.026256 -0.00213748   0.0413996    -9.80891 
               26.92 0.0483494 -0.103161   177.016   -1.28628 -0.0796392 -0.0609536 0 0 0 0 0 0  -0.415411  0.0278214 0.00458715  -0.00218098 -0.000975439  0.000325878 -0.00793853   0.0346664    0.026399 -0.00212781    0.041293    -9.80891 
               26.94 0.0336406 -0.104596   177.015   -1.29419 -0.0779738 -0.0609339 0 0 0 0 0 0    -0.41379   0.0374526 -0.00420952  -0.00216893 -0.000974234  0.000326126 -0.00786491   0.0353013   0.0264251 -0.00193808   0.0418576    -9.80891 
               26.96 0.045418 -0.11115  177.012   -1.30201 -0.0766693 -0.0616242 0 0 0 0 0 0  -0.410533  0.0421997 -0.0135847  -0.00217597 -0.000968374  0.000327843 -0.00767154   0.0356199   0.0266359 -0.00170107     0.04211    -9.80891 
               26.98 0.0345924 -0.097817   177.018   -1.31004 -0.0754298 -0.0614085 0 0 0 0 0 0  -0.408307   0.048909 -0.0142191  -0.00217183 -0.000974241  0.000324267 -0.00762596   0.0358454   0.0264688 -0.00161548   0.0423073    -9.80891 
                  27  0.0267195 -0.0926429    177.019  -1.31767 -0.074021 -0.060828 0 0 0 0 0 0   -0.40444  0.0541279 -0.0114301  -0.00216181 -0.000978725  0.000323596 -0.00739469   0.0360918   0.0261736 -0.00135651   0.0424881    -9.80891 
               27.02  0.0272039 -0.0954406    177.015   -1.32503 -0.0729064 -0.0612429 0 0 0 0 0 0  -0.399001  0.0543487 -0.0136917  -0.00215677 -0.000978494  0.000325373 -0.00697629    0.036112   0.0262426 -0.000972184    0.0424258     -9.80891 
               27.04  0.0308594 -0.0988666    177.024   -1.33258 -0.0720512 -0.0613549 0 0 0 0 0 0  -0.395501  0.0542096 -0.0125863  -0.00215785 -0.000975773  0.000320018 -0.00669861   0.0359822   0.0261899 -0.000744551    0.0422543     -9.80891 
               27.06  0.0234206 -0.0868055    177.021   -1.33967 -0.0710837 -0.0615453 0 0 0 0 0 0  -0.390005  0.0552782 -0.0120685  -0.00215203 -0.000982682  0.000321364 -0.00621349   0.0359193   0.0261743 -0.00031556   0.0421038    -9.80891 
               27.08  0.0205644 -0.0906027     177.02   -1.34669 -0.0700785 -0.0615673 0 0 0 0 0 0  -0.383745  0.0567298 -0.0116873  -0.00214753 -0.000978588  0.000322202 -0.00575349   0.0358663   0.0261037 9.25612e-05   0.0419673    -9.80891 
                27.1  0.0192804 -0.0868444    177.017   -1.35479 -0.0697942 -0.0615137 0 0 0 0 0 0  -0.385795  0.0524986 -0.0103392   -0.0021423 -0.000980415  0.000323566 -0.00588108   0.0353859   0.0260031 -0.000115758    0.0415551     -9.80891 
               27.12  0.0261027 -0.0982934    177.011   -1.36295 -0.0692578 -0.0613244 0 0 0 0 0 0  -0.390109  0.0504131 -0.0110954   -0.0021432 -0.000975152  0.000326753 -0.00606514   0.0350957   0.0258644 -0.000338494     0.041327     -9.80891 
               27.14  0.0256051 -0.0973387    177.011   -1.37109 -0.0686905 -0.0613782 0 0 0 0 0 0  -0.391568  0.0487485 -0.0167128  -0.00214145 -0.000972861  0.000326367 -0.00619841   0.0348475   0.0258049 -0.000507196    0.0411271     -9.80891 
               27.16 0.0204588 -0.095119    177.02   -1.37921 -0.0682701 -0.0615449 0 0 0 0 0 0  -0.392062  0.0458248 -0.0182955 -0.00213699 -0.00097382 0.000320866 -0.00628712   0.0345378    0.025746 -0.000647227    0.0408628     -9.80891 
               27.18 0.0288097 -0.106622   177.016   -1.38861 -0.0688021 -0.0615997 0 0 0 0 0 0  -0.403517  0.0365127 -0.0120212  -0.00214091 -0.000969131  0.000323189 -0.00696914   0.0337255   0.0256318 -0.00142239   0.0402558    -9.80892 
                27.2 0.0354951 -0.112524   177.017   -1.39804  -0.069702 -0.0616269 0 0 0 0 0 0   -0.412645   0.0256613 -0.00707987   -0.0021442 -0.000964967  0.000322193 -0.00751329   0.0328172    0.025553 -0.00209078   0.0395351    -9.80892 
               27.22 0.0376478  -0.11192   177.031   -1.40689 -0.0704047 -0.0614003 0 0 0 0 0 0    -0.41664   0.0190465 -0.00858964  -0.00214468 -0.000964707  0.000314068 -0.00769213   0.0321452   0.0254241 -0.00238185   0.0389595    -9.80892 
               27.24 0.0366531 -0.115144    177.03   -1.41577 -0.0705693 -0.0613909 0 0 0 0 0 0   -0.42185   0.017581 -0.0156344  -0.00214126 -0.000961635  0.000314531 -0.00792618   0.0318409   0.0253594 -0.00265242   0.0387282    -9.80892 
               27.26 0.0338702 -0.118429   177.024   -1.42446 -0.0705157 -0.0615276 0 0 0 0 0 0  -0.423572  0.0163265 -0.0255725  -0.00213646 -0.000956031   0.00031782 -0.00802919   0.0316755   0.0252977 -0.00277742   0.0385979    -9.80892 
               27.28 0.0317536  -0.11501   177.026   -1.43347 -0.0711606 -0.0620813 0 0 0 0 0 0 -0.427156 0.0103263 -0.036651  -0.00213471 -0.000956155  0.000316851 -0.00820426   0.0311402   0.0253105 -0.00303894   0.0381456    -9.80893 
                27.3  0.031114 -0.116168   177.029   -1.44216 -0.0712143 -0.0626183 0 0 0 0 0 0   -0.42748  0.0100204 -0.0315231  -0.00213389 -0.000953488  0.000314518 -0.00825432   0.0309973   0.0252426 -0.00311153   0.0380257    -9.80893 
               27.32 0.0271106 -0.107042   177.031   -1.45065 -0.0714021 -0.0622161 0 0 0 0 0 0   -0.42534 0.00895087 -0.0170634  -0.00213007 -0.000956008  0.000313433 -0.00818257   0.0307889   0.0248885 -0.0030854  0.0378239   -9.80893 
               27.34  0.0284649 -0.0987038    177.032   -1.45935 -0.0712094 -0.0619345 0 0 0 0 0 0  -0.426649  0.0106828 -0.0133745  -0.00212777 -0.000958807  0.000312791 -0.00830092   0.0307936   0.0246738 -0.00319106   0.0378514    -9.80893 
               27.36   0.020765 -0.0923328    177.032   -1.46798 -0.0709109 -0.0616782 0 0 0 0 0 0    -0.42471   0.0097316 -0.00707456  -0.00212017 -0.000960122  0.000312571 -0.00836968   0.0308378   0.0244939 -0.00324428   0.0379051    -9.80893 
               27.38  0.0404788 -0.0858122    177.033    -1.4761 -0.0708193 -0.0616806 0 0 0 0 0 0   -0.421259  0.00844327 -0.00724429  -0.00213495 -0.000968462  0.000311626 -0.00815578   0.0307876   0.0244488 -0.00306013   0.0378189    -9.80893 
                27.4 0.0260574 -0.100652    177.03   -1.48436 -0.0705945 -0.0616167 0 0 0 0 0 0   -0.421883   0.0115892 -0.00963623   -0.0021295 -0.000961588  0.000313268 -0.008077 0.0308193 0.0243785 -0.00298253   0.0378328    -9.80893 
               27.42   0.012436 -0.0951968    177.025   -1.49297 -0.0704262 -0.0617805 0 0 0 0 0 0  -0.422835  0.0125476 -0.0057713  -0.00211845 -0.000959844  0.000315577 -0.00816352   0.0307836   0.0243676 -0.00306764   0.0378169    -9.80893 
               27.44 0.0204724 -0.089454   177.026   -1.50064 -0.0694518  -0.061869 0 0 0 0 0 0   -0.416965    0.017822 -0.00151541  -0.00212024 -0.000960794  0.000314626 -0.00782723   0.0311761   0.0243626 -0.0026883  0.0381083   -9.80893 
               27.46   0.021124 -0.0803274    177.023   -1.50817 -0.0682124 -0.0617319 0 0 0 0 0 0    -0.411251    0.0249365 -0.000467041  -0.00212047 -0.000964094   0.00031634 -0.00750973   0.0316519   0.0243093 -0.00230999   0.0384786    -9.80892 
               27.48  0.0258578 -0.0836456    177.027   -1.51608 -0.0672939 -0.0614788 0 0 0 0 0 0   -0.409312   0.0283276 -0.00210555   -0.0021245 -0.000961764  0.000313815 -0.00739546   0.0318773   0.0242209 -0.0021633  0.0386611   -9.80892 
                27.5 0.0254076   -0.0832   177.033   -1.52418 -0.0659125 -0.0613964 0 0 0 0 0 0   -0.410441   0.0351164 -0.00494387  -0.00212631 -0.000963049  0.000310492 -0.00745457   0.0323093    0.024177 -0.002134 0.0390632  -9.80892 
               27.52  0.0217529 -0.0978999     177.03    -1.5323 -0.0648683 -0.0614822 0 0 0 0 0 0    -0.40931   0.0381944 -0.00202024  -0.00212519 -0.000953248  0.000311956 -0.00745157   0.0324907   0.0241723 -0.00209659   0.0392268    -9.80892 
               27.54 0.0329809 -0.105192   177.029   -1.54045 -0.0637382  -0.061689 0 0 0 0 0 0   -0.408494   0.0418222 0.000550162 -0.00213311 -0.00095005 0.000312661 -0.00747701   0.0326838   0.0242285 -0.00208283   0.0394061    -9.80892 
               27.56  0.0221853 -0.0962537     177.03   -1.54853 -0.0631742 -0.0615171 0 0 0 0 0 0  -0.408202  0.0411912 0.00217316  -0.00212757 -0.000957247   0.00031206 -0.00739717   0.0325414   0.0241747 -0.00203779   0.0392623    -9.80892 
               27.58 0.0237813 -0.105731   177.031   -1.55646 -0.0621441 -0.0611904 0 0 0 0 0 0  -0.405052  0.0448223 0.00708334  -0.00212727 -0.000951283  0.000311342 -0.00729922   0.0326523   0.0240788 -0.00192792   0.0393441    -9.80892 
                27.6 0.0262184  -0.10399    177.03   -1.56527 -0.0619913 -0.0609714 0 0 0 0 0 0  -0.410176  0.0423759 0.00718899  -0.00212576 -0.000953847  0.000311663 -0.00758575   0.0322581   0.0240497 -0.00226169   0.0390426    -9.80892 
               27.62 0.0321518 -0.111947   177.031   -1.57355 -0.0609161 -0.0610815 0 0 0 0 0 0  -0.412424  0.0463348 0.00151544  -0.00212606 -0.000948183  0.000310605 -0.00764968   0.0323764   0.0241354 -0.00229704   0.0391613    -9.80892 
               27.64  0.0136261 -0.0949376    177.027   -1.58138 -0.0605466 -0.0606882 0 0 0 0 0 0  -0.408811  0.0426077 0.00391877  -0.00211362 -0.000955062  0.000312681 -0.0073591  0.0320871  0.0240153 -0.00208977   0.0388452    -9.80892 
               27.66  0.0096091 -0.0885696    177.022   -1.58923 -0.0601321 -0.0601091 0 0 0 0 0 0  -0.406616  0.0409541 0.00355928  -0.00211016 -0.000957771  0.000315427 -0.00713307   0.0318605   0.0238479 -0.00192867   0.0385983    -9.80892 
               27.68 0.0199259 -0.101805   177.032   -1.59697 -0.0594674 -0.0599067 0 0 0 0 0 0   -0.403406   0.0416464 0.000681015  -0.00211339 -0.000948481  0.000309531 -0.00690708   0.0317809    0.023806 -0.00173999   0.0384837    -9.80892 
                27.7 0.0200177 -0.104699   177.031   -1.60513 -0.0592087 -0.0600802 0 0 0 0 0 0    -0.402535    0.0389828 -0.000850064  -0.00211023 -0.000946049  0.000309935 -0.00687916   0.0314828   0.0238699 -0.00177178   0.0382093    -9.80893 
               27.72   0.01778 -0.102907   177.035   -1.61301  -0.059095 -0.0604164 0 0 0 0 0 0   -0.399644   0.0354111 -0.00436623   -0.0021063 -0.000948177  0.000307101 -0.00669557   0.0311378   0.0239803 -0.00167237   0.0378631    -9.80893 
               27.74  0.021419 -0.113398   177.037   -1.62141 -0.0590325 -0.0606835 0 0 0 0 0 0     -0.4019   0.0335665 -0.00617979  -0.00210589 -0.000942788  0.000305739 -0.0068204  0.0308051  0.0240399 -0.00184829   0.0375865    -9.80893 
               27.76 0.0198938 -0.109575   177.036   -1.63004 -0.0589417 -0.0604963 0 0 0 0 0 0    -0.404816    0.0325082 -0.000800475  -0.00210191 -0.000944481  0.000306295 -0.00705427   0.0305083   0.0239318 -0.00211499   0.0373637    -9.80893 
               27.78 0.0203303 -0.108894    177.04   -1.63876 -0.0583779 -0.0602925 0 0 0 0 0 0   -0.40919  0.0347729 0.00650825  -0.00209907 -0.000944259  0.000303807 -0.00737645   0.0304666   0.0238536 -0.00241272   0.0373872    -9.80893 
                27.8 0.0211382 -0.103674   177.035   -1.64646 -0.0569716 -0.0597653 0 0 0 0 0 0   -0.40526    0.03974 0.00879917  -0.00209583 -0.000943635  0.000306774 -0.00722421   0.0308284   0.0237205 -0.00220656   0.0376847    -9.80893 
               27.82  0.0196699 -0.0736152    177.037   -1.65448 -0.0563109 -0.0592213 0 0 0 0 0 0  -0.402882  0.0385854 0.00777629  -0.00209555 -0.000957939  0.000305334 -0.00716431   0.0307599    0.023596 -0.00216532    0.037612    -9.80893 
               27.84 0.0163784 -0.066521    177.04   -1.66247 -0.0563022 -0.0587778 0 0 0 0 0 0   -0.40108  0.0360691 0.00567621  -0.00209646 -0.000961716  0.000303277 -0.00702793   0.0303704   0.0234995 -0.00211634   0.0372358    -9.80893 
               27.86  0.0143368 -0.0724371    177.034   -1.67037 -0.0557964 -0.0587829 0 0 0 0 0 0  -0.399341  0.0363653 0.00328035   -0.0020915 -0.000957968  0.000306638 -0.00693317   0.0302595    0.023541 -0.0020523   0.037118   -9.80893 
               27.88  0.014854 -0.070731   177.038   -1.67804  -0.055169 -0.0587746 0 0 0 0 0 0  -0.395861  0.0358744 0.00467665  -0.00208811 -0.000958733  0.000304132 -0.00675496   0.0302066   0.0235626 -0.00190221   0.0370367    -9.80893 
                27.9  0.0277855 -0.0752885    177.038   -1.68618 -0.0548517 -0.0588135 0 0 0 0 0 0  -0.396615  0.0329282 0.00292916  -0.00209547 -0.000956769  0.000304109 -0.00681565   0.0300038   0.0236071 -0.00199531   0.0368656    -9.80893 
               27.92  0.0293649 -0.0815133    177.035   -1.69477 -0.0551579 -0.0590501 0 0 0 0 0 0    -0.40054    0.024754 0.000413026  -0.00209764 -0.000955708  0.000305929 -0.00702056   0.0295159   0.0237056 -0.00227211   0.0364653    -9.80893 
               27.94  0.0314998 -0.0834637    177.041   -1.70277 -0.0547112 -0.0590165 0 0 0 0 0 0  -0.400415  0.0244211 0.00308108  -0.00210102 -0.000958028  0.000302009 -0.00701158   0.0294913   0.0236971 -0.00226868   0.0364415    -9.80893 
               27.96  0.0289577 -0.0952622    177.044   -1.71051 -0.0539932 -0.0587034 0 0 0 0 0 0 -0.400157 0.0271598 0.0045463  -0.00210007 -0.000952643  0.000300074 -0.00690419   0.0296071   0.0236124 -0.00215012   0.0365256    -9.80893 
               27.98  0.0288854 -0.0944923    177.044   -1.71861 -0.0528457  -0.058234 0 0 0 0 0 0 -0.403633 0.0318632 0.0104876  -0.00209853 -0.000949932  0.000299569 -0.00704005   0.0299134   0.0234815 -0.00221374   0.0368267    -9.80893 
                  28  0.0340186 -0.0983695    177.042   -1.72653 -0.0515039 -0.0580737 0 0 0 0 0 0 -0.400369 0.0396273 0.0152726  -0.00210403 -0.000940138  0.000300382 -0.00705452   0.0302686   0.0234982 -0.00215959   0.0371483    -9.80893 
               28.02  0.0141916 -0.0706243    177.037   -1.73468 -0.0503281 -0.0576721 0 0 0 0 0 0 -0.399888  0.045837 0.0114997  -0.00209096 -0.000955826  0.000303286 -0.00717556   0.0304621    0.023464 -0.00223147   0.0373449    -9.80893 
               28.04 0.0252948 -0.097329   177.039   -1.74375 -0.0495318 -0.0582449 0 0 0 0 0 0   -0.409145   0.0476524 -0.00160968  -0.00209238 -0.000941345  0.000302294 -0.00770007   0.0304011   0.0237328 -0.00271404   0.0373883    -9.80893 
               28.06 0.0210572 -0.094466   177.038   -1.75261 -0.0489682 -0.0589109 0 0 0 0 0 0    -0.41351   0.0472218 -0.00657284  -0.00208692 -0.000939992  0.000302873 -0.00799215   0.0302042   0.0239459 -0.00301366    0.037266    -9.80893 
               28.08  0.025015 -0.106971   177.038   -1.76138 -0.0485252 -0.0591886 0 0 0 0 0 0   -0.415497   0.0448526 -0.00813872  -0.00208618 -0.000932012  0.000302558 -0.00818141   0.0299507   0.0239938 -0.00323126   0.0370741    -9.80893 
                28.1 0.0242136  -0.10315   177.036   -1.76991 -0.0479725 -0.0591339 0 0 0 0 0 0  -0.416023  0.0436682 -0.0098386  -0.00208438 -0.000936085  0.000303522 -0.00825333    0.029777   0.0239192 -0.00332828   0.0369321    -9.80893 
               28.12  0.031088 -0.114054   177.035   -1.77833 -0.0474095 -0.0594836 0 0 0 0 0 0   -0.415636   0.0427172 -0.00780126  -0.0020871  -0.0009318 0.000304017 -0.00826101   0.0296203   0.0239712 -0.00336489   0.0367928    -9.80893 
               28.14 0.0284049  -0.11238   177.029   -1.78643   -0.04774 -0.0593887 0 0 0 0 0 0   -0.411569   0.0327151 -0.00350544  -0.00208415 -0.000932135  0.000307205 -0.00801325   0.0290273   0.0238894 -0.00325464   0.0362151    -9.80893 
               28.16 0.0251781 -0.104526   177.026   -1.79424 -0.0471497 -0.0592001 0 0 0 0 0 0   -0.408079   0.0318231 -0.00241196  -0.00208286 -0.000938084  0.000308674 -0.00779317   0.0289988   0.0238042 -0.00306279   0.0361485    -9.80893 
               28.18 0.0280791 -0.117298    177.02   -1.80318 -0.0475787 -0.0591971 0 0 0 0 0 0   -0.413677   0.0255703 -0.00237048  -0.00208515 -0.000932209  0.000311987 -0.00806124   0.0284609   0.0237846 -0.00340393    0.035717    -9.80893 
                28.2 0.0316005 -0.115708   177.025   -1.81132 -0.0476094 -0.0590811 0 0 0 0 0 0   -0.413158   0.0210855 -0.00505151  -0.00208581 -0.000932542  0.000308566 -0.00793035   0.0281927   0.0237311 -0.00333719   0.0354524    -9.80894 
               28.22 0.0318669 -0.115051   177.028   -1.81923 -0.0476136 -0.0586177 0 0 0 0 0 0   -0.410641   0.0176581 -0.00442647   -0.0020866 -0.000929818  0.000306526 -0.0077106  0.0279858  0.0235427 -0.00317906   0.0352266    -9.80894 
               28.24 0.0289971 -0.115902   177.025   -1.82725 -0.0474188 -0.0582708 0 0 0 0 0 0   -0.408294   0.0190589 -0.00483066  -0.00208556 -0.000925739  0.000307875 -0.00760355     0.02791   0.0233964 -0.00309721    0.035139    -9.80894 
               28.26 0.0285866 -0.107023   177.036   -1.83537 -0.0469953 -0.0584836 0 0 0 0 0 0   -0.407556   0.0222543 -0.00665689   -0.0020819 -0.000929951  0.000300985 -0.00758273   0.0279313    0.023436 -0.00307471   0.0351541    -9.80894 
               28.28 0.0318327 -0.110797   177.037   -1.84348 -0.0465148 -0.0587169 0 0 0 0 0 0  -0.406876  0.0242917 -0.0042749  -0.00208037 -0.000927118  0.000300113 -0.00756514   0.0279491   0.0234702 -0.00305575   0.0351667    -9.80894 
                28.3 0.0271279 -0.107407   177.037   -1.85165  -0.046533 -0.0584562 0 0 0 0 0 0   -0.405305    0.020103 -0.00150248  -0.00207617 -0.000928809  0.000299868 -0.00752701   0.0277013   0.0233532 -0.00306792   0.0349382    -9.80894 
               28.32 0.0273668 -0.114909   177.038   -1.86038 -0.0469806 -0.0584931 0 0 0 0 0 0    -0.40966    0.013457 -0.00262496  -0.00207722 -0.000926354  0.000299253 -0.00774025   0.0272776   0.0233536 -0.00333788   0.0345995    -9.80894 
               28.34  0.019314 -0.115505   177.046   -1.86876 -0.0473793 -0.0581696 0 0 0 0 0 0     -0.41108   0.00888585 -0.000494601   -0.0020734 -0.000925055  0.000294378 -0.0077616  0.0269498   0.023226 -0.0034181  0.0343109   -9.80894 
               28.36 0.0258504 -0.105395   177.046   -1.87616 -0.0473697 -0.0578791 0 0 0 0 0 0  -0.403598 0.00695169 0.00485536  -0.00207714 -0.000929193  0.000293741 -0.00733943   0.0268772   0.0231288 -0.00305472   0.0341674    -9.80894 
               28.38 0.0251522 -0.111927   177.047   -1.88399 -0.0469968 -0.0576653 0 0 0 0 0 0  -0.400698 0.00914635 0.00476104    -0.002077 -0.000926137  0.000293039 -0.00725043   0.0269936   0.0230899 -0.0029534  0.0342548   -9.80894 
                28.4 0.0322291 -0.111531   177.045    -1.8922 -0.0463638 -0.0578932 0 0 0 0 0 0   -0.401668   0.0141896 -0.00281213  -0.00208046 -0.000927908  0.000293927 -0.00739157   0.0272088   0.0231976 -0.00303924    0.034473    -9.80894 
               28.42 0.0177469 -0.108555   177.044   -1.90051 -0.0454805 -0.0581402 0 0 0 0 0 0    -0.40352   0.0206145 -0.00175217  -0.00207094 -0.000931139  0.000294295 -0.0075922  0.0274947  0.0232593 -0.00316472   0.0347654    -9.80894 
               28.44 0.0163523 -0.121118   177.044   -1.90909 -0.0449055 -0.0582255 0 0 0 0 0 0    -0.4065  0.0231783 0.00166485  -0.00206873 -0.000923067  0.000294608 -0.00785778   0.0275671    0.023273 -0.00338788   0.0348795    -9.80894 
               28.46 0.0268306  -0.12514   177.047   -1.91826 -0.0444709 -0.0586696 0 0 0 0 0 0  -0.414832  0.0252729 0.00149953 -0.00207382 -0.00092008 0.000292081 -0.0083564  0.0275401  0.0234286 -0.00383762    0.034948    -9.80894 
               28.48 0.0181226 -0.113314   177.047   -1.92644 -0.0435322 -0.0585993 0 0 0 0 0 0  -0.413708  0.0294312 0.00237545  -0.00206761 -0.000926003  0.000291819 -0.00834878   0.0277485   0.0234143 -0.00379179   0.0351324    -9.80894 
                28.5 0.0161855 -0.110614   177.048   -1.93474 -0.0432868 -0.0586391 0 0 0 0 0 0   -0.411481   0.0283009 -0.00160836  -0.00206705 -0.000927109  0.000290764 -0.00832334   0.0275841   0.0234447 -0.00379998   0.0349812    -9.80894 
               28.52 0.0218161 -0.128553   177.051   -1.94336 -0.0432076 -0.0591779 0 0 0 0 0 0   -0.41505  0.0264087 -0.0100881  -0.00206874 -0.000918981  0.000289052 -0.00845359   0.0273463    0.023615 -0.00396088   0.0347931    -9.80894 
               28.54 0.00936144  -0.113818    177.048   -1.95211 -0.0430418 -0.0592685 0 0 0 0 0 0  -0.421028   0.023511 -0.0134022   -0.0020582 -0.000926542  0.000290732 -0.00863064   0.0271696    0.023576 -0.00415132   0.0346688    -9.80894 
               28.56 0.0171673 -0.118881    177.05    -1.9604  -0.042781 -0.0594574 0 0 0 0 0 0   -0.419499   0.0232604 -0.00885807  -0.00206326 -0.000918316  0.000289459 -0.00854252   0.0270714   0.0235504 -0.0040912   0.034565   -9.80894 
               28.58 0.0132236 -0.127086   177.045   -1.96867 -0.0424301 -0.0599088 0 0 0 0 0 0   -0.417471   0.0246017 -0.00688519  -0.00206102 -0.000910754  0.000292223 -0.00847124   0.0270174   0.0236442 -0.00403817   0.0345034    -9.80894 
                28.6 0.0223045 -0.129894   177.048     -1.978  -0.042665 -0.0605618 0 0 0 0 0 0     -0.425  0.0220784 -0.0115942  -0.00206495 -0.000908091  0.000289904 -0.0088555   0.026662  0.0238156 -0.00444656   0.0342582    -9.80894 
               28.62 0.0255674 -0.132805   177.057   -1.98664 -0.0422524 -0.0608647 0 0 0 0 0 0  -0.426415  0.0227456 -0.0162191  -0.00206266 -0.000902702  0.000284496 -0.0089216  0.0266467   0.023839 -0.00450821   0.0342569    -9.80894 
               28.64 0.0270376 -0.114138   177.052   -1.99538 -0.0419203 -0.0609413 0 0 0 0 0 0  -0.427362  0.0222025 -0.0179715  -0.00206189 -0.000909946  0.000287328 -0.00900934   0.0265875   0.0237541 -0.00459695   0.0342207    -9.80894 
               28.66 0.0258522 -0.107642   177.058   -2.00328 -0.0415229 -0.0613305 0 0 0 0 0 0   -0.42103  0.0238041 -0.0195365  -0.00206235 -0.000912748  0.000283549 -0.00869231   0.0265704   0.0237676 -0.00431863   0.0341466    -9.80894 
               28.68 0.014932  -0.1017  177.062    -2.0111 -0.0403529 -0.0613315 0 0 0 0 0 0  -0.416179  0.0316777 -0.0177769  -0.00205263 -0.000917375  0.000280666 -0.00848844   0.0269045   0.0236365 -0.00407503    0.034406    -9.80894 
                28.7 0.0178202 -0.113073   177.067   -2.01891 -0.0388357  -0.061334 0 0 0 0 0 0  -0.413258  0.0399574 -0.0121874 -0.00204896 -0.00091219 0.000277523 -0.0083429  0.0273279   0.023517 -0.00386671   0.0347554    -9.80894 
               28.72 0.0249631 -0.115763   177.058   -2.02647  -0.037302 -0.0614576 0 0 0 0 0 0  -0.409725  0.0465046 -0.0114184  -0.00205003 -0.000909524  0.000282719 -0.00809017   0.0276816   0.0234778 -0.00357656   0.0350228    -9.80894 
               28.74 0.0309309 -0.127601   177.054   -2.03489  -0.036518 -0.0613424 0 0 0 0 0 0  -0.412768  0.0473179 -0.0089215  -0.00205245 -0.000899015   0.00028511 -0.00818574   0.0276113   0.0233602 -0.00367404   0.0349784    -9.80894 
               28.76 0.0241382 -0.124414    177.05   -2.04266 -0.0357828 -0.0610616 0 0 0 0 0 0   -0.408994   0.0465317 -0.00264053  -0.00204697 -0.000897769  0.000287738 -0.00793494   0.0275161   0.0232067 -0.00346894   0.0348478    -9.80894 
               28.78 0.0262851 -0.126439   177.045   -2.05051 -0.0345428 -0.0611254 0 0 0 0 0 0    -0.40695   0.0495579 -0.00250427  -0.00204714 -0.000895618  0.000290083 -0.00780815   0.0276652   0.0232114 -0.00332887   0.0349566    -9.80894 
                28.8 0.0293992 -0.126138   177.043   -2.05803 -0.0333755 -0.0613711 0 0 0 0 0 0  -0.403003   0.051275 -0.0108523  -0.00204823 -0.000894889  0.000291012 -0.00753328   0.0277533   0.0232802 -0.00306915   0.0349837    -9.80894 
               28.82  0.034737 -0.129893   177.044   -2.06598 -0.0327546 -0.0615189 0 0 0 0 0 0 -0.401592 0.0492158 -0.017595  -0.00205069 -0.000889603  0.000290124 -0.0074358  0.0275643  0.0232577 -0.00301783   0.0347982    -9.80894 
               28.84  0.026918 -0.120914   177.034   -2.07424 -0.0322383 -0.0615513 0 0 0 0 0 0  -0.402306  0.0470873 -0.0156474  -0.00204508 -0.000892147  0.000296227 -0.00749575   0.0273442   0.0231491 -0.00311143   0.0346145    -9.80894 
               28.86 0.0256478 -0.119495   177.034   -2.08208 -0.0317316 -0.0616423 0 0 0 0 0 0  -0.400479  0.0445271 -0.0146304   -0.0020429 -0.000892806  0.000295931 -0.00735162   0.0271423   0.0230755 -0.00302107   0.0344091    -9.80894 
               28.88  0.02651 -0.11852  177.037   -2.09056 -0.0311875 -0.0616922 0 0 0 0 0 0  -0.403473  0.0436171 -0.0130853  -0.00204235 -0.000892425  0.000293536 -0.00753232   0.0269803   0.0229919 -0.00321075   0.0342992    -9.80894 
                28.9 0.0247885 -0.117432   177.035   -2.09929 -0.0313291 -0.0618346 0 0 0 0 0 0  -0.406701  0.0370807 -0.0124435  -0.00203927 -0.000893353  0.000294861 -0.00772709    0.026509   0.0229503 -0.00347027   0.0339179    -9.80894 
               28.92 0.0291576 -0.121927   177.032   -2.10676 -0.0305834 -0.0615314 0 0 0 0 0 0   -0.380081   0.0277095 -0.00164783   -0.0020406 -0.000892812  0.000296447 -0.00742165    0.026512   0.0227666 -0.00319905   0.0338647    -9.80894 
               28.94 0.0453271 -0.106525   177.072   -2.11372 -0.0296324 -0.0611031 0 0 0 0 0 0  -0.334044  0.0345963 0.00958412  -0.00207003 -0.000907535  0.000219856 -0.00717282   0.0266957   0.0226129 -0.0029446  0.0339817   -9.80894 
               28.96 -0.0108129  -0.121906    176.972     -2.122 -0.0300175 -0.0599297 0 0 0 0 0 0  -0.320168  0.0278547 0.00592593  -0.00205476 -0.000892303  0.000153796 -0.00780191   0.0262016   0.0222764 -0.00359102   0.0336613    -9.80894 
               28.98 -0.0532366 -0.0952212    176.767   -2.13031 -0.0305237  -0.059644 0 0 0 0 0 0 -0.259795 0.0221559  0.105531  -0.00201863 -0.000913599   0.00011607 -0.00856216   0.0257146    0.022214 -0.00435257   0.0333708    -9.80894 
                  29 -0.0409778  -0.175966    176.504   -2.13632 -0.0303922 -0.0574944 0 0 0 0 0 0  -0.203119 -0.0102742   0.169651  -0.00199575 -0.000820254  5.84204e-05 -0.00890626   0.0255729   0.0221979 -0.00468263   0.0333089    -9.80894 
               29.02 -0.00930288 -0.00495401     176.171   -2.14429 -0.0319582 -0.0558209 0 0 0 0 0 0  -0.243139 -0.0695657   0.113372  -0.00199257 -0.000855807 -1.17048e-05 -0.0105428  0.0249528  0.0227624 -0.00624373    0.033061    -9.80894 
               29.04 0.00229856   0.101913    175.733   -2.14909 -0.0316939 -0.0553829 0 0 0 0 0 0  -0.219084 -0.0339873  0.0997111  -0.00197534 -0.000934801 -5.67252e-05 -0.010691 0.0257063 0.0233768 -0.00623673   0.0337528    -9.80894 
               29.06 0.0167571  0.104109   175.244   -2.15448 -0.0324251 -0.0539468 0 0 0 0 0 0 -0.211157 0.0207621 0.0847965  -0.00195767 -0.000963121 -0.000121675 -0.0111453  0.0256818  0.0235607 -0.00664233   0.0338148    -9.80894 
               29.08 0.0509414 0.0374528   174.712   -2.15748 -0.0315126   -0.05384 0 0 0 0 0 0 -0.224393 0.0678475 0.0677636  -0.00196488 -0.000919502 -0.000220304 -0.0106252  0.0259049  0.0241033 -0.00614389   0.0339139    -9.80894 
                29.1 0.0776865 0.0239551   173.985   -2.16036  -0.030829 -0.0542769 0 0 0 0 0 0 -0.233042 0.0880084 0.0430512   -0.0019834 -0.000882359 -0.000259526 -0.00978082   0.0255985   0.0247205 -0.00545988   0.0334838    -9.80894 
               29.12 0.0707224 0.0714806   173.191   -2.16401 -0.0298035 -0.0557953 0 0 0 0 0 0 -0.218024  0.120259 0.0450974  -0.00199695 -0.000883789 -0.000301568 -0.00920309    0.025266    0.025535 -0.00501692   0.0330791    -9.80894 
               29.14 0.0335528  0.111628   172.334   -2.16628 -0.0274606 -0.0557873 0 0 0 0 0 0 -0.199636  0.154979 0.0710308  -0.00197857 -0.000885922 -0.000334566 -0.00822156     0.02525   0.0258494 -0.00415891   0.0328759    -9.80894 
               29.16  0.030642 0.0991494   171.402   -2.17022 -0.0257486 -0.0552019 0 0 0 0 0 0  -0.22471   0.17345 0.0582574  -0.00197366 -0.000865652 -0.000339015 -0.00802234   0.0246223   0.0261353 -0.00410765   0.0322831    -9.80895 
               29.18 0.0207832  0.114829   170.495   -2.17401 -0.0215013 -0.0545631 0 0 0 0 0 0 -0.144131  0.191648 0.0529829  -0.00197059 -0.000864991 -0.000387279 -0.00778789    0.024982   0.0263166 -0.00383103   0.0325528    -9.80895 
                29.2 0.0317798  0.081094   169.402   -2.17638 -0.0195859 -0.0549814 0 0 0 0 0 0 0.0272436  0.143979 0.0424845  -0.00198039 -0.000834628 -0.000207388 -0.00729661   0.0241306   0.0268253 -0.00357644   0.0317019    -9.80895 
               29.22 0.00621338  0.0940284    168.541   -2.17778 -0.0201271   -0.05578 0 0 0 0 0 0 0.0886532  0.102163 0.0267842  -0.00196414 -0.000839864  0.000116905 -0.00772994   0.0225647    0.027383 -0.00428174   0.0304132    -9.80895 
               29.24 -0.00253473   0.0942296     168.306   -2.17584 -0.0212724 -0.0569057 0 0 0 0 0 0 0.0987579  0.101223 0.0288249  -0.00195958 -0.000839238  0.000200898 -0.0072113  0.0211553  0.0279544 -0.0041343  0.0290619   -9.80896 
               29.26 0.00101844   0.103892    168.239   -2.17526 -0.0224392 -0.0572523 0 0 0 0 0 0 0.0978295 0.0897056  0.032121   -0.0019642 -0.000837388  0.000147993 -0.00740246   0.0197063   0.0282666 -0.00462023   0.0278317    -9.80896 
               29.28 0.015573 0.106467    168.1   -2.17606 -0.0227133 -0.0580434 0 0 0 0 0 0 0.0547453 0.0278923 0.0806664  -0.0019751 -0.00083716 9.40126e-05 -0.00836035    0.018698   0.0287438 -0.00567746   0.0271643    -9.80896 
                29.3 0.0159742 0.0911939   167.861   -2.17671 -0.0237657 -0.0567989 0 0 0 0 0 0 0.0435809 -0.014067  0.144736  -0.00197511 -0.000837413   5.6841e-05 -0.00892142   0.0179205   0.0288629 -0.00634263   0.0266151    -9.80896 
               29.32 0.00116477   0.125543    167.601   -2.17818 -0.0243746 -0.0557183 0 0 0 0 0 0  0.0562028 -0.0268882   0.117629  -0.00196264 -0.000859553 -1.92034e-05 -0.00993316   0.0176698     0.02947 -0.00727317   0.0266359    -9.80896 
               29.34 -0.0051734   0.143038    167.214   -2.17904 -0.0257276 -0.0550836 0 0 0 0 0 0  0.0387716 -0.0947754  0.0428192  -0.00195523  -0.00088115 -6.27062e-05 -0.0107062  0.0172197  0.0300462 -0.0080469  0.0264308   -9.80896 
               29.36 0.00520564   0.176617    166.765   -2.17904 -0.0279471 -0.0559905 0 0 0 0 0 0  0.0728726 -0.0549294 0.00743468  -0.00195912 -0.000963553  -9.7311e-05 -0.0109962  0.0170421  0.0306428 -0.00833965   0.0263467    -9.80896 
               29.38 -0.00301639   0.0845431     166.303   -2.17612  -0.026803 -0.0570362 0 0 0 0 0 0  0.113188 0.0469225 0.0148769  -0.00194031 -0.000958852 -0.000192268 -0.0106856  0.0180874  0.0310544 -0.00781019   0.0271725    -9.80896 
                29.4  0.0561035 -0.0422689    165.627   -2.17413  -0.022467 -0.0565596 0 0 0 0 0 0   0.087608  0.0890773 -0.0236755  -0.00195313 -0.000888111 -0.000235343 -0.011368 0.0195252 0.0309889 -0.00802604   0.0285899    -9.80896 
               29.42 0.0816298 0.0118301   164.917   -2.17251  -0.018361 -0.0563758 0 0 0 0 0 0  0.0652923   0.125997 -0.0350358   -0.0019756  -0.00093286 -0.000295923 -0.0118237   0.020503  0.0307635 -0.0081618  0.0295521   -9.80895 
               29.44  0.110445 -0.049589   164.113   -2.17402 -0.0162924 -0.0588288 0 0 0 0 0 0  0.0317569   0.134583 -0.0352106  -0.00204182 -0.000943758 -0.000357883 -0.0129909   0.020147  0.0313372 -0.00925107   0.0295508    -9.80895 
               29.46 0.0246275 -0.104802   163.232   -2.17372 -0.0141991 -0.0594503 0 0 0 0 0 0  0.0491474   0.131041 -0.0363952  -0.00202321 -0.000948479 -0.000449529 -0.013039 0.0198755 0.0313082 -0.00936429   0.0293304    -9.80895 
               29.48 0.0259901 -0.180761   162.059   -2.17249 -0.0134103 -0.0596301 0 0 0 0 0 0 0.0675441 0.0599976 -0.040039  -0.00202122 -0.000902586 -0.000214294 -0.0126157  0.0191285  0.0311271 -0.00920597   0.0285758    -9.80895 
                29.5 0.0203152 -0.162489    161.24   -2.16987  -0.015794 -0.0605603 0 0 0 0 0 0  0.0862017 -0.0232594 -0.0488306 -0.00201521  -0.0009121 0.000135364 -0.0114265  0.0177289  0.0311817 -0.00858045   0.0270511    -9.80896 
               29.52 0.0242574 -0.147562   161.095   -2.16655 -0.0195801 -0.0606915 0 0 0 0 0 0   0.101743 -0.0503689 -0.0428595  -0.00201588 -0.000920215  0.000219962 -0.0101365  0.0164711  0.0309098 -0.00783875   0.0256168    -9.80896 
               29.54  0.029801 -0.140127   161.092   -2.16412 -0.0221282  -0.060896 0 0 0 0 0 0   0.106103 -0.0620586 -0.0382279  -0.00201774 -0.000923962  0.000221871 -0.00968825    0.015867   0.0306937 -0.00763167   0.0249746    -9.80897 
               29.56 0.0318121 -0.134339    161.09   -2.16265  -0.023809 -0.0609164 0 0 0 0 0 0  0.0838292 -0.0606903 -0.0142641  -0.00201756 -0.000926736  0.000222924 -0.00989962   0.0156338   0.0304397 -0.00787671   0.0248384    -9.80897 
               29.58 0.0325479   -0.1337   161.157   -2.16253 -0.0236091 -0.0605955 0 0 0 0 0 0  0.0408446 -0.0620928 -0.0228379  -0.00201621 -0.000916445   8.2093e-05 -0.0108525  0.0160763  0.0302254 -0.00854611   0.0254963    -9.80896 
                29.6 0.00223675 -0.0903107    160.961   -2.16445 -0.0222047 -0.0598844 0 0 0 0 0 0 0.0740023 0.0164697 0.0206285  -0.00197913 -0.000943853 -4.26575e-05 -0.0125685  0.0169039  0.0298146 -0.00973498   0.0267139    -9.80896 
               29.62  0.0309833 -0.0910984    160.581    -2.1676 -0.0197294 -0.0586729 0 0 0 0 0 0 0.105271 0.112868 0.106623   -0.0019894 -0.000952851 -0.000161953 -0.0150043  0.0173454  0.0295219 -0.0116369  0.0278294   -9.80895 
               29.64 0.0554624  -0.17594   160.049   -2.16738 -0.0150375 -0.0577098 0 0 0 0 0 0 0.109747 0.145458 0.104013  -0.00200724 -0.000900255 -0.000277106 -0.0162832  0.0181448  0.0299075 -0.0124602  0.0288961   -9.80895 
               29.66 0.0519822 -0.162503   159.347    -2.16628 -0.00991691  -0.0571017 0 0 0 0 0 0  0.135175  0.161456 0.0971602  -0.00199788  -0.00090693 -0.000351171 -0.0171794  0.0189232  0.0303984 -0.0129673  0.0298283   -9.80895 
               29.68 0.0394984 -0.158572   158.533    -2.16534 -0.00683857  -0.0562484 0 0 0 0 0 0  0.127018  0.161289 0.0992632  -0.00198976 -0.000910215 -0.000419474 -0.0178988  0.0186906  0.0307585  -0.01364 0.0298581  -9.80895 
                29.7 0.0422106 -0.162743   157.599    -2.16326 -0.00250314  -0.0560077 0 0 0 0 0 0  0.110413   0.19687 0.0778434  -0.00198872 -0.000906982 -0.000452247 -0.0183035   0.019088  0.0313429 -0.0138526  0.0303178   -9.80894 
               29.72 0.0396892 -0.137972   156.593   -2.16066  0.0011239 -0.0557866 0 0 0 0 0 0  0.120669  0.228007 0.0437816  -0.00198502 -0.000941434 -0.000434449 -0.0180605  0.0190069  0.0317938 -0.0136779  0.0301715   -9.80894 
               29.74 0.0445183 -0.202165   155.641   -2.15654 0.00472368 -0.0558341 0 0 0 0 0 0 0.148731 0.246159 0.012378  -0.00198647 -0.000928748 -0.000437303 -0.0171235  0.0188084   0.032112 -0.0129666  0.0297024   -9.80895 
               29.76 0.0483268 -0.257726   154.686    -2.1536 0.00915652 -0.0562509 0 0 0 0 0 0    0.154747    0.254277 -0.00861824  -0.00198727 -0.000895184 -0.000468699 -0.0170335  0.0186122  0.0323359 -0.0129569  0.0295092   -9.80895 
               29.78 0.0220881  -0.23262   153.704   -2.14827  0.0152099 -0.0567088 0 0 0 0 0 0   0.163935   0.266398 -0.0206193  -0.00196552 -0.000908392   -0.0005327 -0.0162823  0.0192386  0.0324404 -0.0121309  0.0297795   -9.80895 
                29.8 0.0399232 -0.267539   152.623   -2.14495  0.0191639 -0.0573964 0 0 0 0 0 0   0.123813   0.304818 -0.0422371   -0.0019699  -0.00089003 -0.000559736 -0.0159715  0.0187145  0.0325344 -0.0120523    0.02924   -9.80895 
               29.82 0.0348455 -0.261081   151.438   -2.14244  0.0229516 -0.0587131 0 0 0 0 0 0  0.0147067   0.306277 -0.0626248  -0.00196612 -0.000882876 -0.000424935 -0.015454 0.0178386 0.0326951 -0.0119293  0.0283376   -9.80895 
               29.84 0.0266555 -0.276945   150.419    -2.1387  0.0256319 -0.0588932 0 0 0 0 0 0 -0.126071  0.235114 -0.054144   -0.0019596 -0.000864097 -0.000167823 -0.0132594  0.0169578   0.032348 -0.0104483  0.0268426   -9.80896 
               29.86   0.02535 -0.280985   149.812   -2.13759  0.0261164 -0.0593874 0 0 0 0 0 0   -0.19247   0.184662 -0.0517566 -0.00195771 -0.00086575  5.8199e-05 -0.0108088  0.0158402   0.032163 -0.00885864   0.0250479    -9.80896 
               29.88   0.02798 -0.284127   149.579   -2.13992  0.0259682 -0.0597818 0 0 0 0 0 0  -0.187563   0.153225 -0.0420959  -0.00195867 -0.000864786  0.000170252 -0.00930326   0.0146175   0.0319528 -0.00808687    0.023497    -9.80897 
                29.9 0.0313761  -0.26592   149.556   -2.14333  0.0273875 -0.0598586 0 0 0 0 0 0 -0.187153  0.139972 -0.034395  -0.00195857 -0.000874068  0.000181909 -0.00878652   0.0140598   0.0316962 -0.00787747   0.0228499    -9.80897 
               29.92 0.0319725 -0.246045   149.548   -2.14839  0.0294868 -0.0595821 0 0 0 0 0 0  -0.199326   0.138409 -0.0289586  -0.00195911 -0.000886049  0.000186728 -0.00916749   0.0136208   0.0313666 -0.00834532   0.0226391    -9.80897 
               29.94 0.0332592 -0.249204   149.542  -2.15508 0.0321102 -0.059375 0 0 0 0 0 0  -0.219763   0.141728 -0.0128526  -0.00195862 -0.000883459  0.000192195 -0.0102468  0.0131777  0.0310919 -0.00937093   0.0226995    -9.80897 
               29.96 0.0201657 -0.242671   149.544   -2.16357  0.0342931 -0.0594326 0 0 0 0 0 0   -0.250559    0.140748 -0.00549916  -0.00194782 -0.000885989  0.000192164 -0.0117531  0.0123445  0.0310095 -0.0108857  0.0226212   -9.80897 
               29.98 0.0264933 -0.229439   149.547   -2.17191  0.0372073 -0.0594407 0 0 0 0 0 0   -0.278092    0.145839 -0.00689131  -0.00195028 -0.000891674  0.000191161 -0.0131232  0.0118796  0.0309626 -0.0121489   0.022794   -9.80897 
                  30 0.0256334  -0.22716   149.545   -2.18051  0.0406164 -0.0596245 0 0 0 0 0 0   -0.303024     0.15327 -0.00306342  -0.00194786 -0.000889878  0.000192089 -0.0144738  0.0115858  0.0309669 -0.0133284  0.0231021   -9.80896 
               30.02 0.0339032 -0.223782   149.543   -2.18895  0.0445443 -0.0594623 0 0 0 0 0 0  -0.324248   0.162895 -0.0019176  -0.00195047 -0.000889889  0.000191162 -0.0156511  0.0115159  0.0308829 -0.0142809   0.023523   -9.80896 
               30.04 0.0417371 -0.230282   149.542   -2.19723  0.0485129 -0.0595152 0 0 0 0 0 0  -0.266244   0.129272 -0.0173069  -0.00195534 -0.000881806  0.000189868 -0.0165487  0.0114817  0.0308815 -0.014999 0.0238611  -9.80896 
               30.06 0.0376489 -0.220191   149.532   -2.20524  0.0518926 -0.0597523 0 0 0 0 0 0  -0.127089  0.0513488 -0.0287276  -0.00195379 -0.000885092  0.000202113 -0.0178204  0.0113326  0.0308354 -0.0160566  0.0242623   -9.80896 
               30.08 0.0328804 -0.204952   149.559   -2.20983  0.0544229 -0.0599682 0 0 0 0 0 0 -0.0584894  0.0202658 -0.0266985     -0.00195 -0.000894498  0.000194185 -0.0190204  0.0115274  0.0307076 -0.0169174  0.0249067   -9.80895 
                30.1  0.031597 -0.209927   149.574   -2.21159  0.0555448 -0.0599718 0 0 0 0 0 0  -0.064539  0.0276478 -0.0228399  -0.00194793 -0.000891016  0.000185888 -0.0194423  0.0116799  0.0305274 -0.0171851  0.0251995   -9.80895 
               30.12 0.0316696 -0.217396   149.577   -2.21234  0.0559384 -0.0599476 0 0 0 0 0 0 -0.0606671  0.0268638 -0.0195524  -0.00194667 -0.000886052  0.000184483  -0.01919 0.0117113 0.0303682 -0.016974 0.0251208  -9.80895 
               30.14 0.0318229 -0.219255   149.578   -2.21273   0.055973 -0.0598825 0 0 0 0 0 0 -0.0542716  0.0230441 -0.0165116  -0.00194544 -0.000884372  0.000183277 -0.0187434  0.0116674  0.0302184 -0.0166414  0.0249036   -9.80895 
               30.16 0.0319257 -0.219278    149.58   -2.21283  0.0558965 -0.0597776 0 0 0 0 0 0 -0.0465335  0.0187768 -0.0136662  -0.00194418 -0.000883766   0.00018252 -0.0182248  0.0116374  0.0300764 -0.0162466   0.024668   -9.80896 
               30.18 0.0325085 -0.220614   149.582   -2.21275  0.0557538 -0.0597809 0 0 0 0 0 0 -0.0385496  0.0146217  -0.012179  -0.00194321 -0.000882394  0.000181082   -0.0177 0.0116185 0.0299899 -0.0158425  0.0244387   -9.80896 
                30.2 0.0316098  -0.22004   149.581   -2.21263   0.055607 -0.0598094 0 0 0 0 0 0 -0.0315177   0.011199 -0.0111233  -0.00194136 -0.000882138  0.000181614 -0.0172397  0.0116087  0.0299212 -0.0154853  0.0242432   -9.80896 
               30.22  0.031567 -0.217983    149.58   -2.21254  0.0553014 -0.0597305 0 0 0 0 0 0  -0.0258319  0.00722077 -0.00933223 -0.00194002 -0.00088275 0.000181573 -0.0168284  0.0115386   0.029823 -0.0151912  0.0240206   -9.80896 
               30.24 0.0315438 -0.217392    149.58   -2.21243  0.0550855 -0.0596432 0 0 0 0 0 0  -0.0210113  0.00468429 -0.00774918  -0.0019387  -0.0008825 0.000181989 -0.0164953  0.0115127  0.0297336 -0.0149404  0.0238646   -9.80896 
               30.26 0.0318696 -0.216548   149.579   -2.21223  0.0550519 -0.0595553 0 0 0 0 0 0  -0.0164537   0.0040259 -0.00641317  -0.00193758 -0.000882395  0.000182054 -0.0162235  0.0115662  0.0296546 -0.0147052   0.023796   -9.80896 
               30.28  0.033007 -0.216167   149.579   -2.21211  0.0549415 -0.0595869 0 0 0 0 0 0  -0.0131884  0.00302141 -0.00625517 -0.00193694 -0.00088202 0.000181745 -0.0160028  0.0115704  0.0296239 -0.0145304  0.0237095   -9.80896 
                30.3 0.0330587 -0.215827   149.579   -2.21199  0.0548647 -0.0595988 0 0 0 0 0 0  -0.091421  0.0395773 -0.0172734  -0.00193566 -0.000881621  0.000181695 -0.0158199  0.0115831  0.0295874 -0.0143819  0.0236452   -9.80896 
               30.32  0.036314 -0.214439   149.579   -2.21282  0.0552192 -0.0595481 0 0 0 0 0 0  -0.224377    0.10703 -0.0367288  -0.00194304 -0.000889592    0.0001823 -0.0153231  0.0115894  0.0294589 -0.0139899  0.0234485   -9.80896 
               30.34 0.0480571 -0.261793   149.577   -2.21726  0.0560679 -0.0597465 0 0 0 0 0 0 -0.290435  0.137287  -0.04823  -0.00195894 -0.000872529  0.000181963 -0.0149878  0.0111512  0.0292804 -0.0139052  0.0229697   -9.80896 
               30.36 0.0309723 -0.270362    149.57   -2.22329  0.0583611 -0.0602637 0 0 0 0 0 0  -0.297685   0.139634 -0.0543907  -0.00195331 -0.000867037  0.000184236 -0.0149629   0.010961  0.0291302 -0.0139626  0.0228108   -9.80896 
               30.38 0.0241034 -0.268627   149.574   -2.23037  0.0615804 -0.0605856 0 0 0 0 0 0  -0.306886   0.145176 -0.0555338  -0.00194961 -0.000867051  0.000183016 -0.0155094  0.0109295  0.0288702 -0.014402 0.0230076  -9.80896 
                30.4 0.0339289 -0.279051   149.578   -2.23766  0.0655369 -0.0609882 0 0 0 0 0 0  -0.315384    0.16217 -0.0458022  -0.00195225 -0.000863653   0.00018036 -0.0162191  0.0111077  0.0286296 -0.0148839  0.0234346   -9.80896 
               30.42 0.0312269  -0.27735   149.585   -2.24487  0.0697376 -0.0609317 0 0 0 0 0 0  -0.323085   0.175298 -0.0353209  -0.00194235 -0.000868827  0.000176227 -0.0168128  0.0112901  0.0283018 -0.0152728  0.0238177   -9.80896 
               30.44 0.0373696 -0.292005   149.589   -2.25187  0.0744436 -0.0606403 0 0 0 0 0 0    -0.3315   0.185705 -0.0229192  -0.00193893 -0.000862084  0.000174862 -0.0173207  0.0116136   0.027967 -0.0155372  0.0242763   -9.80896 
               30.46 0.042497  -0.2902   149.59   -2.25943  0.0788935 -0.0602167 0 0 0 0 0 0   -0.340689    0.194455 -0.00792995  -0.00193694 -0.000865165  0.000175214 -0.0178656  0.0117177  0.0276697 -0.0159195  0.0245782   -9.80896 
               30.48   0.03074 -0.285616   149.595    -2.2665  0.0836952 -0.0593783 0 0 0 0 0 0   -0.343547    0.204178 -0.00748415  -0.00192377 -0.000873622  0.000175232 -0.0181954  0.0119856  0.0273363 -0.0160672   0.024921   -9.80896 
                30.5 0.0287707 -0.286475   149.604  -2.27321 0.0887385 -0.058977 0 0 0 0 0 0  -0.344636   0.214116 0.00222234  -0.00191541 -0.000877881  0.000172099 -0.0183764  0.0123329  0.0271531 -0.0160671  0.0252655   -9.80895 
               30.52 0.0485039 -0.297855   149.609   -2.28014  0.0939164 -0.0586968 0 0 0 0 0 0 -0.349457  0.220968 0.0134752  -0.00192027 -0.000873716  0.000169772 -0.0186099  0.0126303  0.0270743 -0.0161286  0.0255921   -9.80895 
               30.54  0.048624 -0.302104   149.617    -2.2865  0.0991949 -0.0581988 0 0 0 0 0 0 -0.257588  0.185338 0.0062767 -0.00192184 -0.00086907 0.000166523 -0.0185866  0.0130149      0.027 -0.0159545  0.0258829   -9.80895 
               30.56 0.0625665 -0.316541   149.624   -2.29238   0.103765 -0.0578102 0 0 0 0 0 0   -0.100914   0.0995708 -0.00303052 -0.00193349 -0.00085183 0.000161257 -0.0190777  0.0131939  0.0269098 -0.0162644  0.0262208   -9.80895 
               30.58 0.0447897 -0.277059   149.624   -2.29524   0.106486 -0.0577423 0 0 0 0 0 0   -0.034735   0.0543186 -0.00769024 -0.00192308 -0.00086711 0.000159469 -0.0195754  0.0133112  0.0268645 -0.0166045  0.0265133   -9.80895 
                30.6 0.0400402 -0.272901   149.623   -2.29547   0.107385 -0.0579251 0 0 0 0 0 0   -0.031316   0.0534401 -0.00850105  -0.00191901 -0.000868948  0.000159599 -0.019353 0.0133195 0.0268755 -0.016428   0.02643  -9.80895 
               30.62 0.0393439 -0.277819   149.621   -2.29534   0.107559 -0.0581237 0 0 0 0 0 0  -0.0248394   0.0465263 -0.00935502  -0.00191729 -0.000865494  0.000160786 -0.0188458  0.0131343   0.026887 -0.0161081  0.0260811   -9.80895 
               30.64 0.0394926 -0.278067   149.621   -2.29515   0.107561 -0.0582554 0 0 0 0 0 0  -0.0189298   0.0394175 -0.00951069  -0.00191606 -0.000864771  0.000160544 -0.0183605  0.0129267  0.0268702 -0.0158143  0.0257238   -9.80895 
               30.66 0.0399868  -0.27729   149.622   -2.29492   0.107437 -0.0582894 0 0 0 0 0 0  -0.0135744   0.0324807 -0.00883055  -0.00191504 -0.000864644  0.000160089 -0.0179063  0.0127138  0.0268197 -0.0155468  0.0253751   -9.80895 
               30.68 0.0400189 -0.276794   149.621   -2.29472   0.107282 -0.0582928 0 0 0 0 0 0 -0.00939942   0.0265393 -0.00799218  -0.00191375 -0.000864352  0.000160433 -0.0175308  0.0125168  0.0267632 -0.015334 0.0250706  -9.80896 
                30.7 0.0404055 -0.276071   149.621  -2.29463  0.106983 -0.058257 0 0 0 0 0 0 -0.00683967   0.0206027 -0.00694511  -0.00191267 -0.000864195  0.000160298 -0.0172279  0.0122806  0.0266987 -0.0151936  0.0247649   -9.80896 
               30.72 0.0395144 -0.275499   149.621   -2.29439   0.106901 -0.0581063 0 0 0 0 0 0 -0.00376732   0.0172562 -0.00512967  -0.00191085 -0.000863949  0.000160404 -0.0169671  0.0121727  0.0266032 -0.0150341  0.0245761   -9.80896 
               30.74 0.0394925 -0.274789   149.621   -2.29421   0.106778 -0.0579996 0 0 0 0 0 0 -0.00166682   0.0142275 -0.00395929  -0.00190954 -0.000863784  0.000160367 -0.0167578  0.0120554  0.0265343 -0.0149186  0.0244008   -9.80896 
               30.76 0.0393128 -0.273659   149.621   -2.29406   0.106658 -0.0579155 0 0 0 0 0 0 -0.000236034    0.0117813  -0.00315613  -0.00190814 -0.000863863  0.000159991 -0.0165929  0.0119479  0.0264805 -0.0148336  0.0242509   -9.80896 
               30.78  0.039292 -0.273331   149.621   -2.29401   0.106578 -0.0578486 0 0 0 0 0 0 0.000130273   0.0101747  -0.0026082  -0.00190684 -0.000863474  0.000160007 -0.016496 0.0118517 0.0264374 -0.014797 0.0241373  -9.80896 
                30.8 0.0394101 -0.273242    149.62   -2.29404   0.106447 -0.0578053 0 0 0 0 0 0 -0.000200135   0.00849755  -0.00233424  -0.00190562 -0.000862946   0.00016022 -0.0164284  0.0117357  0.0264056 -0.0147911  0.0240201   -9.80896 
               30.82 0.0394416 -0.272995    149.62    -2.2941    0.10632 -0.0577633 0 0 0 0 0 0 -0.000719739   0.00714087  -0.00211226 -0.00190435 -0.00086251 0.000160149 -0.0163772  0.0116297   0.026376 -0.014794 0.0239171  -9.80896 
               30.84 0.0408861 -0.272937    149.62   -2.29431   0.106056 -0.0578333 0 0 0 0 0 0 -0.00227655  0.00503769 -0.00283264  -0.00190391 -0.000861965  0.000160131 -0.0163534  0.0114656  0.0263847 -0.0148415  0.0237803   -9.80896 
               30.86  0.039288 -0.272752   149.621   -2.29425     0.1061 -0.0577918 0 0 0 0 0 0 -0.00173297  0.00544187 -0.00254637   -0.0019017 -0.000861493  0.000159752 -0.0162986  0.0114634  0.0263525 -0.0147998  0.0237566   -9.80896 
               30.88 0.0393705 -0.272877    149.62  -2.29426  0.106074 -0.057765 0 0 0 0 0 0 -0.00183436  0.00530115 -0.00241822  -0.00190046 -0.000860841   0.00015995 -0.0162593  0.0114221  0.0263268 -0.0147859  0.0237088   -9.80896 
                30.9 0.0408994   -0.2728    149.62   -2.29442   0.105885 -0.0578377 0 0 0 0 0 0  -0.0028914  0.00400312 -0.00311562  -0.00190007 -0.000860309  0.000159782 -0.0162338  0.0113068  0.0263345 -0.0148124  0.0236092   -9.80896 
               30.92 0.0388505 -0.272465   149.621   -2.29432   0.105982 -0.0578037 0 0 0 0 0 0 -0.00209794  0.00495332 -0.00284617   -0.0018976 -0.000859925  0.000159495 -0.0161817  0.0113349   0.026303 -0.0147607  0.0236101   -9.80896 
               30.94  0.038819 -0.272478    149.62   -2.29424   0.106057 -0.0577731 0 0 0 0 0 0 -0.00147868  0.00559932 -0.00264604  -0.0018963 -0.00085934 0.000159422  -0.01613 0.0113454 0.0262744 -0.0147165  0.0235976   -9.80896 
               30.96 0.0388443 -0.272641    149.62   -2.29424   0.106063 -0.0577544 0 0 0 0 0 0 -0.00154562   0.0056775 -0.00256686  -0.00189504 -0.000858668  0.000159573 -0.0160947  0.0113146  0.0262508 -0.0147014  0.0235596   -9.80896 
               30.98 0.0403766 -0.272577    149.62   -2.29439   0.105898 -0.0578316 0 0 0 0 0 0 -0.00257771  0.00451231 -0.00327641 -0.00189465 -0.00085813 0.000159398 -0.0160715  0.0112064  0.0262591 -0.0147269  0.0234665   -9.80896 
                  31 0.0389739 -0.272497   149.621    -2.2943   0.106002 -0.0577775 0 0 0 0 0 0 -0.00186606  0.00544104 -0.00281187  -0.00189256 -0.000857601  0.000159059 -0.0160231  0.0112315  0.0262198 -0.0146793  0.0234666   -9.80896 
               31.02 0.0389298 -0.272527    149.62   -2.29422   0.106073 -0.0577309 0 0 0 0 0 0 -0.00128801   0.0059824 -0.00248368  -0.00189126 -0.000857008   0.00015901 -0.0159713  0.0112367  0.0261861 -0.0146371  0.0234499   -9.80896 
               31.04 0.0389717 -0.272635    149.62   -2.29422   0.106078 -0.0577075 0 0 0 0 0 0 -0.00136543  0.00598992 -0.00239057  -0.00189001 -0.000856371  0.000159181 -0.0159353  0.0112029   0.026162 -0.0146227  0.0234094   -9.80896 
               31.06 0.0405019 -0.272581    149.62   -2.29436   0.105941 -0.0577814 0 0 0 0 0 0 -0.00240884  0.00498523 -0.00309983 -0.00188963 -0.00085583 0.000158935 -0.0159167  0.0111022  0.0261704 -0.0146488  0.0233242   -9.80896 
               31.08 0.0402983 -0.272752    149.62   -2.29431   0.105998 -0.0578062 0 0 0 0 0 0 -0.00192855  0.00549183 -0.00330857  -0.00188823 -0.000855157  0.000158697 -0.0158688  0.0111034  0.0261584 -0.0146112   0.023306   -9.80896 
                31.1  0.040453 -0.272845   149.621   -2.29437   0.105934 -0.0578305 0 0 0 0 0 0 -0.00234264  0.00507021 -0.00346648 -0.00188705 -0.00085453 0.000158469 -0.0158373  0.0110433  0.0261445 -0.014611  0.023247  -9.80896 
               31.12 0.0403554 -0.272731    149.62   -2.29426   0.105971 -0.0578298 0 0 0 0 0 0 -0.00144017  0.00533348 -0.00341275  -0.00188572 -0.000854022   0.00015847 -0.0157657  0.0110451  0.0261218 -0.014555 0.0232198  -9.80896 
               31.14 0.0402869 -0.272552    149.62   -2.29419   0.105973 -0.0578176 0 0 0 0 0 0 -0.000903485   0.00532793  -0.00326687  -0.00188441 -0.000853552  0.000158431 -0.0157037  0.0110267  0.0260954 -0.0145145  0.0231808   -9.80896 
               31.16 0.0402873 -0.272599    149.62  -2.29419  0.106004 -0.057804 0 0 0 0 0 0 -0.00108423  0.00565064 -0.00312139  -0.00188314 -0.000852953  0.000158412 -0.0156804  0.0110045  0.0260694 -0.0145053  0.0231544   -9.80896 
               31.18 0.0404947 -0.272662    149.62   -2.29429   0.105953 -0.0578032 0 0 0 0 0 0 -0.00190368  0.00532925  -0.0030975    -0.001882 -0.000852346  0.000158156 -0.0156696  0.0109407  0.0260483 -0.0145224   0.023101   -9.80896 
                31.2  0.040443 -0.272775    149.62   -2.29426   0.106003 -0.0577805 0 0 0 0 0 0 -0.00169344   0.0057216 -0.00291151   -0.0018807 -0.000851708  0.000158112 -0.0156318  0.0109322  0.0260206 -0.0144966  0.0230793   -9.80896 
               31.22 0.0407373 -0.272824    149.62   -2.29424   0.106052 -0.0577514 0 0 0 0 0 0 -0.00158372  0.00609185 -0.00269931   -0.0018796 -0.000851109  0.000158104 -0.0155975  0.0109191  0.0259919 -0.0144754  0.0230556   -9.80896 
               31.24 0.0410175 -0.273086    149.62   -2.29439    0.10593 -0.0577499 0 0 0 0 0 0 -0.00272979   0.0052159 -0.00273106   -0.0018785 -0.000850387    0.0001581 -0.0155869  0.0108225  0.0259733 -0.0145057   0.022977   -9.80896 
               31.26 0.0408292 -0.272907    149.62   -2.29435   0.105998 -0.0577239 0 0 0 0 0 0 -0.00227154  0.00577403 -0.00257699  -0.00187713 -0.000849921  0.000157831 -0.0155419  0.0108251   0.025947  -0.01447 0.0229611  -9.80896 
               31.28 0.0408991 -0.273109    149.62   -2.29437   0.105988 -0.0577065 0 0 0 0 0 0 -0.00232329  0.00567769 -0.00251324   -0.0018759 -0.000849235  0.000158011 -0.0155038  0.0107886  0.0259243 -0.0144552  0.0229179   -9.80896 
                31.3 0.0417046 -0.272636    149.62   -2.29438   0.105968 -0.0576289 0 0 0 0 0 0 -0.00228104  0.00551146 -0.00196594   -0.0018751 -0.000848943  0.000157881 -0.0154601  0.0107514  0.0258823 -0.0144364  0.0228719   -9.80896 
               31.32  0.042156 -0.273466    149.62   -2.29452   0.105839 -0.0575708 0 0 0 0 0 0 -0.00324594  0.00462319 -0.00165364   -0.0018741 -0.000847893  0.000157699 -0.0154425  0.0106599  0.0258499 -0.0144592  0.0227946   -9.80896 
               31.34 0.0421365 -0.273528    149.62   -2.29459   0.105815 -0.0575143 0 0 0 0 0 0 -0.00353877   0.0046253  -0.0014152 -0.00187283 -0.00084729 0.000157712 -0.0154174  0.0106221  0.0258204 -0.0144549  0.0227556   -9.80896 
               31.36 0.0426135 -0.273717    149.62   -2.29472    0.10571 -0.0574703 0 0 0 0 0 0 -0.00413458  0.00403999 -0.00131314  -0.00187184 -0.000846613  0.000157616 -0.0153909  0.0105518  0.0257965 -0.0144624  0.0226911   -9.80896 
               31.38 0.0422975 -0.273591   149.619   -2.2947  0.105732 -0.057435 0 0 0 0 0 0 -0.00366736  0.00441715 -0.00131298   -0.0018704 -0.000846121  0.000157621 -0.015342 0.0105473 0.0257765 -0.0144267  0.0226682   -9.80896 
                31.4 0.0422631 -0.274115   149.619   -2.29468    0.10576 -0.0573969 0 0 0 0 0 0 -0.00327174  0.00476882 -0.00129003  -0.00186912 -0.000845249  0.000157514 -0.0152964  0.0105408  0.0257556 -0.0143942  0.0226451   -9.80896 
               31.42 0.0422416 -0.274414    149.62   -2.29478   0.105678 -0.0573646 0 0 0 0 0 0 -0.00367223  0.00429266 -0.00130686  -0.00186785 -0.000844511  0.000157277 -0.0152651  0.0104808  0.0257364 -0.0143941  0.0225867   -9.80896 
               31.44 0.0425584 -0.274659    149.62   -2.29474   0.105722 -0.0573226 0 0 0 0 0 0 -0.00313759  0.00477249   -0.001253  -0.00186677 -0.000843803  0.000157272 -0.015217  0.010483 0.0257143 -0.0143562  0.0225693   -9.80896 
               31.46 0.0428039 -0.274762    149.62   -2.29483   0.105639 -0.0573172 0 0 0 0 0 0 -0.00352767  0.00428778 -0.00149602  -0.00186566 -0.000843179  0.000157034 -0.0151853  0.0104231  0.0257042 -0.0143558  0.0225108   -9.80896 
               31.48 0.0427224 -0.274786    149.62   -2.29483   0.105664 -0.0573107 0 0 0 0 0 0 -0.00328171  0.00466257 -0.00169827  -0.00186436 -0.000842601  0.000157036 -0.0151466  0.0104136  0.0256925 -0.0143299  0.0224882   -9.80896 
                31.5 0.0425019 -0.274597    149.62   -2.29481   0.105699 -0.0572799 0 0 0 0 0 0 -0.00288409  0.00503862 -0.00166902  -0.00186297 -0.000842147  0.000156926 -0.0151016  0.0104079  0.0256715 -0.0142977   0.022466   -9.80896 
               31.52 0.0430122 -0.274334    149.62    -2.2949   0.105603 -0.0572484 0 0 0 0 0 0 -0.00332774  0.00441176 -0.00162829  -0.00186202 -0.000841738  0.000156671 -0.0150692  0.0103411  0.0256501 -0.0142993  0.0224021   -9.80896 
               31.54 0.0437394 -0.274666    149.62   -2.29487   0.105634 -0.0571966 0 0 0 0 0 0 -0.00286017  0.00477737 -0.00143927  -0.00186118 -0.000840982  0.000156673 -0.0150219   0.010337  0.0256227 -0.0142647  0.0223802   -9.80896 
               31.56 0.0438531 -0.274909    149.62    -2.2948    0.10568 -0.0571593 0 0 0 0 0 0 -0.00217122  0.00516521  -0.0014036     -0.00186 -0.000840279  0.000156613 -0.0149661   0.010339  0.0256014 -0.0142212  0.0223596   -9.80896 
               31.58 0.0437878 -0.274764    149.62   -2.29474   0.105721 -0.0571267 0 0 0 0 0 0 -0.00168424  0.00547386 -0.00140915  -0.00185871 -0.000839802  0.000156491 -0.0149175  0.0103336  0.0255818 -0.0141862  0.0223363   -9.80896 
                31.6 0.0439577 -0.274767    149.62   -2.29481   0.105648 -0.0571141 0 0 0 0 0 0 -0.00209039  0.00492887 -0.00156529 -0.00185755 -0.00083924 0.000156276 -0.0148866   0.010272  0.0255683 -0.014187  0.022277  -9.80896 
               31.62 0.0438803 -0.275511    149.62    -2.2948   0.105685 -0.0570778 0 0 0 0 0 0 -0.00198548  0.00530251 -0.00150684  -0.00185626 -0.000838247  0.000156298 -0.0148553    0.01026  0.0255463 -0.0141678  0.0222555   -9.80896 
               31.64 0.0438145 -0.275425    149.62   -2.29479   0.105714 -0.0570462 0 0 0 0 0 0 -0.00186713  0.00554166 -0.00149645  -0.00185497 -0.000837737  0.000156171 -0.0148204  0.0102428  0.0255263 -0.0141479  0.0222286   -9.80896 
               31.66 0.0439503 -0.275436    149.62   -2.29488   0.105629 -0.0570348 0 0 0 0 0 0 -0.00248341  0.00493327 -0.00164353   -0.0018538 -0.000837172  0.000155944 -0.0147965  0.0101737  0.0255126 -0.014157 0.0221664  -9.80896 
               31.68 0.0440414 -0.275624    149.62   -2.29469   0.105735 -0.0569866 0 0 0 0 0 0 -0.000948354   0.00566196  -0.00149425  -0.00185261 -0.000836503  0.000155786 -0.0147144  0.0102094  0.0254867 -0.0140803  0.0221612   -9.80896 
                31.7 0.0439455  -0.27544    149.62   -2.29454   0.105818 -0.0569496 0 0 0 0 0 0 6.95565e-05  0.00615748 -0.00145383  -0.00185131 -0.000836051   0.00015572 -0.0146486  0.0102236  0.0254653 -0.0140245  0.0221461   -9.80896 
               31.72 0.0439202  -0.27532    149.62    -2.2944     0.1059 -0.0569048 0 0 0 0 0 0 0.000935797  0.00659083 -0.00135235  -0.00185005 -0.000835563  0.000155656 -0.0145878  0.0102317  0.0254415 -0.0139749  0.0221282   -9.80897 
               31.74 0.0437956 -0.275199    149.62   -2.29428   0.105963 -0.0568691 0 0 0 0 0 0  0.00142992  0.00684468 -0.00133694  -0.00184873 -0.000835075  0.000155598 -0.0145384  0.0102239  0.0254213 -0.0139403  0.0221028   -9.80897 
               31.76 0.0438954 -0.275105    149.62    -2.2943   0.105902 -0.0568543 0 0 0 0 0 0 0.000892962  0.00620291 -0.00148178  -0.00184754 -0.000834573  0.000155407 -0.0145111  0.0101557  0.0254076 -0.0139465  0.0220401   -9.80897 
               31.78 0.0436632 -0.274723    149.62 -2.29425  0.10594 -0.05681 0 0 0 0 0 0 0.000860505   0.0063851 -0.00136533  -0.00184616 -0.000834238  0.000155426 -0.014482 0.0101331 0.0253835 -0.0139331  0.0220115   -9.80897 
                31.8 0.0438216 -0.274738    149.62   -2.29429    0.10588 -0.0567821 0 0 0 0 0 0 0.000261835   0.0058292 -0.00139611  -0.00184502 -0.000833674  0.000155224 -0.0144593  0.0100674  0.0253653 -0.0139418  0.0219525   -9.80897 
               31.82 0.0437041 -0.274703    149.62   -2.29422   0.105935 -0.0567499 0 0 0 0 0 0 0.000507859  0.00620352 -0.00139404  -0.00184371 -0.000833137  0.000155194 -0.0144226  0.0100576  0.0253459 -0.0139177  0.0219307   -9.80897 
               31.84 0.0436534 -0.274663    149.62   -2.29416   0.105979 -0.0567269 0 0 0 0 0 0 0.000587789  0.00645212 -0.00146465  -0.00184244 -0.000832604  0.000155097  -0.01439  0.010039 0.0253294 -0.0139002  0.0219036   -9.80897 
               31.86 0.0436119 -0.274532    149.62   -2.29413   0.106013 -0.0567028 0 0 0 0 0 0 0.000546513  0.00655979  -0.0015166  -0.00184117 -0.000832124  0.000154995 -0.0143598  0.0100135   0.025312 -0.0138873  0.0218724   -9.80897 
               31.88 0.0435681 -0.274452    149.62   -2.29414   0.106018 -0.0566884 0 0 0 0 0 0 9.61879e-05  0.00646442 -0.00163317   -0.0018399 -0.000831615   0.00015487 -0.0143418 0.00997053  0.0252974 -0.0138905  0.0218327   -9.80897 
                31.9 0.0436978 -0.274585    149.62   -2.29416   0.106019 -0.0566772 0 0 0 0 0 0 -0.000284475   0.00634624   -0.0017578  -0.00183874 -0.000830983   0.00015475 -0.0143205 0.00992835   0.025283 -0.0138909  0.0217923   -9.80897 
               31.92 0.0440763  -0.27465    149.62   -2.29418   0.106015 -0.0566463 0 0 0 0 0 0 -0.000594018   0.00619606  -0.00170129 -0.00183772 -0.00083039 0.000154636 -0.0142957 0.00988653  0.0252615 -0.0138885  0.0217508   -9.80897 
               31.94 0.0442399 -0.274645    149.62    -2.2943   0.105902 -0.0566351 0 0 0 0 0 0 -0.00157364  0.00528575  -0.0018055  -0.00183657 -0.000829839   0.00015441 -0.0142811  0.0097988  0.0252464 -0.0139119  0.0216785   -9.80897 
               31.96  0.044064 -0.274712    149.62   -2.29429   0.105919 -0.0566254 0 0 0 0 0 0 -0.00153058  0.00542475 -0.00191963  -0.00183523 -0.000829246  0.000154433 -0.0142486 0.00977702  0.0252316 -0.0138958  0.0216493   -9.80897 
               31.98 0.0441857 -0.275293    149.62   -2.29424   0.105964 -0.0566032 0 0 0 0 0 0 -0.00112192  0.00571005 -0.00191639  -0.00183407 -0.000828355  0.000154317 -0.0142047 0.00976945  0.0252121 -0.0138655  0.0216263   -9.80897 
                  32 0.0441227 -0.275214    149.62   -2.29419      0.106 -0.0565859 0 0 0 0 0 0 -0.000851741   0.00590043  -0.00195184  -0.00183279 -0.000827848  0.000154219 -0.0141645 0.00975495  0.0251942 -0.0138407  0.0215996   -9.80897 
               32.02 0.0443653 -0.275289    149.62   -2.29427   0.105919 -0.0565809 0 0 0 0 0 0 -0.00145552  0.00523575 -0.00207075   -0.0018317 -0.000827252  0.000153999 -0.0141405 0.00968626  0.0251797 -0.0138495  0.0215382   -9.80897 
               32.04 0.0440409 -0.274787    149.62   -2.29429   0.105924 -0.0565854 0 0 0 0 0 0 -0.00163031  0.00530966 -0.00225292  -0.00183028 -0.000826991  0.000153998 -0.0141158 0.00965729  0.0251677 -0.0138421  0.0215065   -9.80897 
               32.06 0.0443196 -0.275085    149.62   -2.29441   0.105833 -0.0566073 0 0 0 0 0 0 -0.00244519  0.00467901 -0.00253905   -0.0018292 -0.000826267  0.000153769 -0.0141013 0.00958561    0.02516 -0.0138592  0.0214466   -9.80897 
               32.08 0.0442904  -0.27511    149.62  -2.29436  0.105882 -0.056615 0 0 0 0 0 0 -0.00202412  0.00511048 -0.00267873 -0.00182795  -0.0008257 0.000153778 -0.0140607 0.00958458  0.0251462 -0.0138289  0.0214299   -9.80897 
                32.1 0.0446539 -0.275189   149.621   -2.29436   0.105887 -0.0566132 0 0 0 0 0 0 -0.00190598   0.0051583  -0.0027131  -0.00182694 -0.000825103  0.000153288 -0.0140239  0.0095613  0.0251284 -0.0138102  0.0213979   -9.80897 
               32.12 0.0441567 -0.274862    149.62   -2.29426   0.105989 -0.0565915 0 0 0 0 0 0 -0.00112021  0.00588301 -0.00258751  -0.00182542 -0.000824742  0.000153307 -0.0139754 0.00958026  0.0251041 -0.0137661  0.0213933   -9.80897 
               32.14 0.0445802 -0.274965   149.621   -2.29427   0.105974 -0.0565905 0 0 0 0 0 0 -0.00123597  0.00567776  -0.0026397  -0.00182443 -0.000824132  0.000153088 -0.0139425  0.0095417   0.025087 -0.0137564  0.0213513   -9.80897 
               32.16  0.044152 -0.274887    149.62   -2.29418   0.106043 -0.0565732 0 0 0 0 0 0 -0.000639173   0.00608203  -0.00255911  -0.00182295 -0.000823627  0.000153053 -0.0138948 0.00954361  0.0250646 -0.0137195  0.0213341   -9.80897 
               32.18 0.0442148 -0.275282    149.62   -2.29419   0.106048 -0.0565803 0 0 0 0 0 0 -0.000845437   0.00601127  -0.00268015  -0.00182176 -0.000822848  0.000153279 -0.0138688 0.00950865  0.0250503 -0.0137136  0.0212975   -9.80897 
                32.2 0.0445518 -0.275221    149.62   -2.29413   0.106096 -0.0565587 0 0 0 0 0 0 -0.000516718   0.00622812  -0.00255297  -0.00182073 -0.000822334  0.000152828 -0.0138279 0.00949711  0.0250261 -0.0136872  0.0212729   -9.80897 
               32.22 0.0447268 -0.275873    149.62   -2.29416   0.106078 -0.0565246 0 0 0 0 0 0 -0.000842747   0.00596953  -0.00233442   -0.0018196 -0.000821407  0.000153007 -0.0138029  0.0094521  0.0249985 -0.0136859  0.0212292   -9.80897 
               32.24 0.0448599 -0.275956    149.62    -2.2943   0.105964 -0.0565136 0 0 0 0 0 0 -0.00192121  0.00507341 -0.00232981  -0.00181845 -0.000820812  0.000152831 -0.0137938 0.00936511  0.0249794 -0.013713 0.0211601  -9.80897 
               32.26 0.0447896 -0.275968    149.62    -2.2943   0.105979 -0.0564924 0 0 0 0 0 0 -0.00187121  0.00522104 -0.00225446  -0.00181719 -0.000820257  0.000152847 -0.0137639 0.00934377  0.0249576 -0.0136988  0.0211323   -9.80897 
               32.28 0.0448617 -0.276099    149.62   -2.29433   0.105973 -0.0564672 0 0 0 0 0 0  -0.0020091  0.00519892 -0.00215545  -0.00181601 -0.000819634   0.00015275 -0.0137378 0.00931159  0.0249348 -0.0136916  0.0210979   -9.80897 
                32.3 0.0448537 -0.276047    149.62   -2.29435    0.10597 -0.0564409 0 0 0 0 0 0 -0.00206126  0.00518133 -0.00206864  -0.00181478 -0.000819118  0.000152641 -0.0137075 0.00928272  0.0249124  -0.01368 0.0210643  -9.80897 
               32.32 0.0450666 -0.276082    149.62   -2.29448   0.105855 -0.0564324 0 0 0 0 0 0  -0.0028526  0.00436119 -0.00213182  -0.00181368 -0.000818552  0.000152404 -0.0136889 0.00920577  0.0248961 -0.0136961  0.0209992   -9.80897 
               32.34 0.0450061 -0.276124    149.62   -2.29446   0.105875 -0.0564129 0 0 0 0 0 0 -0.00254654  0.00460744 -0.00210847  -0.00181243 -0.000817982  0.000152421 -0.0136503 0.00919547  0.0248762 -0.0136711  0.0209765   -9.80897 
               32.36 0.0453102 -0.276029    149.62   -2.29456    0.10578 -0.0563899 0 0 0 0 0 0 -0.00303826  0.00399934 -0.00205015  -0.00181139 -0.000817492  0.000152183 -0.0136247  0.0091338   0.024855 -0.0136758  0.0209201   -9.80897 
               32.38 0.0452037 -0.276039    149.62  -2.29452  0.105817 -0.056356 0 0 0 0 0 0 -0.00259659  0.00441686 -0.00192383  -0.00181011 -0.000816942  0.000152156 -0.0135848 0.00913336  0.0248311 -0.0136459  0.0209042   -9.80897 
                32.4 0.0451484 -0.275979    149.62   -2.29449   0.105844 -0.0563293 0 0 0 0 0 0 -0.00221969  0.00469857  -0.0018756  -0.00180887 -0.000816432  0.000152049 -0.0135445 0.00912616  0.0248102 -0.0136184  0.0208832   -9.80897 
               32.42 0.0458183  -0.27796    149.62   -2.29455   0.105892 -0.0562539 0 0 0 0 0 0 -0.00261873  0.00519535 -0.00142282  -0.00180804 -0.000814739  0.000151799 -0.0135401 0.00911037  0.0247737 -0.0136211  0.0208696   -9.80897 
               32.44 0.0451591 -0.277442   149.622   -2.29476    0.10581 -0.0561815 0 0 0 0 0 0 -0.00400877  0.00470499 -0.00105466  -0.00180645 -0.000814498  0.000150842  -0.013553 0.00903419  0.0247406 -0.0136604  0.0208175   -9.80897 
               32.46 0.0457124 -0.277547   149.622   -2.29494   0.105639 -0.0561359 0 0 0 0 0 0  -0.00484654   0.00351272 -0.000975917  -0.00180556 -0.000813896  0.000150353 -0.0135288 0.00894259  0.0247188 -0.0136778  0.0207394   -9.80897 
               32.48 0.0473277 -0.277364   149.624   -2.29505   0.105615 -0.0561207 0 0 0 0 0 0 -0.00523408  0.00362853 -0.00116387  -0.00180529 -0.000813461  0.000149415 -0.0135155 0.00891223  0.0247076 -0.0136796  0.0207114   -9.80897 
                32.5 0.0480655 -0.277683   149.624  -2.29526  0.105505 -0.056102 0 0 0 0 0 0 -0.00614659  0.00309885 -0.00128519   -0.0018045 -0.000812735  0.000149131 -0.0135088 0.00884506  0.0246938 -0.0137007  0.0206585   -9.80897 
               32.52 0.0480035 -0.277799   149.624    -2.2953   0.105523 -0.0560774 0 0 0 0 0 0 -0.00579362  0.00352079 -0.00135533  -0.00180326 -0.000812125  0.000149119 -0.0134732 0.00884294  0.0246778 -0.0136748  0.0206431   -9.80897 
               32.54 0.048342 -0.27797  149.624   -2.29542   0.105435 -0.0560654 0 0 0 0 0 0 -0.00602416  0.00309753 -0.00151075  -0.00180225 -0.000811486  0.000148891 -0.0134422 0.00879501  0.0246652 -0.0136702  0.0205952   -9.80897 
               32.56 0.0482369 -0.278001   149.624   -2.29544   0.105452 -0.0560515 0 0 0 0 0 0 -0.00549675  0.00348116 -0.00163416  -0.00180098 -0.000810926  0.000148895 -0.0133992 0.00879525  0.0246513 -0.0136379  0.0205787   -9.80897 
               32.58 0.0482994 -0.278613   149.624   -2.29546   0.105473 -0.0560303 0 0 0 0 0 0 -0.00499761  0.00383847 -0.00167687   -0.0017998 -0.000810031  0.000148759 -0.0133569 0.00879383  0.0246342 -0.0136069  0.0205612   -9.80897 
                32.6 0.0483965  -0.27867   149.624   -2.29557    0.10541 -0.0560373 0 0 0 0 0 0 -0.00523899  0.00356112 -0.00193296  -0.00179865 -0.000809458  0.000148888 -0.0133299 0.00875162  0.0246256 -0.013603 0.0205192  -9.80897 
               32.62 0.0479992  -0.27864   149.624  -2.29555  0.105462 -0.056073 0 0 0 0 0 0 -0.00455531  0.00411955 -0.00239531  -0.00179722 -0.000808936  0.000148853 -0.0132849 0.00876216  0.0246251 -0.0135654  0.0205097   -9.80897 
               32.64 0.0480955 -0.278662   149.624   -2.29559   0.105421 -0.0561135 0 0 0 0 0 0 -0.00439669  0.00392482 -0.00281475  -0.00179607 -0.000808385  0.000148621 -0.0132443   0.008732  0.0246229 -0.0135467  0.0204714   -9.80897 
               32.66 0.0478935 -0.278635   149.625   -2.29545    0.10553 -0.0561134 0 0 0 0 0 0 -0.00290178  0.00477372 -0.00285053  -0.00179475 -0.000807861  0.000148014 -0.0131743 0.00877137  0.0246054 -0.0134793  0.0204738   -9.80897 
               32.68 0.0478418 -0.278659   149.625   -2.29532   0.105608 -0.0561111 0 0 0 0 0 0 -0.00169892  0.00528984 -0.00285881  -0.00179352 -0.000807309  0.000147897 -0.0131088 0.00879142  0.0245868 -0.0134225  0.0204634   -9.80897 
                32.7 0.0477765 -0.278521   149.625   -2.29522   0.105669 -0.0561008 0 0 0 0 0 0 -0.000891134   0.00562671  -0.00279306  -0.00179228 -0.000806851  0.000147809 -0.0130548 0.00879597  0.0245655 -0.0133805  0.0204459   -9.80897 
               32.72  0.047749 -0.278476   149.625   -2.29514   0.105716 -0.0560865 0 0 0 0 0 0 -0.000391901   0.00584466  -0.00270136 -0.00179106 -0.00080634 0.000147724 -0.0130105 0.00878927  0.0245433  -0.01335 0.0204238  -9.80897 
               32.74 0.0477129 -0.278747   149.625  -2.29509  0.105757 -0.056057 0 0 0 0 0 0 -0.000102357    0.0060002  -0.00249515  -0.00178984 -0.000805645  0.000147652 -0.0129731 0.00877569  0.0245166 -0.0133273  0.0203992   -9.80897 
               32.76 0.0478012 -0.278939   149.624   -2.29511   0.105731 -0.0560422 0 0 0 0 0 0 -0.000420401    0.0056776  -0.00243422  -0.00178869 -0.000804998  0.000147833  -0.012949 0.00873063  0.0244957 -0.0133268  0.0203564   -9.80897 
               32.78 0.0478079  -0.27893   149.624   -2.29513   0.105709 -0.0560277 0 0 0 0 0 0 -0.00067679  0.00543113 -0.00238651  -0.00178749 -0.000804467   0.00014775 -0.0129243 0.00868995  0.0244754 -0.0133241  0.0203166   -9.80897 
                32.8 0.0478167 -0.278872   149.624   -2.29514   0.105691 -0.0560095 0 0 0 0 0 0 -0.000888809   0.00524805  -0.00231626  -0.00178629 -0.000803966  0.000147668 -0.0128993 0.00865279  0.0244542 -0.0133198  0.0202792   -9.80897 
               32.82 0.0478508 -0.278836   149.624   -2.29515   0.105677 -0.0559864 0 0 0 0 0 0 -0.00101853  0.00508205 -0.00222838  -0.00178511 -0.000803452  0.000147476 -0.0128717 0.00861931  0.0244319 -0.0133121  0.0202437   -9.80897 
               32.84 0.0480044 -0.278783   149.625   -2.29527   0.105563 -0.0559802 0 0 0 0 0 0 -0.00187637  0.00423989 -0.00228246 -0.00178401 -0.00080295  0.00014721 -0.0128577 0.00854435  0.0244153 -0.0133306  0.0201826   -9.80897 
               32.86 0.0479678 -0.278802   149.625  -2.29526   0.10557 -0.055955 0 0 0 0 0 0 -0.00172459  0.00439679 -0.00217611   -0.0017828 -0.000802404  0.000147249 -0.0128261 0.00852835  0.0243927 -0.0133133  0.0201585   -9.80897 
               32.88 0.0479686 -0.278534   149.624   -2.29539   0.105491 -0.0559401 0 0 0 0 0 0  -0.0026641  0.00397366 -0.00215496  -0.00178161 -0.000802026   0.00014753 -0.0128242 0.00846688  0.0243737 -0.0133354  0.0201121   -9.80897 
                32.9 0.0477535 -0.278609   149.624    -2.2954   0.105525 -0.0559056 0 0 0 0 0 0 -0.00258872   0.0043895 -0.00199056   -0.0017803 -0.000801448  0.000147482 -0.0128012 0.00845937  0.0243489 -0.0133212  0.0200977   -9.80897 
               32.92 0.0477691 -0.278688   149.624   -2.29542   0.105551 -0.0558773 0 0 0 0 0 0 -0.00252557   0.0046695 -0.00190378  -0.00177912 -0.000800869  0.000147344 -0.0127758 0.00844642  0.0243271 -0.0133073  0.0200783   -9.80897 
               32.94 0.0477715 -0.278729   149.624   -2.29542    0.10557 -0.0558552 0 0 0 0 0 0 -0.00240558  0.00484666 -0.00188237  -0.00177794 -0.000800313  0.000147218 -0.0127462 0.00843079   0.024308 -0.0132913  0.0200553   -9.80897 
               32.96 0.0477656 -0.278731   149.624   -2.29542   0.105585 -0.0558369 0 0 0 0 0 0 -0.00224391  0.00496127 -0.00189628  -0.00177675 -0.000799779  0.000147094 -0.0127137 0.00841369  0.0242902 -0.0132737  0.0200301   -9.80897 
               32.98 0.0477436 -0.278732   149.624   -2.29542   0.105593 -0.0558175 0 0 0 0 0 0 -0.00206447   0.0049907 -0.00189887  -0.00177556 -0.000799247  0.000147013 -0.0126787 0.00839363   0.024272 -0.0132555  0.0200018   -9.80897 
                  33 0.0481091 -0.278806   149.624   -2.29542   0.105604 -0.0557981 0 0 0 0 0 0 -0.00197262  0.00505886 -0.00189908  -0.00177459 -0.000798672  0.000146892 -0.0126479 0.00837319  0.0242537 -0.0132405  0.0199749   -9.80897 
               33.02 0.0481854 -0.278872   149.624   -2.29542   0.105611 -0.0557808 0 0 0 0 0 0  -0.0018744   0.0050805 -0.00191655  -0.00177345 -0.000798104  0.000146768 -0.0126162  0.0083513  0.0242361 -0.0132254  0.0199464   -9.80897 
               33.04 0.0482323  -0.27889   149.624   -2.29542   0.105621 -0.0557659 0 0 0 0 0 0 -0.00178554  0.00511874 -0.00195002  -0.00177229 -0.000797563  0.000146731 -0.0125852  0.0083299  0.0242192 -0.0132107  0.0199187   -9.80897 
               33.06 0.0494778 -0.279535   149.624   -2.29544   0.105596 -0.0558656 0 0 0 0 0 0 -0.00178203   0.0048832 -0.00291729 -0.00177184 -0.00079666 0.000146673 -0.0125518 0.00829618  0.0242387 -0.013199 0.0198809  -9.80897 
               33.08 0.0494324 -0.279573   149.624   -2.29533   0.105637 -0.0559328 0 0 0 0 0 0 -0.000920947   0.00510014  -0.00347231 -0.00177063 -0.00079611 0.000146251 -0.0124954 0.00829779   0.024242 -0.0131568  0.0198605   -9.80897 
                33.1 0.0479943 -0.278611   149.624   -2.29518   0.105682 -0.0558617 0 0 0 0 0 0 0.00019373  0.0052838 -0.0028055  -0.00176862 -0.000796137  0.000146065 -0.0124289 0.00830368  0.0241975 -0.0131053  0.0198394   -9.80897 
               33.12 0.0492726 -0.279457   149.625   -2.29513   0.105688 -0.0559158 0 0 0 0 0 0 0.000346558  0.00525019 -0.00325919 -0.00176818 -0.00079512 0.000145732 -0.0123945 0.00828093   0.024197 -0.0130886  0.0198094   -9.80897 
               33.14 0.0508989 -0.279852   149.624   -2.29511   0.105664 -0.0560718 0 0 0 0 0 0 0.000361135  0.00500441 -0.00447394  -0.00176794 -0.000794363  0.000145978 -0.0123609 0.00824709  0.0242263 -0.0130769  0.0197716   -9.80897 
               33.16  0.051402 -0.280746   149.624 -2.29515 0.105605 -0.05614 0 0 0 0 0 0 -0.000130279   0.00458015  -0.00476152  -0.00176706 -0.000793318  0.000145801  -0.012343 0.00819591  0.0242194 -0.0130833  0.0197269   -9.80897 
               33.18 0.0513006 -0.280684   149.624   -2.29516   0.105574 -0.0561843 0 0 0 0 0 0 -0.000365519   0.00441038  -0.00480812  -0.00176582 -0.000792827  0.000145851 -0.0123209 0.00815985   0.024203 -0.0130807  0.0196919   -9.80897 
                33.2 0.0513546 -0.280683   149.624  -2.29517  0.105551 -0.056203 0 0 0 0 0 0 -0.000582161    0.0043287  -0.00463736  -0.00176468 -0.000792302  0.000145747    -0.0123 0.00812759  0.0241783 -0.0130776  0.0196601   -9.80897 
               33.22 0.0513707 -0.280671   149.624   -2.29519    0.10553 -0.0562063 0 0 0 0 0 0 -0.000805641   0.00428642  -0.00436656  -0.00176352 -0.000791783  0.000145642 -0.0122802  0.0080963  0.0241496 -0.0130749  0.0196295   -9.80897 
               33.24 0.0515613  -0.28146   149.624   -2.29524   0.105504 -0.0561918 0 0 0 0 0 0  -0.0012225  0.00424125 -0.00398995  -0.00176245 -0.000790801  0.000145438 -0.0122679 0.00806082   0.024117 -0.0130793  0.0195986   -9.80897 
               33.26 0.0516129 -0.281383   149.624   -2.29528    0.10549 -0.0561726 0 0 0 0 0 0 -0.00154939  0.00426625 -0.00363754  -0.00176131 -0.000790321  0.000145361 -0.0122537 0.00803036  0.0240852 -0.0130804  0.0195707   -9.80897 
               33.28 0.0516343  -0.28156   149.624   -2.29531   0.105489 -0.0561489 0 0 0 0 0 0 -0.00173312   0.0043778 -0.00330757  -0.00176015 -0.000789694  0.000145245 -0.0122359 0.00800629  0.0240544 -0.0130764  0.0195462   -9.80897 
                33.3 0.0517427  -0.28163   149.624  -2.29533  0.105488 -0.056124 0 0 0 0 0 0 -0.00185095   0.0044571 -0.00302226 -0.00175904 -0.00078913 0.000145137 -0.0122151 0.00798246  0.0240253 -0.0130701  0.0195207   -9.80897 
               33.32 0.0517284  -0.28066   149.624   -2.29536   0.105543 -0.0561299 0 0 0 0 0 0 -0.00203017  0.00498259 -0.00303425  -0.00175786 -0.000789167  0.000145306 -0.0122057 0.00797412  0.0240078 -0.0130664   0.019511   -9.80897 
               33.34 0.0546471 -0.282688   149.625   -2.29543   0.105498 -0.0561182 0 0 0 0 0 0 -0.00241159  0.00465223 -0.00289916  -0.00175838 -0.000787471  0.000144563 -0.0121864 0.00792922  0.0239847 -0.0130693  0.0194707   -9.80897 
               33.36  0.054481 -0.282744   149.625    -2.2955   0.105477 -0.0560991 0 0 0 0 0 0 -0.00272279  0.00456048 -0.00272487  -0.00175712 -0.000786917   0.00014444 -0.0121696 0.00789483    0.02396 -0.01307 0.019439 -9.80897 
               33.38 0.0544328 -0.282845   149.625   -2.29555   0.105458 -0.0560748 0 0 0 0 0 0 -0.00282019   0.0044666 -0.00253883  -0.00175592 -0.000786337  0.000144332 -0.0121447 0.00786488  0.0239349 -0.0130631  0.0194075   -9.80897 
                33.4 0.0542303 -0.283099   149.625   -2.29558    0.10545 -0.0560583 0 0 0 0 0 0 -0.00279843  0.00445996 -0.00244926  -0.00175463 -0.000785668  0.000144251 -0.0121173 0.00784076  0.0239135 -0.0130521  0.0193794   -9.80897 
               33.42 0.0542129 -0.282825   149.624   -2.29556   0.105444 -0.0560213 0 0 0 0 0 0 -0.00243095   0.0044289 -0.00221098  -0.00175346 -0.000785305  0.000144202 -0.0120766 0.00782295  0.0238862 -0.013029 0.0193508  -9.80897 
               33.44 0.0544697 -0.282965   149.624   -2.29562   0.105384 -0.0559938 0 0 0 0 0 0 -0.00265078  0.00404145 -0.00208061  -0.00175244 -0.000784704   0.00014441 -0.0120505 0.00777977  0.0238633 -0.0130262  0.0193092   -9.80897 
               33.46 0.0544635 -0.283055   149.624   -2.29569   0.105324 -0.0559625 0 0 0 0 0 0  -0.0028723  0.00371552 -0.00194085  -0.00175127 -0.000784131  0.000144317  -0.012026 0.00773884  0.0238401 -0.0130238  0.0192699   -9.80897 
               33.48 0.0545433   -0.2831   149.624   -2.29574   0.105275 -0.0559359 0 0 0 0 0 0 -0.00297398  0.00352122 -0.00186286  -0.00175015 -0.000783586  0.000144238 -0.0119996 0.00770528  0.0238193 -0.0130172  0.0192353   -9.80897 
                33.5 0.0548304 -0.283425   149.624   -2.29571   0.105275 -0.0558933 0 0 0 0 0 0 -0.00248673  0.00366557 -0.00167406  -0.00174915 -0.000782878  0.000144182 -0.0119585 0.00769664  0.0237941 -0.0129903  0.0192134   -9.80897 
               33.52 0.0548739 -0.283785   149.624   -2.29577   0.105236 -0.0558479 0 0 0 0 0 0 -0.00268851  0.00355407 -0.00148342  -0.00174801 -0.000782151  0.000144094  -0.011938 0.00766445  0.0237689 -0.0129875   0.019182   -9.80897 
               33.54 0.0548843 -0.283707   149.624   -2.29581   0.105207 -0.0558087 0 0 0 0 0 0 -0.00272746  0.00352509 -0.00137656  -0.00174685 -0.000781677  0.000143982  -0.011913 0.00763868  0.0237471 -0.0129789  0.0191537   -9.80897 
               33.56 0.0549367 -0.283727   149.624    -2.2958   0.105204 -0.0557722 0 0 0 0 0 0 -0.00240508  0.00365983 -0.00131375  -0.00174572 -0.000781147    0.0001439 -0.0118781 0.00762643  0.0237269 -0.012958 0.0191315  -9.80897 
               33.58 0.0549375 -0.283701   149.624   -2.29578   0.105206 -0.0557447 0 0 0 0 0 0 -0.00212317  0.00380931  -0.0013344  -0.00174456 -0.000780645  0.000143796 -0.0118451 0.00761391  0.0237099 -0.0129386  0.0191098   -9.80897 
                33.6 0.0549432 -0.283652   149.624   -2.29578   0.105211 -0.0557231 0 0 0 0 0 0 -0.00193725  0.00398175 -0.00139784  -0.00174341 -0.000780156  0.000143671 -0.0118161 0.00760031  0.0236947 -0.0129226  0.0190889   -9.80897 
               33.62 0.0549634 -0.283599   149.624   -2.29577   0.105218 -0.0557112 0 0 0 0 0 0 -0.00175804  0.00414022 -0.00153118  -0.00174226 -0.000779669  0.000143579 -0.0117872 0.00758609  0.0236822 -0.0129068  0.0190676   -9.80897 
               33.64 0.0549466 -0.283481   149.624   -2.29575   0.105234 -0.0557002 0 0 0 0 0 0 -0.00150504  0.00432621 -0.00164993 -0.00174109 -0.00077922 0.000143442 -0.0117562 0.00757443  0.0236691 -0.0128886  0.0190473   -9.80897 
               33.66  0.054933 -0.283456   149.624   -2.29573   0.105247 -0.0556901 0 0 0 0 0 0 -0.00130066  0.00447619 -0.00175645  -0.00173993 -0.000778719  0.000143346 -0.0117263 0.00756049  0.0236555 -0.012872 0.0190258  -9.80897 
               33.68 0.0560268 -0.283919   149.624   -2.29566    0.10529 -0.0556693 0 0 0 0 0 0 -0.000781925   0.00479432  -0.00176093   -0.0017394 -0.000777935  0.000143282 -0.0116884 0.00755901   0.023638 -0.012845 0.0190104  -9.80897 
                33.7 0.0559423 -0.283815   149.624   -2.29561   0.105324 -0.0556538 0 0 0 0 0 0 -0.000426372   0.00500952  -0.00180584  -0.00173819 -0.000777479  0.000143189 -0.0116545 0.00755045  0.0236221 -0.0128235  0.0189914   -9.80897 
               33.72 0.0562135 -0.283495   149.624   -2.29557    0.10535 -0.0556556 0 0 0 0 0 0 -0.000195846   0.00514999  -0.00198274   -0.0017372 -0.000777149  0.000143067 -0.0116237  0.0075366  0.0236113 -0.0128063  0.0189696   -9.80897 
               33.74 0.0559074 -0.283085   149.624    -2.2956   0.105332 -0.0556706 0 0 0 0 0 0 -0.000564903   0.00498822  -0.00223178  -0.00173586 -0.000776871   0.00014296 -0.0116087 0.00749958  0.0236035 -0.0128094   0.018937   -9.80897 
               33.76 0.0559061 -0.283073   149.624   -2.2956  0.105336 -0.055683 0 0 0 0 0 0 -0.000607575   0.00499008  -0.00242215  -0.00173471 -0.000776364  0.000142853 -0.0115852 0.00747526  0.0235933 -0.0128014  0.0189104   -9.80897 
               33.78 0.0557327 -0.282817   149.624   -2.29553   0.105397 -0.0556758 0 0 0 0 0 0 -0.00016537  0.00537897 -0.00242716  -0.00173346 -0.000775998  0.000142477 -0.0115518 0.00747499  0.0235759 -0.0127772  0.0188976   -9.80897 
                33.8 0.0555129 -0.282382   149.624   -2.29547   0.105426 -0.0556687 0 0 0 0 0 0 9.11839e-05  0.00547379 -0.00242913  -0.00173218 -0.000775734  0.000142501 -0.0115193 0.00746027  0.0235584 -0.0127591  0.0188747   -9.80897 
               33.82 0.0553796 -0.282361   149.624   -2.29544   0.105449 -0.0556554 0 0 0 0 0 0 0.000196004  0.00552117 -0.00237676  -0.00173095 -0.000775233  0.000142406 -0.0114914 0.00744081  0.0235388 -0.0127461    0.01885   -9.80897 
               33.84 0.0555745 -0.282537   149.623  -2.29548  0.105408 -0.055653 0 0 0 0 0 0 -0.00027474  0.00512472 -0.00241577  -0.00172991 -0.000774618  0.000142557 -0.0114756 0.00739358  0.0235229 -0.0127524  0.0188097   -9.80897 
               33.86 0.0567247 -0.283065   149.624   -2.29546   0.105393 -0.0557185 0 0 0 0 0 0 -0.00023968  0.00494292 -0.00301278  -0.00172943 -0.000773801  0.000142347 -0.0114458 0.00736434  0.0235285 -0.0127419  0.0187773   -9.80897 
               33.88  0.056154 -0.283634   149.623  -2.29544  0.105366 -0.055744 0 0 0 0 0 0 -0.000103967   0.00467266  -0.00318403  -0.00172794 -0.000772959  0.000142559 -0.0114107 0.00733407  0.0235176 -0.0127278  0.0187421   -9.80897 
                33.9 0.0561078 -0.283601   149.623   -2.29537   0.105318 -0.0557519 0 0 0 0 0 0 0.000321888  0.00423683 -0.00318734  -0.00172677 -0.000772466  0.000142498 -0.0113619 0.00730373  0.0235002 -0.0127038  0.0187017   -9.80897 
               33.92 0.0561739 -0.283519   149.623   -2.29532   0.105287 -0.0557512 0 0 0 0 0 0 0.000499999  0.00404178 -0.00311407  -0.00172566 -0.000772002  0.000142476 -0.011327 0.0072772 0.0234798 -0.0126885  0.0186693   -9.80897 
               33.94 0.0562431  -0.28415   149.623   -2.29535   0.105297 -0.0557357 0 0 0 0 0 0  3.5817e-05   0.0042783 -0.00292082  -0.00172455 -0.000771127  0.000142417 -0.0113243 0.00725341  0.0234551 -0.0126954  0.0186511   -9.80897 
               33.96 0.0568294 -0.284651   149.623   -2.29538   0.105301 -0.0557025 0 0 0 0 0 0 -0.000341056   0.00442106  -0.00261419  -0.00172375 -0.000770327  0.000142343 -0.0113167 0.00722797  0.0234259 -0.0126994  0.0186298   -9.80897 
               33.98 0.0568057 -0.284705   149.623    -2.2954   0.105306 -0.0556789 0 0 0 0 0 0 -0.000617019   0.00453207  -0.00243731  -0.00172259 -0.000769786  0.000142232 -0.0113048 0.00720348  0.0234018 -0.0126999  0.0186076   -9.80897 
                  34 0.0567819 -0.284678   149.623  -2.29541  0.105309 -0.055655 0 0 0 0 0 0 -0.000816687   0.00460528  -0.00228854  -0.00172143 -0.000769292  0.000142117 -0.0112894 0.00717922  0.0233788 -0.0126978  0.0185842   -9.80897 
               34.02 0.0570659 -0.285107   149.622   -2.29549   0.105256 -0.0556506 0 0 0 0 0 0 -0.00141906  0.00426665 -0.00231965  -0.00172045 -0.000768535  0.000142265 -0.0112803 0.00713207  0.0233628 -0.0127089  0.0185467   -9.80897 
               34.04  0.056953 -0.285138   149.622   -2.29557   0.105227 -0.0556547 0 0 0 0 0 0 -0.00194285  0.00416596 -0.00241502  -0.00171924 -0.000768009  0.000142082 -0.0112732  0.0070952  0.0233493 -0.0127176  0.0185174   -9.80897 
               34.06 0.0564462  -0.28459   149.624   -2.29596   0.104839 -0.0556475 0 0 0 0 0 0 -0.00449284  0.00148084 -0.00237888  -0.00171781 -0.000767819   0.00014116 -0.0112872 0.00692499  0.0233309 -0.0127916  0.0183996   -9.80897 
               34.08 0.0567348  -0.28461   149.624   -2.29626   0.104536 -0.0556304 0 0 0 0 0 0  -0.00607868 -0.000226102    -0.002278 -0.00171683  -0.0007673 0.000141061 -0.0112861 0.00680959    0.02331 -0.0128341  0.0183159   -9.80897 
                34.1 0.0568796 -0.284933   149.623   -2.29647   0.104325 -0.0556119 0 0 0 0 0 0 -0.00688226 -0.00103391 -0.00219127  -0.00171578 -0.000766606  0.000141326 -0.0112749 0.00674235  0.0232895 -0.0128512  0.0182631   -9.80897 
               34.12 0.0570525 -0.284996   149.623   -2.29663    0.10417 -0.0555982 0 0 0 0 0 0 -0.00715671 -0.00134101 -0.00216461  -0.00171474 -0.000766062  0.000141264 -0.0112548 0.00670376  0.0232713 -0.0128511  0.0182277   -9.80897 
               34.14 0.0571267 -0.284787   149.623  -2.29674  0.104061 -0.055571 0 0 0 0 0 0  -0.0070438 -0.00128967 -0.00203517  -0.00171364 -0.000765676  0.000141162 -0.0112279 0.00668582  0.0232491 -0.0128384  0.0182047   -9.80897 
               34.16 0.0574157 -0.284216   149.623   -2.29685   0.103996 -0.0555439 0 0 0 0 0 0  -0.00701122 -0.000874448  -0.00192547  -0.00171267 -0.000765499  0.000140859 -0.0112111 0.00667931  0.0232277 -0.0128287  0.0181938   -9.80897 
               34.18  0.057183 -0.284816   149.623   -2.29693   0.103925 -0.0555175 0 0 0 0 0 0  -0.00671589 -0.000617362  -0.00184376   -0.0017114 -0.000764645  0.000140943  -0.011182 0.00667242  0.0232073 -0.0128102  0.0181779   -9.80897 
                34.2 0.0572538  -0.28479   149.623   -2.29697    0.10389 -0.0554958 0 0 0 0 0 0 -0.00625278 -0.00014008 -0.00181536   -0.0017103 -0.000764155  0.000140808 -0.0111512 0.00667674   0.023189 -0.0127864  0.0181695   -9.80897 
               34.22 0.0577179 -0.285422   149.623   -2.29693   0.103909 -0.0554471 0 0 0 0 0 0 -0.00523004 0.000632752 -0.00157714  -0.00170944 -0.000763284  0.000140704 -0.0111065 0.00670264  0.0231626 -0.0127445  0.0181715   -9.80897 
               34.24 0.0575693 -0.285257   149.623   -2.29696   0.103904 -0.0554107 0 0 0 0 0 0 -0.00479789  0.00115315 -0.00147052  -0.00170822 -0.000762874  0.000140617  -0.011078 0.00670778  0.0231413 -0.012722 0.0181645  -9.80897 
               34.26  0.058011 -0.285214   149.624   -2.29703   0.103901 -0.0554082 0 0 0 0 0 0 -0.00485042  0.00167955 -0.00165317  -0.00170734 -0.000762395   0.00014029 -0.0110669 0.00670347  0.0231313 -0.0127156  0.0181573   -9.80897 
               34.28 0.0577055 -0.285848   149.623   -2.29705   0.103881 -0.0553645 0 0 0 0 0 0 -0.00446115  0.00192623 -0.00147291  -0.00170603 -0.000761524  0.000140397 -0.0110347 0.00669801  0.0231072 -0.0126944  0.0181413   -9.80898 
                34.3 0.0579548 -0.285526   149.624   -2.29709   0.103898 -0.0553508 0 0 0 0 0 0 -0.00422845  0.00244423 -0.00156656  -0.00170504 -0.000761206  0.000140095 -0.0110134 0.00669907  0.0230938 -0.0126787  0.0181341   -9.80898 
               34.32 0.057632 -0.28599  149.623   -2.29708   0.103891 -0.0553261 0 0 0 0 0 0 -0.00367538  0.00264812 -0.00155934  -0.00170372 -0.000760434  0.000140178 -0.0109746 0.00669535  0.0230764 -0.0126522   0.018117   -9.80898 
               34.34 0.0576469 -0.285973   149.623   -2.29707   0.103889 -0.0553046 0 0 0 0 0 0 -0.00318666  0.00286615 -0.00157781   -0.0017026 -0.000759941  0.000140083 -0.0109385 0.00669087    0.02306 -0.0126279  0.0181004   -9.80898 
               34.36 0.0576419 -0.285926   149.623   -2.29705   0.103892 -0.0552877 0 0 0 0 0 0 -0.00274285  0.00309696 -0.00163008  -0.00170147 -0.000759465  0.000139995 -0.0109043 0.00668598  0.0230449 -0.0126052  0.0180841   -9.80898 
               34.38 0.0576513 -0.285881   149.623  -2.29704  0.103899 -0.055273 0 0 0 0 0 0 -0.00236363  0.00333214  -0.0016908  -0.00170034 -0.000758989  0.000139909 -0.0108726 0.00667997  0.0230302 -0.0125847   0.018068   -9.80898 
                34.4 0.0586282 -0.285693   149.623  -2.29701   0.10394 -0.055302 0 0 0 0 0 0 -0.00195524  0.00379655 -0.00210077  -0.00169978 -0.000758595  0.000139977 -0.0108444 0.00668254  0.0230289 -0.0125635  0.0180593   -9.80898 
               34.42 0.0583024 -0.285274   149.623   -2.29697   0.103976 -0.0553512 0 0 0 0 0 0  -0.0015434  0.00414485 -0.00260963  -0.00169846 -0.000758335  0.000139834 -0.0108137  0.0066811  0.0230314 -0.0125421  0.0180469   -9.80898 
               34.44 0.0581701 -0.285186   149.623   -2.29683   0.104065 -0.0553802 0 0 0 0 0 0 -0.000475585   0.00477769  -0.00287872  -0.00169726 -0.000757885  0.000139424 -0.0107656 0.00670262  0.0230246 -0.0124997  0.0180444   -9.80898 
               34.46 0.0581116 -0.285145   149.623   -2.29673   0.104138 -0.0553975 0 0 0 0 0 0 0.000224669   0.0052221  -0.0030006   -0.0016961 -0.000757407  0.000139336 -0.0107268 0.00671023  0.0230122 -0.0124691  0.0180355   -9.80898 
               34.48 0.0581203 -0.285186   149.623   -2.29665   0.104194 -0.0554103 0 0 0 0 0 0 0.000626596  0.00550807 -0.00306178  -0.00169498 -0.000756883  0.000139249 -0.0106956 0.00670639  0.0229976 -0.0124482  0.0180211   -9.80898 
                34.5 0.0581516  -0.28516   149.623    -2.2966   0.104233 -0.0554089 0 0 0 0 0 0  0.00080056  0.00563533 -0.00299304  -0.00169388 -0.000756397   0.00013914 -0.0106694 0.00669251   0.022978 -0.0124346  0.0180015   -9.80898 
               34.52 0.0584067 -0.285382   149.623  -2.29656  0.104263 -0.055385 0 0 0 0 0 0 0.000813363  0.00569845 -0.00274739   -0.0016929 -0.000755769  0.000139039 -0.0106477 0.00667322  0.0229517 -0.0124262  0.0179797   -9.80898 
               34.54 0.0584564 -0.285379   149.623   -2.29653   0.104285 -0.0553644 0 0 0 0 0 0  0.00073707  0.00568908 -0.00256786  -0.00169181 -0.000755271  0.000138931 -0.0106278 0.00664968  0.0229279 -0.0124207  0.0179555   -9.80898 
               34.56 0.0584333 -0.285336   149.623   -2.29652     0.1043 -0.0553438 0 0 0 0 0 0 0.000607722  0.00564023 -0.00241638  -0.00169067 -0.000754797  0.000138845 -0.0106091 0.00662379  0.0229053 -0.0124168    0.01793   -9.80898 
               34.58 0.058417  -0.2853  149.623   -2.29651   0.104309 -0.0553251 0 0 0 0 0 0 0.000443642  0.00554786 -0.00230383  -0.00168954 -0.000754319  0.000138757 -0.0105907 0.00659575  0.0228842 -0.0124141  0.0179032   -9.80898 
                34.6 0.0585966 -0.285586   149.623   -2.29657   0.104257 -0.0553212 0 0 0 0 0 0 -0.000176298   0.00504976  -0.00232603  -0.00168852 -0.000753655  0.000138903 -0.0105804 0.00654467  0.0228683 -0.0124257   0.017863   -9.80898 
               34.62  0.058511 -0.285639   149.623   -2.29656   0.104269 -0.0552741 0 0 0 0 0 0 -0.000227326    0.0050604   -0.0019964  -0.00168735 -0.000753127  0.000138547 -0.0105603 0.00652259  0.0228389 -0.0124194  0.0178398   -9.80898 
               34.64 0.0584165 -0.286357   149.623  -2.29665  0.104211 -0.055209 0 0 0 0 0 0 -0.000941395   0.00459899  -0.00156241  -0.00168618 -0.000752215  0.000138738 -0.0105543 0.00647119  0.0228057 -0.0124341   0.017801   -9.80898 
               34.66 0.0582398   -0.2866   149.623   -2.29673    0.10417 -0.0551459 0 0 0 0 0 0 -0.00152729  0.00432637 -0.00121667  -0.00168496 -0.000751578  0.000138663 -0.0105475 0.00642901  0.0227758 -0.0124448  0.0177684   -9.80898 
               34.68 0.0584935 -0.286759   149.623   -2.29673    0.10417 -0.0550797 0 0 0 0 0 0  -0.00148105    0.0043385 -0.000911228 -0.00168399 -0.00075099 0.000138492 -0.0105242 0.00640912  0.0227474 -0.0124355  0.0177457   -9.80898 
                34.7 0.0584992 -0.286762   149.623   -2.29674    0.10418 -0.0550377 0 0 0 0 0 0 -0.00148551  0.00443524 -0.00085292  -0.00168287 -0.000750492  0.000138536 -0.0105044 0.00639124  0.0227285 -0.0124279  0.0177256   -9.80898 
               34.72 0.0584466 -0.286717   149.623   -2.29674   0.104186 -0.0550002 0 0 0 0 0 0  -0.00132448   0.00445862 -0.000844251  -0.00168173 -0.000750022  0.000138431 -0.0104774 0.00637406  0.0227115 -0.0124151  0.0177034   -9.80898 
               34.74 0.0584727 -0.286456   149.623   -2.29673   0.104186 -0.0549601 0 0 0 0 0 0  -0.00116937   0.00443689 -0.000814158  -0.00168063 -0.000749677  0.000138317 -0.0104497 0.00635524  0.0226936 -0.0124023  0.0176798   -9.80898 
               34.76 0.0596905  -0.28718   149.623   -2.29666   0.104256 -0.0549243 0 0 0 0 0 0 -0.00069318  0.00492784 -0.00082782  -0.00168022 -0.000748764  0.000138237  -0.010421 0.00636033  0.0226775  -0.01238 0.0176729  -9.80898 
               34.78 0.0604084 -0.284236   149.624   -2.29653    0.10438 -0.0547623 0 0 0 0 0 0 0.000166427   0.0057322 0.000197524  -0.00167952 -0.000749966  0.000137376 -0.0103848 0.00638358  0.0226216 -0.0123456   0.017676   -9.80898 
                34.8  0.058188 -0.286127   149.623   -2.29656   0.104333 -0.0547772 0 0 0 0 0 0 -0.000147238   0.00518704 -0.000390827  -0.00167712 -0.000748381  0.000137982 -0.0103634 0.00633764  0.0226275 -0.0123474  0.0176355   -9.80898 
               34.82 0.0635681 -0.289877   149.623   -2.29657   0.104358 -0.0547817 0 0 0 0 0 0 -0.000263686   0.00528692 -0.000797744  -0.00167911 -0.000745727  0.000137616 -0.0103482 0.00631725  0.0226265 -0.0123442  0.0176155   -9.80898 
               34.84 0.0623206 -0.289079   149.623   -2.29663   0.104309 -0.0547828 0 0 0 0 0 0 -0.000798284   0.00483522  -0.00110355  -0.00167728 -0.000745695  0.000137478 -0.0103368 0.00626991  0.0226217 -0.0123535  0.0175777   -9.80898 
               34.86 0.0638409 -0.290068   149.623   -2.29668   0.104284 -0.0548009 0 0 0 0 0 0  -0.0011656  0.00462452 -0.00150175  -0.00167705 -0.000744633  0.000137393 -0.0103244 0.00623404  0.0226204 -0.012358 0.0175477  -9.80898 
               34.88 0.0627521 -0.289689   149.623   -2.29679   0.104196 -0.0547444 0 0 0 0 0 0   -0.001834  0.00398175 -0.00121484  -0.00167531 -0.000744359  0.000137517 -0.0103142 0.00617766   0.022593 -0.0123714  0.0175041   -9.80898 
                34.9 0.0628593 -0.289609   149.623   -2.29681   0.104165 -0.0546963 0 0 0 0 0 0 -0.00184068  0.00380557 -0.00105373  -0.00167426 -0.000743914  0.000137335 -0.0102901 0.00615024  0.0225703 -0.0123644  0.0174758   -9.80898 
               34.92  0.062081 -0.289109   149.623   -2.29683   0.104143 -0.0546773 0 0 0 0 0 0 -0.00181144  0.00371918 -0.00115839   -0.0016727 -0.000743711  0.000137248 -0.0102664 0.00612677  0.0225578 -0.0123563  0.0174505   -9.80898 
               34.94 0.0620484 -0.289012   149.623   -2.29684   0.104129 -0.0546551 0 0 0 0 0 0 -0.00173718  0.00370483 -0.00121938  -0.00167157 -0.000743275   0.00013716 -0.0102425 0.00610672  0.0225436 -0.0123468  0.0174275   -9.80898 
               34.96 0.0624947 -0.289227   149.623   -2.29686   0.104112 -0.0546309 0 0 0 0 0 0 -0.00170958  0.00368051 -0.00125389  -0.00167072 -0.000742661  0.000137065 -0.0102202 0.00608541  0.0225284 -0.0123388  0.0174043   -9.80898 
               34.98 0.0625083 -0.289221   149.623   -2.29687   0.104102 -0.0546121 0 0 0 0 0 0 -0.00165499  0.00370863 -0.00132669  -0.00166962 -0.000742174  0.000136957  -0.010198 0.00606647  0.0225148 -0.0123301  0.0173828   -9.80898 
                  35 0.0626706 -0.289193   149.623   -2.29686   0.104092 -0.0545781 0 0 0 0 0 0 -0.00147905  0.00371262  -0.0012639 -0.00166861  -0.0007417 0.000136854 -0.0101713 0.00604905  0.0224959 -0.0123175  0.0173607   -9.80898 
               35.02  0.062641 -0.289378   149.623   -2.29688   0.104092 -0.0545403 0 0 0 0 0 0 -0.00149412   0.0038251 -0.00117621  -0.00166749 -0.000741104  0.000136809 -0.0101533 0.00603175  0.0224761 -0.0123111  0.0173418   -9.80898 
               35.04 0.0626589 -0.289348   149.623   -2.29687   0.104091 -0.0545043 0 0 0 0 0 0 -0.00132589  0.00388306  -0.0011205   -0.0016664 -0.000740631  0.000136731 -0.0101279 0.00601611  0.0224576 -0.012299 0.0173215  -9.80898 
               35.06 0.0627183 -0.289379   149.623   -2.29686   0.104083 -0.0544755 0 0 0 0 0 0 -0.00117859  0.00387453  -0.0011336  -0.00166533 -0.000740125  0.000136667 -0.0101021 0.00599783  0.0224417 -0.0122874  0.0172992   -9.80898 
               35.08 0.0623413 -0.288988   149.622   -2.29684   0.104088 -0.0544467 0 0 0 0 0 0 -0.000934453    0.0039675  -0.00114418  -0.00166401 -0.000739861  0.000136658 -0.0100749 0.00598496  0.0224256 -0.0122729  0.0172802   -9.80898 
                35.1 0.0623543 -0.288951   149.622   -2.29682   0.104091 -0.0544237 0 0 0 0 0 0 -0.000790044   0.00402929  -0.00119937  -0.00166291 -0.000739394  0.000136565 -0.0100506 0.00596916  0.0224114 -0.0122616  0.0172601   -9.80898 
               35.12 0.0623202 -0.289046   149.622   -2.29681   0.104095 -0.0543953 0 0 0 0 0 0 -0.00071969  0.00410805 -0.00119971  -0.00166179 -0.000738851  0.000136469 -0.0100292 0.00595257   0.022395 -0.0122526  0.0172406   -9.80898 
               35.14 0.0629532 -0.289431   149.623   -2.29683   0.104085 -0.0543736 0 0 0 0 0 0 -0.000828637   0.00407984  -0.00125224  -0.00166105 -0.000738142  0.000136306  -0.010012 0.00592887  0.0223807 -0.0122491  0.0172177   -9.80898 
               35.16 0.0629476 -0.289355   149.623   -2.29684   0.104078 -0.0543523 0 0 0 0 0 0 -0.000884606   0.00407528  -0.00130036  -0.00165995 -0.000737699  0.000136203 -0.00999341  0.00590704   0.0223663 -0.012244 0.0171955  -9.80898 
               35.18 0.0623374  -0.28894   149.622   -2.29684   0.104071 -0.0543364 0 0 0 0 0 0 -0.000881465   0.00406032  -0.00138508   -0.0016585 -0.000737451  0.000136218 -0.00997264  0.00588611   0.0223532 -0.0122371  0.0171732   -9.80898 
                35.2 0.0619368 -0.288626   149.622   -2.29687    0.10405 -0.0543312 0 0 0 0 0 0 -0.00111582  0.00396769 -0.00154092  -0.00165717 -0.000737145  0.000136112 -0.00995849  0.00585813   0.0223429 -0.0122373  0.0171484   -9.80898 
               35.22 0.0619552 -0.288768   149.622    -2.2969   0.104022 -0.0543259 0 0 0 0 0 0 -0.00125949  0.00381811 -0.00167102  -0.00165609 -0.000736577  0.000136066 -0.00994022     0.00583   0.0223316 -0.0122348   0.017122   -9.80898 
               35.24 0.0619382 -0.288537   149.622   -2.29692   0.103998 -0.0543066 0 0 0 0 0 0  -0.0013178  0.00371413 -0.00166496  -0.00165498 -0.000736224  0.000135971 -0.00991993  0.00580509   0.0223151 -0.0122296  0.0170971   -9.80898 
               35.26 0.0619674 -0.288466   149.622   -2.29693   0.103981 -0.0542859 0 0 0 0 0 0 -0.00132198  0.00367066 -0.00164925   -0.0016539 -0.000735779  0.000135883 -0.00989899  0.00578332   0.0222982 -0.0122228  0.0170742   -9.80898 
               35.28 0.0620781 -0.288619   149.622   -2.29694    0.10397 -0.0542781 0 0 0 0 0 0 -0.0013218 0.00368298 -0.0017417  -0.00165287 -0.000735205  0.000135778 -0.00987902  0.00576356   0.0222855 -0.012216 0.0170531  -9.80898 
                35.3 0.0621015 -0.288505   149.622   -2.29689   0.103996 -0.0542728 0 0 0 0 0 0 -0.000823744   0.00392211  -0.00184668  -0.00165179 -0.000734785  0.000135696 -0.00984645  0.00576094   0.0222732 -0.0121941  0.0170394   -9.80898 
               35.32 0.0619106 -0.290024   149.622   -2.29692   0.104015 -0.0542581 0 0 0 0 0 0 -0.00113372  0.00416788 -0.00184416  -0.00165059 -0.000733427  0.000135717 -0.00984172  0.00574334    0.022257 -0.0121972  0.0170254   -9.80898 
               35.34 0.0618477  -0.29001   149.622   -2.29695   0.104031 -0.0542437 0 0 0 0 0 0 -0.00127485  0.00432769 -0.00184724  -0.00164946 -0.000732952  0.000135606 -0.00982966  0.00572605    0.022241 -0.012195 0.0170089  -9.80898 
               35.36 0.0619076 -0.290306   149.622   -2.29697   0.104039 -0.0542439 0 0 0 0 0 0 -0.00136249  0.00439378  -0.0019708   -0.0016484 -0.000732298  0.000135521 -0.00981405  0.00570664   0.0222296 -0.0121911  0.0169896   -9.80898 
               35.38 0.0619483 -0.290176   149.622   -2.29697   0.104052 -0.0542322 0 0 0 0 0 0 -0.00130917  0.00446712  -0.0019779 -0.00164733 -0.00073189  0.00013551 -0.00979385  0.00569016   0.0222137 -0.012183 0.0169708  -9.80898 
                35.4 0.0619912 -0.290688   149.622   -2.29698   0.104064 -0.0542053 0 0 0 0 0 0 -0.00127659  0.00452418 -0.00185689  -0.00164627 -0.000731112  0.000135409 -0.00977418  0.00567278   0.0221929 -0.0121755  0.0169515   -9.80898 
               35.42 0.0620746 -0.290758   149.622   -2.29699   0.104068 -0.0541805 0 0 0 0 0 0 -0.00126145   0.0045098  -0.0017737  -0.00164523 -0.000730589  0.000135302 -0.0097538 0.00565269  0.0221737 -0.0121685    0.01693   -9.80898 
               35.44  0.062512 -0.291143   149.622   -2.29693   0.104098 -0.0541353 0 0 0 0 0 0 -0.00076929  0.00464051 -0.00154192  -0.00164439 -0.000729886  0.000135221 -0.00972016  0.00564643   0.0221487 -0.0121473  0.0169135   -9.80898 
               35.46 0.0623822 -0.291001   149.622   -2.29695   0.104088 -0.0540857 0 0 0 0 0 0 -0.000889318   0.00451262   -0.0013026  -0.00164323 -0.000729487  0.000135143 -0.00970236  0.00562001   0.0221236 -0.0121444  0.0168886   -9.80898 
               35.48 0.0623559  -0.29081   149.622   -2.29692   0.104095 -0.0540263 0 0 0 0 0 0 -0.00064397  0.00449518 -0.00102738  -0.00164212 -0.000729115  0.000135065 -0.00967436  0.00560422    0.022097 -0.0121305  0.0168674   -9.80898 
                35.5 0.0622644 -0.290763   149.622   -2.29691   0.104102 -0.0539941 0 0 0 0 0 0 -0.000540153   0.00449522  -0.00101905  -0.00164099 -0.000728661  0.000134969 -0.00965146  0.00558642   0.0220807 -0.012121 0.0168467  -9.80898 
               35.52 0.0622035 -0.291378   149.622   -2.29691   0.104111 -0.0539779 0 0 0 0 0 0 -0.000553532   0.00452104  -0.00114146  -0.00163986 -0.000727827  0.000134893 -0.00963309  0.00556734   0.0220693 -0.0121151  0.0168268   -9.80898 
               35.54 0.0622002 -0.291391   149.622   -2.29691   0.104117 -0.0539653 0 0 0 0 0 0 -0.000558821   0.00452342  -0.00127347 -0.00163878 -0.00072734 0.000134795 -0.00961407  0.00554767   0.0220583 -0.012109 0.0168062  -9.80898 
               35.56 0.0620324 -0.291365   149.622    -2.2969   0.104123 -0.0539457 0 0 0 0 0 0 -0.000524836   0.00451619  -0.00132575   -0.0016376 -0.000726876  0.000134705 -0.00959359  0.00552848   0.0220443 -0.0121016  0.0167854   -9.80898 
               35.58 0.0620328 -0.291344   149.622   -2.29689   0.104133 -0.0539298 0 0 0 0 0 0 -0.000526738    0.0045427  -0.00139966  -0.00163652 -0.000726409  0.000134594 -0.00957498  0.00550979   0.0220311 -0.0120954  0.0167657   -9.80898 
                35.6 0.0620034 -0.291231   149.622   -2.29693   0.104119 -0.0539149 0 0 0 0 0 0 -0.000819741   0.00440852  -0.00146471  -0.00163542 -0.000725995  0.000134468 -0.00956316  0.00548035   0.0220177 -0.0120979  0.0167409   -9.80898 
               35.62 0.0621275 -0.291404   149.621   -2.29697   0.104121 -0.0538993 0 0 0 0 0 0 -0.00107304  0.00442057 -0.00151316  -0.00163441 -0.000725417  0.000134479 -0.0095528 0.00545658  0.0220036 -0.0120992  0.0167207   -9.80898 
               35.64 0.0620695 -0.291286   149.622   -2.29699   0.104108 -0.0538899 0 0 0 0 0 0    -0.00116  0.00429268 -0.00160762  -0.00163329 -0.000725006  0.000134304 -0.00953425  0.00543129   0.0219913 -0.0120955  0.0166964   -9.80898 
               35.66  0.062124 -0.291427   149.621   -2.29701   0.104114 -0.0538731 0 0 0 0 0 0 -0.00125775  0.00432832 -0.00162433  -0.00163224 -0.000724447  0.000134315 -0.00951919  0.00541131    0.021976 -0.0120922  0.0166771   -9.80898 
               35.68 0.0621101 -0.291445   149.621   -2.29702   0.104116 -0.0538598 0 0 0 0 0 0 -0.00128073  0.00432525  -0.0016686 -0.00163116 -0.00072396 0.000134207 -0.00950093  0.00539148   0.0219618 -0.0120867  0.0166568   -9.80898 
                35.7 0.062299 -0.29154  149.621   -2.29696   0.104142 -0.0538432 0 0 0 0 0 0 -0.000720767   0.00442962  -0.00168545  -0.00163019 -0.000723428  0.000134086 -0.00946527  0.00538608   0.0219465 -0.0120639  0.0166402   -9.80898 
               35.72 0.0621768 -0.291502   149.621  -2.29691  0.104163 -0.053824 0 0 0 0 0 0 -0.000336277   0.00450707  -0.00167605  -0.00162904 -0.000722973  0.000134005 -0.00943505  0.00537655   0.0219302 -0.0120463  0.0166227   -9.80898 
               35.74 0.0620838 -0.291428   149.621  -2.29687  0.104181 -0.053804 0 0 0 0 0 0 -0.000111541   0.00456413  -0.00165871  -0.00162791 -0.000722539  0.000133929 -0.00940982  0.00536342   0.0219136 -0.0120336  0.0166045   -9.80898 
               35.76 0.0621161 -0.291336   149.621   -2.29691   0.104161 -0.0537913 0 0 0 0 0 0 -0.000448488   0.00438162  -0.00169579  -0.00162685 -0.000722116  0.000133847 -0.00939889  0.00533194   0.0218992 -0.0120373  0.0165788   -9.80898 
               35.78 0.0621298 -0.291885   149.621   -2.29688   0.104183 -0.0537603 0 0 0 0 0 0 -0.000258216   0.00449354  -0.00158334  -0.00162578 -0.000721324  0.000133738  -0.009376 0.00532006  0.0218791 -0.0120257  0.0165623   -9.80898 
                35.8 0.0622872 -0.292011   149.621  -2.29692  0.104165 -0.053741 0 0 0 0 0 0 -0.000663469   0.00434343  -0.00157663   -0.0016248 -0.000720777  0.000133641 -0.0093681 0.00528849  0.0218631 -0.0120316  0.0165376   -9.80898 
               35.82 0.0622085 -0.292173   149.621   -2.29696   0.104156 -0.0537203 0 0 0 0 0 0 -0.000953204   0.00426837  -0.00156125  -0.00162368 -0.000720209  0.000133517 -0.00935779  0.00526161   0.0218468 -0.0120341  0.0165154   -9.80898 
               35.84 0.0623626 -0.291876   149.621   -2.29698   0.104145 -0.0536912 0 0 0 0 0 0 -0.00108499  0.00417805 -0.00148019  -0.00162269 -0.000719905  0.000133541 -0.00934195  0.00523719    0.021828 -0.0120319  0.0164928   -9.80898 
               35.86  0.062223 -0.291962   149.621     -2.297   0.104137 -0.0536663 0 0 0 0 0 0 -0.00116705  0.00410905 -0.00144832  -0.00162154 -0.000719381  0.000133403 -0.00932489  0.00521446   0.0218111 -0.0120282   0.016471   -9.80898 
               35.88 0.0622356 -0.291985   149.621   -2.29702   0.104127 -0.0536471 0 0 0 0 0 0  -0.0011883  0.00403464 -0.00146865  -0.00162048 -0.000718894  0.000133314 -0.00930575  0.00519273   0.0217961 -0.0120228  0.0164491   -9.80898 
                35.9 0.0622618 -0.291975   149.621   -2.29703   0.104117 -0.0536297 0 0 0 0 0 0 -0.00120308  0.00396397 -0.00150089  -0.00161942 -0.000718426  0.000133227 -0.0092865 0.00517128  0.0217816 -0.0120172  0.0164274   -9.80898 
               35.92 0.0622099 -0.291725   149.621     -2.297   0.104143 -0.0536187 0 0 0 0 0 0 -0.000867552   0.00415096  -0.00158459  -0.00161832 -0.000718097  0.000133069 -0.00926042  0.00516484    0.021769 -0.0120015  0.0164136   -9.80898 
               35.94 0.0620299 -0.291724   149.621   -2.29701    0.10413 -0.0536011 0 0 0 0 0 0 -0.000939205    0.0040454  -0.00159442  -0.00161715 -0.000717624  0.000133096 -0.00924247   0.0051413   0.0217537 -0.0119976   0.016391   -9.80898 
               35.96 0.0620989 -0.291548   149.621   -2.29702   0.104115 -0.0535925 0 0 0 0 0 0 -0.000955611   0.00392768  -0.00167723  -0.00161612 -0.000717253  0.000133033 -0.00922248  0.00511842   0.0217411 -0.011992 0.0163681  -9.80898 
               35.98 0.0620038 -0.291458   149.621   -2.29696   0.104138 -0.0535853 0 0 0 0 0 0 -0.000461466   0.00406839  -0.00176471    -0.001615 -0.000716832  0.000132923 -0.00919042  0.00511349   0.0217286 -0.0119717  0.0163532   -9.80898 
                  36 0.0622869 -0.290379   149.621   -2.29691   0.104148 -0.0535997 0 0 0 0 0 0 -8.93975e-05   0.00410918  -0.00201522  -0.00161409 -0.000716979  0.000132775 -0.00916046    0.005103   0.0217223 -0.0119549  0.0163352   -9.80898 
               36.02 0.0622904 -0.290033   149.621  -2.29693  0.104128 -0.053646 0 0 0 0 0 0 -0.00030526  0.00396564 -0.00247884  -0.00161303 -0.000716706  0.000132661 -0.00914648   0.0050757   0.0217242 -0.0119551  0.0163115   -9.80898 
               36.04 0.0621626 -0.289815   149.621   -2.29687   0.104159 -0.0536726 0 0 0 0 0 0 4.48753e-05  0.00418568 -0.00271102  -0.00161189 -0.000716359  0.000132406 -0.00912057  0.00507078   0.0217172 -0.011939 0.0162988  -9.80898 
               36.06 0.0621547 -0.289815   149.621   -2.29683   0.104186 -0.0536836 0 0 0 0 0 0 0.000227817  0.00435544 -0.00277386  -0.00161082 -0.000715887  0.000132321 -0.00909932  0.00506117   0.0217039 -0.0119278  0.0162846   -9.80898 
               36.08 0.0621283 -0.289806   149.621    -2.2968   0.104209 -0.0536874 0 0 0 0 0 0 0.000323413  0.00448598  -0.0027647  -0.00160974 -0.000715421  0.000132236 -0.00908028  0.00504869    0.021688 -0.0119192  0.0162693   -9.80898 
                36.1 0.0621508 -0.289862   149.621   -2.29677   0.104228 -0.0536835 0 0 0 0 0 0 0.000372741  0.00455893 -0.00269305  -0.00160869 -0.000714918  0.000132187 -0.00906175  0.00503351   0.0216696 -0.0119119  0.0162522   -9.80898 
               36.12 0.0635206  -0.28965   149.622   -2.29671   0.104272 -0.0537088 0 0 0 0 0 0 0.000640208  0.00480036 -0.00287703  -0.00160842 -0.000714569  0.000131857 -0.00903914  0.00502768   0.0216609 -0.0118984  0.0162402   -9.80898 
               36.14 0.0631164 -0.289659   149.622   -2.29667    0.10431 -0.0537178 0 0 0 0 0 0  0.00072785  0.00497454 -0.00289334  -0.00160712 -0.000714093  0.000131783 -0.00902126  0.00501644    0.021646 -0.0118902  0.0162261   -9.80898 
               36.16 0.0634057 -0.289947   149.622   -2.29664   0.104341 -0.0536974 0 0 0 0 0 0 0.000731199  0.00507997 -0.00266308  -0.00160623 -0.000713458  0.000131642 -0.009005 0.0050014 0.0216218 -0.0118843    0.01621   -9.80898 
               36.18 0.0625852 -0.288881   149.621   -2.29657   0.104383 -0.0536853 0 0 0 0 0 0  0.00104777  0.00520664 -0.00254272   -0.0016047 -0.000713599  0.000131725 -0.00897875  0.00499289   0.0216016 -0.0118694  0.0161948   -9.80898 
                36.2 0.0627022 -0.288445   149.621   -2.29652   0.104411 -0.0536842 0 0 0 0 0 0  0.00118027  0.00523172 -0.00253084  -0.0016037 -0.00071338 0.000131667 -0.00895666  0.00497772   0.0215856 -0.0118596  0.0161766   -9.80898 
               36.22 0.0627162 -0.288327   149.621   -2.29648   0.104433 -0.0536792 0 0 0 0 0 0  0.00116032  0.00522329 -0.00248518  -0.00160265 -0.000712978  0.000131568 -0.00893897  0.00495872   0.0215684 -0.0118543  0.0161573   -9.80898 
               36.24 0.0621254 -0.287681   149.621   -2.29637   0.104512 -0.0536729 0 0 0 0 0 0  0.00164626  0.00560307 -0.00244378  -0.00160125 -0.000712879  0.000131475 -0.00891179  0.00496168   0.0215513 -0.0118346  0.0161496   -9.80898 
               36.26 0.0622321 -0.287694   149.621   -2.29634   0.104536 -0.0536579 0 0 0 0 0 0  0.00156069  0.00555907 -0.00232893  -0.00160026 -0.000712402  0.000131539 -0.00889561  0.00494043   0.0215315 -0.0118311  0.0161294   -9.80898 
               36.28 0.0622509 -0.287667   149.621   -2.29632   0.104551 -0.0536418 0 0 0 0 0 0  0.00139467  0.00545792 -0.00222327  -0.00159921 -0.000711949  0.000131461 -0.00888104  0.00491591   0.0215121 -0.0118298  0.0161074   -9.80898 
                36.3 0.0620816 -0.287482   149.621    -2.2963   0.104566 -0.0536185 0 0 0 0 0 0  0.00123149  0.00537126 -0.00207468  -0.00159806 -0.000711587  0.000131361 -0.00886666  0.00489198   0.0214911 -0.0118284   0.016086   -9.80898 
               36.32     0.062 -0.287535    149.62   -2.29635   0.104503 -0.0535897 0 0 0 0 0 0 0.000550666  0.00475063  -0.0018989  -0.00159696 -0.000711088    0.0001317 -0.00885947  0.00484139   0.0214692 -0.0118415   0.016049   -9.80898 
               36.34 0.0623152 -0.287635    149.62   -2.29647   0.104391 -0.0535547 0 0 0 0 0 0 -0.000474509   0.00388056  -0.00169634  -0.00159608 -0.000710563  0.000131603 -0.00885898  0.00477653   0.0214464 -0.0118641  0.0160046   -9.80898 
               36.36 0.0627196 -0.287913    149.62   -2.29647   0.104374 -0.0535082 0 0 0 0 0 0 -0.000506003   0.00376698  -0.00144385  -0.00159526 -0.000709936  0.000131366 -0.00883996  0.00475427   0.0214215 -0.011859 0.0159827  -9.80898 
               36.38 0.0627335 -0.287864    149.62   -2.29654   0.104328 -0.0534697 0 0 0 0 0 0 -0.00103513  0.00350762 -0.00129257  -0.00159422 -0.000709497   0.00013129 -0.00883448  0.00471834   0.0214006 -0.0118679  0.0159563   -9.80898 
                36.4 0.0628151 -0.287942    149.62   -2.29655   0.104307 -0.0534344 0 0 0 0 0 0  -0.0010634  0.00342802 -0.00119952  -0.00159321 -0.000708986  0.000131213 -0.00881602  0.00469735   0.0213817 -0.0118628  0.0159354   -9.80898 
               36.42 0.0628335   -0.2879    149.62   -2.29653    0.10432 -0.0534029 0 0 0 0 0 0 -0.000876355   0.00359169  -0.00115465  -0.00159217 -0.000708543  0.000131171  -0.008795 0.00468816  0.0213647 -0.0118517  0.0159217   -9.80898 
               36.44 0.0630633 -0.288158    149.62   -2.29646    0.10436 -0.0533661 0 0 0 0 0 0 -0.000285295   0.00390352  -0.00107894  -0.00159125 -0.000707929  0.000131382 -0.00876366  0.00469104   0.0213465 -0.0118293  0.0159126   -9.80898 
               36.46 0.0630452 -0.288018    149.62  -2.29639  0.104393 -0.053334 0 0 0 0 0 0 0.000114369  0.00412508 -0.00105102  -0.00159019 -0.000707543   0.00013132 -0.00873692  0.00468755   0.0213301 -0.0118124  0.0159008   -9.80898 
               36.48  0.063056 -0.288143   149.619   -2.29636   0.104426 -0.0533192 0 0 0 0 0 0 0.000198952  0.00435537 -0.00116608  -0.00158914 -0.000707005  0.000131489 -0.00872058  0.00467868   0.0213191 -0.0118044   0.015889   -9.80898 
                36.5 0.0630025 -0.288112   149.619   -2.29634   0.104452 -0.0533081 0 0 0 0 0 0 0.000222929  0.00450023 -0.00129134  -0.00158806 -0.000706558  0.000131386 -0.00870469  0.00466598   0.0213086 -0.0117981  0.0158747   -9.80898 
               36.52 0.0622008 -0.287773    149.62   -2.29629   0.104476 -0.0533209 0 0 0 0 0 0 0.000429282  0.00457722 -0.00159613  -0.00158656 -0.000706288  0.000131001 -0.00868164  0.00465452   0.0213047 -0.0117865  0.0158588   -9.80898 
               36.54 0.0621778 -0.288156    149.62    -2.2963   0.104482 -0.0533262 0 0 0 0 0 0 0.000183124  0.00455823 -0.00178223   -0.0015855 -0.000705604  0.000130898 -0.00867158  0.00463185   0.0212965 -0.0117877  0.0158399   -9.80898 
               36.56  0.061931 -0.287746    149.62   -2.29631   0.104486 -0.0533531 0 0 0 0 0 0 -3.27301e-05   0.00451912  -0.00211601  -0.00158431 -0.000705375  0.000130819 -0.00866013  0.00460916   0.0212938 -0.011788 0.0158205  -9.80898 
               36.58 0.0627495 -0.288614   149.619   -2.29629   0.104516 -0.0532922 0 0 0 0 0 0 2.18981e-05  0.00466724 -0.00167359  -0.00158373 -0.000704413  0.000130956 -0.00864359  0.00459727    0.021262 -0.0117809  0.0158066   -9.80898 
                36.6 0.0629996 -0.289002   149.619   -2.29624   0.104553 -0.0532133 0 0 0 0 0 0 0.000276007   0.0048114 -0.00115821  -0.00158283 -0.000703727  0.000130873 -0.00862064  0.00458883   0.0212275 -0.0117682  0.0157928   -9.80898 
               36.62 0.0632439 -0.288994   149.619   -2.29623   0.104565 -0.0531375 0 0 0 0 0 0  0.000201193    0.0047818 -0.000747855  -0.00158193 -0.000703269  0.000130849 -0.00860518  0.00456891    0.021197 -0.0117647  0.0157739   -9.80898 
               36.64 0.0632312 -0.288947   149.619   -2.29622   0.104568 -0.0530804 0 0 0 0 0 0 0.000145418  0.00468374 -0.00055939  -0.00158088 -0.000702833  0.000130661 -0.00858788  0.00454718   0.0211748 -0.0117606  0.0157531   -9.80898 
               36.66 0.0630718 -0.288829   149.619   -2.29623   0.104563 -0.0530292 0 0 0 0 0 0 -6.05823e-06   0.00454346 -0.000449183  -0.00157974 -0.000702439  0.000130544 -0.0085729 0.00452244  0.0211555 -0.0117592  0.0157311   -9.80898 
               36.68 0.0630011 -0.288785   149.619   -2.29623   0.104557 -0.0529823 0 0 0 0 0 0 -0.000143167   0.00441615 -0.000392563  -0.00157866 -0.000702002  0.000130436 -0.00855771  0.00449845   0.0211383 -0.0117573  0.0157095   -9.80898 
                36.7  0.062808 -0.289224   149.619   -2.29625   0.104562 -0.0529477 0 0 0 0 0 0 -0.000336583   0.00440472 -0.000446081  -0.00157751 -0.000701289  0.000130324 -0.00854648  0.00447723   0.0211253 -0.0117572  0.0156913   -9.80898 
               36.72 0.0628128 -0.289232   149.619   -2.29626   0.104564 -0.0529233 0 0 0 0 0 0 -0.000471731   0.00436465 -0.000574299  -0.00157647 -0.000700823  0.000130231 -0.00853287   0.0044561    0.021115 -0.0117554  0.0156722   -9.80898 
               36.74 0.0626817  -0.28916   149.619   -2.29627   0.104587 -0.0529098 0 0 0 0 0 0 -0.000620023   0.00449183 -0.000771678  -0.00157536 -0.000700404  0.000130403 -0.00852268  0.00444022   0.0211074 -0.0117541   0.015658   -9.80898 
               36.76 0.0627365 -0.289269   149.619   -2.29625   0.104625 -0.0528976 0 0 0 0 0 0 -0.000503555   0.00467868 -0.000949398  -0.00157435 -0.000699881  0.000130303 -0.00850513  0.00443109   0.0210989 -0.0117455  0.0156456   -9.80898 
               36.78 0.0627396 -0.289278   149.619   -2.29624   0.104649 -0.0528818 0 0 0 0 0 0 -0.000417955   0.00473293    -0.001069  -0.00157331 -0.000699415  0.000130192 -0.00848631  0.00441719   0.0210883 -0.0117377  0.0156297   -9.80898 
                36.8  0.062715 -0.289261   149.619   -2.29623   0.104669 -0.0528714 0 0 0 0 0 0 -0.000366066   0.00475593  -0.00121212  -0.00157226 -0.000698966  0.000130192 -0.00846797  0.00440164   0.0210786 -0.0117308  0.0156128   -9.80898 
               36.82 0.0621761 -0.289146   149.619   -2.29621   0.104683 -0.0528468 0 0 0 0 0 0 -0.000265646   0.00471357  -0.00121544  -0.00157092 -0.000698572  0.000130065 -0.00844696  0.00438497   0.0210637 -0.0117225  0.0155942   -9.80898 
               36.84 0.0622601 -0.289205   149.618    -2.2962   0.104709 -0.0528223 0 0 0 0 0 0 -0.00027699  0.00478662 -0.00121662  -0.00156993 -0.000698079  0.000130186 -0.00843168  0.00437009   0.0210487 -0.0117174  0.0155788   -9.80898 
               36.86 0.0621067 -0.289414   149.619   -2.29618   0.104709 -0.0528136 0 0 0 0 0 0 -0.000180251   0.00462796  -0.00134997 -0.00156881  -0.0006975 0.000129904 -0.00840881  0.00434973   0.0210387 -0.0117091  0.0155571   -9.80898 
               36.88 0.0620085 -0.289338   149.619   -2.29621   0.104689 -0.0528147 0 0 0 0 0 0 -0.000429331    0.0043764  -0.00153698  -0.00156772 -0.000697085  0.000129809 -0.00839533  0.00432034   0.0210307 -0.0117104  0.0155327   -9.80898 
                36.9 0.0620061 -0.289282   149.619  -2.29624  0.104675 -0.052811 0 0 0 0 0 0 -0.000668203   0.00421267  -0.00165282 -0.00156668 -0.00069666 0.000129673 -0.00838312  0.00429397   0.0210201 -0.0117114  0.0155107   -9.80898 
               36.92 0.0639713 -0.290366    149.62   -2.29626   0.104609 -0.0529357 0 0 0 0 0 0 -0.000783105   0.00364593  -0.00281298  -0.00156678 -0.000695582  0.000129097 -0.00835981  0.00425684   0.0210484 -0.0117089  0.0154777   -9.80898 
               36.94 0.0640416 -0.290187   149.619   -2.29625   0.104662 -0.0530526 0 0 0 0 0 0 -0.000657483   0.00408317  -0.00371803  -0.00156578 -0.000695227  0.000129397 -0.00834675  0.00425588   0.0210671 -0.0117006  0.0154725   -9.80898 
               36.96 0.0639996 -0.290153   149.619   -2.29619   0.104689 -0.0531336 0 0 0 0 0 0 -0.000222945   0.00421072  -0.00418247  -0.00156473 -0.000694789  0.000129408 -0.00831847  0.00425058   0.0210694 -0.0116835   0.015459   -9.80898 
               36.98 0.0639821 -0.290198   149.619   -2.29616    0.10469 -0.0531864 0 0 0 0 0 0 -5.81301e-05   0.00413758   -0.0043343  -0.00156368 -0.000694307  0.000129415 -0.00829529  0.00423415     0.02106 -0.0116737  0.0154399   -9.80898 
                  37 0.0654884 -0.290874   149.619   -2.29612   0.104658 -0.0531999 0 0 0 0 0 0 0.000188278  0.00382043 -0.00413765  -0.00156352 -0.000693464  0.000128945 -0.00826529  0.00421128   0.0210376 -0.0116616  0.0154142   -9.80898 
               37.02 0.0654941 -0.291241   149.619   -2.29612   0.104651 -0.0531817 0 0 0 0 0 0 7.57496e-05  0.00378474 -0.00370553  -0.00156249 -0.000692798  0.000129052 -0.0082518 0.00419101  0.0210066 -0.0116595  0.0153959   -9.80898 
               37.04 0.0656247 -0.291078   149.619    -2.2961   0.104663 -0.0531716 0 0 0 0 0 0 9.70599e-05   0.0038894 -0.00341258  -0.00156153 -0.000692436  0.000128871 -0.00823663  0.00417757   0.0209807 -0.011654 0.0153816  -9.80898 
               37.06  0.065616 -0.290893   149.619   -2.29609   0.104673 -0.0531452 0 0 0 0 0 0  0.00011515  0.00396773 -0.00303329   -0.0015605 -0.000692087   0.00012879 -0.00822112  0.00416327   0.0209517 -0.0116485  0.0153667   -9.80898 
               37.08 0.0655148 -0.290786   149.619   -2.29604   0.104691 -0.0531104 0 0 0 0 0 0 0.000341063   0.0040667 -0.00264895  -0.00155942 -0.000691694  0.000128553 -0.00819942  0.00415333   0.0209225 -0.0116374  0.0153525   -9.80898 
                37.1  0.065602 -0.290935   149.619   -2.29606   0.104703 -0.0530806 0 0 0 0 0 0 4.40424e-05  0.00416948 -0.00236216  -0.00155844 -0.000691154  0.000128413 -0.00819436   0.0041343    0.020897 -0.0116406   0.015338   -9.80898 
               37.12 0.0656416 -0.290943   149.619   -2.29608   0.104709 -0.0530488 0 0 0 0 0 0 -0.000190153   0.00419813  -0.00210703  -0.00155743 -0.000690695  0.000128311 -0.00818602  0.00411408   0.0208727 -0.011642 0.0153216  -9.80898 
               37.14 0.0656419 -0.290935   149.619   -2.29609   0.104713 -0.0530226 0 0 0 0 0 0 -0.000350407   0.00419488  -0.00194028  -0.00155641 -0.000690247  0.000128208 -0.00817478   0.0040942   0.0208517 -0.0116414  0.0153044   -9.80898 
               37.16 0.0658352 -0.291262   149.619  -2.29619  0.104642 -0.053006 0 0 0 0 0 0 -0.00112034  0.00367795 -0.00187328  -0.00155549 -0.000689606  0.000128364 -0.00817377  0.00404745   0.0208346 -0.0116569  0.0152729   -9.80898 
               37.18 0.0658672 -0.291304   149.619   -2.29627   0.104576 -0.0529908 0 0 0 0 0 0 -0.00159269  0.00323493  -0.0018322  -0.00155449 -0.000689129  0.000128201 -0.00816469  0.00400835   0.0208183 -0.0116644  0.0152437   -9.80898 
                37.2 0.0658224 -0.291291   149.619    -2.2963   0.104552 -0.0529625 0 0 0 0 0 0 -0.00166861  0.00315284 -0.00169422  -0.00155344 -0.000688684  0.000128102 -0.0081495 0.00398763  0.0207984 -0.0116614  0.0152247   -9.80898 
               37.22 0.0658357 -0.291612   149.619   -2.29626   0.104568 -0.0529152 0 0 0 0 0 0 -0.00121379  0.00332483 -0.00142785  -0.00155242 -0.000688048  0.000128077 -0.00812216  0.00398424   0.0207737 -0.0116444  0.0152129   -9.80898 
               37.24 0.0659733 -0.291631   149.619   -2.29633   0.104518 -0.0528813 0 0 0 0 0 0 -0.00159936   0.0030606 -0.00130526  -0.00155148 -0.000687585  0.000128013 -0.00811363  0.00395241   0.0207545 -0.0116497  0.0151888   -9.80898 
               37.26 0.0660342 -0.291437   149.619   -2.29632   0.104449 -0.0528157 0 0 0 0 0 0  -0.00134182   0.00259582 -0.000950316  -0.00155049 -0.000687245  0.000127732 -0.00808139  0.00392562   0.0207265 -0.0116375  0.0151598   -9.80898 
               37.28  0.066646 -0.291048   149.619   -2.29632   0.104394 -0.0527481 0 0 0 0 0 0  -0.00116155   0.00233637 -0.000634374  -0.00154982 -0.000687016  0.000127796 -0.00805518  0.00390389      0.0207 -0.0116276  0.0151363   -9.80898 
                37.3 0.0667021  -0.29117   149.619   -2.29632   0.104359 -0.0526921 0 0 0 0 0 0    -0.001062   0.00227536 -0.000465415  -0.00154883 -0.000686495  0.000127728 -0.00803504  0.00388699   0.0206791  -0.01162 0.0151181  -9.80898 
               37.32   0.06667 -0.291019   149.619   -2.29632   0.104337 -0.0526511 0 0 0 0 0 0  -0.00101359    0.0023408 -0.000446355  -0.00154779 -0.000686131  0.000127647 -0.00801872  0.00387321   0.0206637 -0.0116139  0.0151033   -9.80898 
               37.34 0.0666102 -0.290838   149.619   -2.29632   0.104339 -0.0526258 0 0 0 0 0 0  -0.00101948   0.00258376 -0.000558959  -0.00154674 -0.000685783  0.000127707 -0.0080072 0.00386406  0.0206533 -0.0116094  0.0150933   -9.80898 
               37.36 0.0666825  -0.29068   149.619   -2.29632   0.104341 -0.0525985 0 0 0 0 0 0 -0.000979223   0.00279164 -0.000636919  -0.00154576 -0.000685424  0.000127614 -0.00799362  0.00385463   0.0206416 -0.0116036  0.0150823   -9.80898 
               37.38 0.0650159 -0.288439   149.618   -2.29623   0.104415 -0.0524222 0 0 0 0 0 0 -0.00029207  0.00345229 0.000522398  -0.00154379 -0.000686255  0.000127997 -0.00796766  0.00387082   0.0205838 -0.0115807  0.0150841   -9.80898 
                37.4 0.0762417 -0.296035   149.619   -2.29641   0.104318 -0.0524708 0 0 0 0 0 0 -0.00162977  0.00292728 -0.00034432  -0.0015492 -0.00068146 0.000127314 -0.00798499  0.00381336   0.0206017 -0.0116121   0.015052   -9.80898 
               37.42 0.0733173 -0.295301   149.619   -2.29647   0.104317 -0.0523246 0 0 0 0 0 0 -0.00196558  0.00311965  0.00053077   -0.0015465 -0.000681432  0.000127269 -0.00798368  0.00379616   0.0205547 -0.011617 0.0150402  -9.80898 
               37.44 0.0732262 -0.295121   149.619    -2.2965   0.104323 -0.0522089 0 0 0 0 0 0 -0.00197983  0.00328555  0.00100618  -0.00154543 -0.000681088  0.000127161 -0.00797179  0.00378379   0.0205226 -0.0116133  0.0150279   -9.80898 
               37.46 0.073119 -0.29501  149.619    -2.2965   0.104344 -0.0521334 0 0 0 0 0 0 -0.00176194  0.00351694  0.00106803  -0.00154435 -0.000680704     0.000127 -0.00795374  0.00377754   0.0205057 -0.0116035  0.0150175   -9.80898 
               37.48 0.0733047 -0.295096   149.619   -2.29654   0.104326 -0.0520953 0 0 0 0 0 0 -0.00180156  0.00343916 0.000813423  -0.00154344 -0.000680209  0.000126893 -0.00793833   0.0037572   0.0205007 -0.0116003  0.0149988   -9.80898 
                37.5 0.0732983 -0.295098   149.619   -2.29657   0.104295 -0.0520695 0 0 0 0 0 0 -0.00185617  0.00326718 0.000500565  -0.00154242 -0.000679761  0.000126851 -0.00792177   0.0037337   0.0204978 -0.0115975  0.0149776   -9.80898 
               37.52 0.0731236 -0.294948   149.619   -2.29656   0.104307 -0.0520417 0 0 0 0 0 0  -0.0015456  0.00340899 0.000251219 -0.00154131  -0.0006794 0.000126757 -0.00789932  0.00372637   0.0204925 -0.0115852   0.014965   -9.80898 
               37.54 0.0734446 -0.294869   149.618    -2.2967   0.104175 -0.0520401 0 0 0 0 0 0  -0.00231089   0.00253031 -0.000161466 -0.00154047   -0.000679 0.000127296 -0.00789261  0.00366865   0.0204934 -0.0116007  0.0149247   -9.80898 
               37.56 0.0732774 -0.294803   149.618   -2.29676   0.104105 -0.0520288 0 0 0 0 0 0  -0.00248528   0.00220653 -0.000432872  -0.00153937 -0.000678592  0.000127183 -0.0078772 0.00363853   0.020489 -0.0116009  0.0148995   -9.80898 
               37.58 0.0733527 -0.294828   149.618   -2.29681   0.104052 -0.0520218 0 0 0 0 0 0    -0.002501    0.0020488 -0.000696579   -0.0015384 -0.000678132  0.000127104 -0.00785977  0.00361636   0.0204843 -0.0115971  0.0148789   -9.80898 
                37.6 0.0734111 -0.294794   149.618   -2.29685   0.104018 -0.0520132 0 0 0 0 0 0  -0.00247321   0.00205853 -0.000902642  -0.00153742 -0.000677707  0.000127095 -0.00784394  0.00360017   0.0204775 -0.0115922  0.0148628   -9.80898 
               37.62 0.0724862 -0.294185   149.619   -2.29687   0.103947 -0.0520346 0 0 0 0 0 0 -0.00231331  0.00175121 -0.00132543  -0.00153588 -0.000677612   0.00012637 -0.00781843  0.00357659   0.0204786 -0.0115835  0.0148386   -9.80898 
               37.64 0.0725325 -0.294542   149.619   -2.29694   0.103885 -0.0520342 0 0 0 0 0 0 -0.0025258 0.00161092 -0.0014939  -0.00153489 -0.000676963  0.000126331 -0.00780749  0.00355177   0.0204704 -0.0115849  0.0148185   -9.80898 
               37.66 0.0727421  -0.29427   149.619   -2.29698   0.103845 -0.0520209 0 0 0 0 0 0 -0.00255533  0.00164448 -0.00152886    -0.001534 -0.000676674  0.000126217 -0.0077939 0.00353552  0.0204573 -0.0115815  0.0148032   -9.80898 
               37.68 0.0727743 -0.294678   149.619   -2.29702   0.103822 -0.0520282 0 0 0 0 0 0 -0.00253974  0.00179961  -0.0017283  -0.00153301 -0.000675997  0.000126148 -0.00778107  0.00352383   0.0204502 -0.0115771  0.0147911   -9.80898 
                37.7 0.0727928 -0.294681   149.619   -2.29698   0.103839 -0.0520364 0 0 0 0 0 0 -0.00194152  0.00218064 -0.00190946  -0.00153202 -0.000675551  0.000126044 -0.00775415   0.0035292   0.0204424 -0.0115575  0.0147854   -9.80898 
               37.72 0.0724405 -0.294123   149.619   -2.29698   0.103838 -0.0520679 0 0 0 0 0 0 -0.00174196  0.00240021 -0.00224788  -0.00153081 -0.000675427  0.000125937 -0.00773673  0.00352274   0.0204405 -0.0115483  0.0147752   -9.80898 
               37.74 0.0723046 -0.293888   149.619  -2.29691  0.103902 -0.052081 0 0 0 0 0 0 -0.00101324  0.00303863 -0.00238403  -0.00152972 -0.000675119  0.000125602 -0.00771022  0.00353835    0.020431 -0.0115256  0.0147764   -9.80898 
               37.76 0.0725001 -0.293945   149.619   -2.29688   0.103921 -0.0520916 0 0 0 0 0 0 -0.000740583   0.00327208  -0.00247278  -0.00152883 -0.000674643  0.000125485 -0.00769087  0.00353357   0.0204199 -0.0115145  0.0147666   -9.80898 
               37.78 0.0724552 -0.293957   149.619  -2.29686  0.103938 -0.052092 0 0 0 0 0 0 -0.000540863   0.00346605  -0.00246144   -0.0015278 -0.000674194  0.000125396 -0.00767314  0.00352632   0.0204051 -0.0115054  0.0147558   -9.80898 
                37.8 0.0724748 -0.293959   149.619   -2.29684   0.103954 -0.0520875 0 0 0 0 0 0 -0.00039627  0.00361957 -0.00241004 -0.00152681 -0.00067375 0.000125312 -0.00765646   0.0035169   0.0203888 -0.0114976  0.0147439   -9.80898 
               37.82 0.0725703 -0.294031   149.619   -2.29682   0.103967 -0.0520778 0 0 0 0 0 0 -0.000313607   0.00374177  -0.00232363  -0.00152586 -0.000673267  0.000125219 -0.00764119  0.00350545   0.0203712 -0.0114915  0.0147312   -9.80898 
               37.84 0.0724293 -0.294156   149.619   -2.29681   0.103976 -0.0520621 0 0 0 0 0 0 -0.000246957   0.00381622  -0.00220128  -0.00152477 -0.000672754  0.000125156 -0.00762564  0.00349229   0.0203524 -0.0114858  0.0147173   -9.80898 
               37.86 0.0723935 -0.294067   149.619    -2.2968   0.103983 -0.0520376 0 0 0 0 0 0 -0.000185456   0.00385212  -0.00202663  -0.00152375 -0.000672363   0.00012507 -0.00760961   0.0034779   0.0203316 -0.0114802  0.0147025   -9.80898 
               37.88  0.073382 -0.294519   149.619   -2.29685   0.103927 -0.0519887 0 0 0 0 0 0 -0.000593286   0.00345195  -0.00167286  -0.00152331 -0.000671664  0.000125191 -0.00760063  0.00344196   0.0203043 -0.0114865  0.0146759   -9.80898 
                37.9 0.0741455 -0.295057   149.618   -2.29688   0.103901 -0.0519462 0 0 0 0 0 0 -0.000776436   0.00332851  -0.00143281  -0.00152274 -0.000670916   0.00012518 -0.00758957  0.00341835   0.0202812 -0.0114873  0.0146567   -9.80898 
               37.92 0.0741631 -0.294975   149.618   -2.29697   0.103852 -0.0519062 0 0 0 0 0 0 -0.00138926  0.00309066  -0.0012469  -0.00152175 -0.000670523  0.000125206 -0.00758974  0.00338391   0.0202602 -0.011499 0.0146343  -9.80898 
               37.94 0.0742553 -0.295068   149.618     -2.297   0.103832 -0.0518687 0 0 0 0 0 0 -0.00147957  0.00305147 -0.00111874 -0.00152081 -0.00067003 0.000125114 -0.00757729  0.00336456   0.0202412 -0.0114975  0.0146175   -9.80898 
               37.96  0.074263 -0.294996   149.618   -2.29703   0.103816 -0.0518357 0 0 0 0 0 0  -0.0014678  0.00303935 -0.00104968  -0.00151981 -0.000669632  0.000125024 -0.00756217  0.00334783   0.0202244 -0.0114933  0.0146014   -9.80898 
               37.98 0.0743817 -0.295069   149.618   -2.29701   0.103833 -0.0518106 0 0 0 0 0 0 -0.00121406  0.00325514 -0.00105882  -0.00151888 -0.000669151  0.000124877 -0.00754357  0.00334223   0.0202105 -0.011483 0.0145915  -9.80898 
                  38 0.0743655 -0.295051   149.618     -2.297   0.103847 -0.0517911 0 0 0 0 0 0 -0.000992021   0.00342276  -0.00111339  -0.00151787 -0.000668722  0.000124783 -0.00752514  0.00333463   0.0201983 -0.0114736  0.0145803   -9.80898 
               38.02  0.074283 -0.295154   149.618     -2.297   0.103869 -0.0517669 0 0 0 0 0 0 -0.00095365  0.00364626 -0.00111651  -0.00151683 -0.000668225  0.000124782 -0.00751335  0.00332563   0.0201843 -0.0114689  0.0145704   -9.80898 
               38.04 0.0742896 -0.295199   149.618     -2.297   0.103886 -0.0517485 0 0 0 0 0 0 -0.00088861  0.00378894  -0.0011673  -0.00151583 -0.000667761   0.00012468 -0.00749938  0.00331463   0.0201719 -0.0114636  0.0145585   -9.80898 
               38.06 0.0742709 -0.295168   149.618     -2.297   0.103901 -0.0517331 0 0 0 0 0 0 -0.000817991   0.00389366  -0.00123473  -0.00151483 -0.000667341  0.000124591 -0.00748461  0.00330259   0.0201603 -0.011458 0.0145457  -9.80898 
               38.08 0.0743469 -0.295666   149.618   -2.29701   0.103915 -0.0517053 0 0 0 0 0 0 -0.00080146  0.00398277 -0.00118718  -0.00151387 -0.000666619    0.0001245 -0.00747133  0.00328916   0.0201444 -0.0114539  0.0145325   -9.80898 
                38.1 0.0744168   -0.2956   149.618   -2.29701   0.103924 -0.0516794 0 0 0 0 0 0 -0.000742732   0.00400428  -0.00116402 -0.00151292 -0.00066622 0.000124403 -0.00745562  0.00327441   0.0201294 -0.0114487  0.0145176   -9.80898 
               38.12 0.0745248 -0.295594   149.618     -2.297   0.103929 -0.0516631 0 0 0 0 0 0 -0.000640344   0.00398977   -0.0012245  -0.00151199 -0.000665787  0.000124349 -0.00743797  0.00325933   0.0201175 -0.0114424  0.0145018   -9.80898 
               38.14 0.0745115 -0.295565   149.618     -2.297   0.103931 -0.0516514 0 0 0 0 0 0 -0.000568294    0.0039577  -0.00131177  -0.00151098 -0.000665367  0.000124254 -0.00742098  0.00324322   0.0201066 -0.0114368  0.0144856   -9.80898 
               38.16 0.0741757 -0.295743   149.618  -2.29704  0.103915 -0.051663 0 0 0 0 0 0 -0.000828878   0.00383025  -0.00157289   -0.0015098 -0.000664829  0.000124192 -0.00741253  0.00321863   0.0201021 -0.0114396  0.0144668   -9.80898 
               38.18 0.0745713 -0.295821   149.618   -2.29702   0.103929 -0.0516975 0 0 0 0 0 0 -0.000630788   0.00389981  -0.00198523  -0.00150903 -0.000664349  0.000124047 -0.00739346  0.00320784   0.0201032 -0.011431 0.0144534  -9.80898 
                38.2 0.0744895 -0.295778   149.618   -2.29697   0.103961 -0.0517237 0 0 0 0 0 0 -0.000237183   0.00406936  -0.00226321    -0.001508 -0.000663938  0.000123958 -0.0073702 0.00320343  0.0200992 -0.0114174  0.0144427   -9.80898 
               38.22 0.0743353 -0.295564   149.619   -2.29687   0.104041 -0.0517315 0 0 0 0 0 0 0.000507212  0.00455299 -0.00234721  -0.00150692 -0.000663625  0.000123606 -0.00734166  0.00321453   0.0200881 -0.0113952  0.0144402   -9.80898 
               38.24 0.0742813 -0.295512   149.619   -2.29679   0.104103 -0.0517325 0 0 0 0 0 0 0.000963953  0.00485793 -0.00235813  -0.0015059 -0.00066322 0.000123533 -0.00731888  0.00321531   0.0200744 -0.0113802   0.014433   -9.80898 
               38.26 0.0753061  -0.29565   149.619   -2.29667   0.104182 -0.0517928 0 0 0 0 0 0  0.00165409  0.00521819 -0.00285857  -0.00150549 -0.000662706  0.000123389 -0.00728994  0.00322163   0.0200786 -0.0113594  0.0144274   -9.80898 
               38.28 0.0753088 -0.295798   149.619   -2.29653   0.104226 -0.0518369 0 0 0 0 0 0 0.00243213 0.00523249 -0.0031449  -0.00150451 -0.000662188  0.000122898 -0.00725255  0.00321893   0.0200749 -0.0113362   0.014413   -9.80898 
                38.3  0.075295 -0.295622   149.619   -2.29644   0.104262 -0.0518744 0 0 0 0 0 0  0.00268807  0.00524323 -0.00332256  -0.00150351 -0.000661855  0.000123043 -0.00723101  0.00320729   0.0200674 -0.0113262  0.0143983   -9.80898 
               38.32 0.0752791 -0.295534   149.619   -2.29638   0.104289 -0.0518929 0 0 0 0 0 0  0.00271093  0.00521433 -0.00331129  -0.00150251 -0.000661471   0.00012296 -0.00721592  0.00319051   0.0200529 -0.0113221  0.0143824   -9.80898 
               38.34  0.07528 -0.29551  149.619   -2.29634   0.104312 -0.0518987 0 0 0 0 0 0  0.00253101  0.00518593 -0.00319405  -0.00150153 -0.000661051  0.000122871 -0.00720702  0.00317035   0.0200346 -0.0113231  0.0143664   -9.80898 
               38.36  0.075269 -0.295486   149.619   -2.29632   0.104328 -0.0518958 0 0 0 0 0 0  0.00225054  0.00512044 -0.00302312  -0.00150053 -0.000660632  0.000122821 -0.00720057   0.0031474   0.0200144 -0.0113266  0.0143494   -9.80898 
               38.38 0.0752449 -0.295391   149.619    -2.2963    0.10435 -0.0518807 0 0 0 0 0 0  0.00199948  0.00510029 -0.00277872  -0.00149954 -0.000660253  0.000122664  -0.007194 0.00312636  0.0199914 -0.0113294  0.0143337   -9.80898 
                38.4 0.0745727 -0.296182   149.619   -2.29634     0.1044 -0.0518333 0 0 0 0 0 0  0.00130491  0.00536461 -0.00230144 -0.00149817 -0.00065937 0.000122316 -0.0072058 0.00310654  0.0199601 -0.0113435  0.0143249   -9.80898 
               38.42 0.0750472 -0.296654    149.62  -2.29637  0.104429 -0.051786 0 0 0 0 0 0 0.000783292  0.00540284 -0.00190616  -0.00149746 -0.000658668  0.000122195 -0.00720858  0.00308279   0.0199317 -0.0113532  0.0143105   -9.80898 
               38.44 0.0749063 -0.296944   149.619   -2.29651   0.104352 -0.0517465 0 0 0 0 0 0 -0.00033575  0.00466479 -0.00163378  -0.00149639 -0.000658072  0.000122185 -0.00721628  0.00302563    0.019908 -0.0113773  0.0142764   -9.80898 
               38.46 0.0744531 -0.296394   149.619   -2.29663   0.104294 -0.0517193 0 0 0 0 0 0 -0.00121678  0.00416076 -0.00151001  -0.00149515 -0.000657955  0.000122322 -0.00722066  0.00297969   0.0198897 -0.0113955  0.0142483   -9.80898 
               38.48 0.0745871 -0.296569   149.619   -2.29678    0.10421 -0.0516936 0 0 0 0 0 0 -0.00223472  0.00354901  -0.0014165  -0.00149424 -0.000657424  0.000122233 -0.00722735  0.00292827   0.0198725 -0.011417 0.0142176  -9.80898 
                38.5 0.0704866 -0.293758   149.618   -2.29684   0.104148 -0.0516765 0 0 0 0 0 0 -0.00234692  0.00307383 -0.00142157  -0.00149092 -0.000658597  0.000122756 -0.00720866  0.00289678   0.0198588 -0.0114155  0.0141911   -9.80898 
               38.52 0.0703396 -0.293542   149.618   -2.2969  0.104088 -0.051661 0 0 0 0 0 0 -0.00242031   0.0026946 -0.00143853  -0.00148986 -0.000658289  0.000122699 -0.00719043  0.00286891   0.0198456 -0.0114131  0.0141671   -9.80898 
               38.54 0.0701553 -0.293408   149.618    -2.2969   0.104083 -0.0516353 0 0 0 0 0 0  -0.0021438  0.00275912 -0.00137168  -0.00148877 -0.000657935  0.000122591 -0.00716918  0.00286033   0.0198292 -0.0114024  0.0141545   -9.80898 
               38.56 0.0698215  -0.29231   149.618   -2.29691    0.10404 -0.0515475 0 0 0 0 0 0  -0.00199092   0.00252148 -0.000803501  -0.0014876 -0.00065813 0.000122539 -0.00714654  0.00284064   0.0197945 -0.0113944  0.0141343   -9.80898 
               38.58 0.0698977  -0.29229   149.618   -2.29684   0.104069 -0.0514705 0 0 0 0 0 0  -0.00123953   0.00282345 -0.000423827  -0.00148667 -0.000657711  0.000122479 -0.00711499  0.00284723   0.0197667 -0.0113719   0.014128   -9.80898 
                38.6 0.0695166 -0.291921   149.618   -2.29674   0.104129 -0.0513973 0 0 0 0 0 0 -0.000380263   0.00330597 -0.000137933 -0.00148548 -0.00065749  0.00012244 -0.00708324  0.00286108   0.0197423 -0.0113469  0.0141262   -9.80898 
               38.62 0.0692536 -0.291638   149.618   -2.29668   0.104159 -0.0513368 0 0 0 0 0 0 4.41604e-05  0.00353401   9.347e-07  -0.00148435 -0.000657221  0.000122325 -0.00706027  0.00286002   0.0197233 -0.0113325  0.0141179   -9.80898 
               38.64 0.0692722 -0.291585   149.618   -2.29668   0.104152 -0.0513103 0 0 0 0 0 0  -2.6302e-05   0.00349009 -0.000156702  -0.00148339 -0.000656821  0.000122265 -0.00704757  0.00284252   0.0197154 -0.0113302  0.0141025   -9.80898 
               38.66 0.0697951 -0.291692   149.618   -2.29668   0.104144 -0.0512706 0 0 0 0 0 0 -0.000113672   0.00344661  -0.00017892 -0.00148271 -0.00065633 0.000122163 -0.00703545  0.00282472   0.0197025 -0.0113284  0.0140871   -9.80898 
               38.68 0.0697861 -0.291644   149.618   -2.29668   0.104139 -0.0512431 0 0 0 0 0 0 -0.000188724   0.00343194  -0.00029821  -0.00148173 -0.000655927  0.000122078 -0.00702344  0.00280802   0.0196931 -0.0113263  0.0140724   -9.80898 
                38.7   0.06979 -0.291576   149.618   -2.29668   0.104135 -0.0512224 0 0 0 0 0 0 -0.000252476   0.00342935 -0.000453277  -0.00148076 -0.000655537  0.000121981 -0.00701131   0.0027919   0.0196851 -0.0113239  0.0140581   -9.80898 
               38.72 0.0697563 -0.291551   149.618   -2.29669   0.104132 -0.0512089 0 0 0 0 0 0 -0.000302809   0.00343095  -0.00064285  -0.00147977 -0.000655122   0.00012189 -0.00699886  0.00277617   0.0196783 -0.0113212  0.0140439   -9.80898 
               38.74 0.0697579  -0.29156   149.618   -2.29669   0.104129 -0.0511982 0 0 0 0 0 0  -0.00032751    0.0034231 -0.000823424   -0.0014788 -0.000654688  0.000121835 -0.0069855 0.00276061  0.0196712 -0.0113179  0.0140295   -9.80898 
               38.76 0.0698635 -0.291723   149.618   -2.2967  0.104144 -0.051186 0 0 0 0 0 0 -0.000454491   0.00357607 -0.000960733  -0.00147789 -0.000654167  0.000121734 -0.00697795  0.00274816   0.0196626 -0.0113172  0.0140191   -9.80898 
               38.78 0.0699959 -0.292379   149.618   -2.29672   0.104156 -0.0511813 0 0 0 0 0 0 -0.000633443   0.00368563  -0.00113629    -0.001477 -0.000653364  0.000121635 -0.00697131  0.00273356   0.0196554 -0.0113179  0.0140076   -9.80898 
                38.8 0.0699918  -0.29243   149.618   -2.29673   0.104165 -0.0511765 0 0 0 0 0 0 -0.000722367   0.00373818  -0.00128374  -0.00147603 -0.000652907  0.000121536 -0.00696105  0.00271879   0.0196471 -0.0113162  0.0139948   -9.80898 
               38.82 0.069949 -0.29233  149.618   -2.29678   0.104153 -0.0511691 0 0 0 0 0 0 -0.00100968  0.00364936 -0.00138193  -0.00147503 -0.000652537  0.000121429 -0.00695436  0.00269652   0.0196371 -0.0113194  0.0139784   -9.80898 
               38.84 0.0702172   -0.2926   149.618    -2.2968   0.104152 -0.0511631 0 0 0 0 0 0 -0.00109387  0.00362892  -0.0014786  -0.00147422 -0.000651956   0.00012134 -0.0069428 0.00267969  0.0196269 -0.0113176  0.0139639   -9.80898 
               38.86 0.0699685 -0.292236   149.618   -2.29682   0.104141 -0.0511418 0 0 0 0 0 0 -0.00112873  0.00353125 -0.00143366  -0.00147311 -0.000651737  0.000121252 -0.00692848  0.00266143   0.0196117 -0.0113145  0.0139476   -9.80898 
               38.88 0.0702239 -0.292419   149.618   -2.29682   0.104144 -0.0511252 0 0 0 0 0 0 -0.00106489  0.00354219 -0.00143568  -0.00147229 -0.000651206  0.000121158 -0.00691306  0.00264805   0.0195981 -0.0113092   0.013934   -9.80898 
                38.9 0.0702459 -0.292403   149.618   -2.29682   0.104144 -0.0511093 0 0 0 0 0 0 -0.000999036    0.0035263  -0.00144253  -0.00147133 -0.000650789  0.000121079 -0.00689717  0.00263394   0.0195847 -0.0113037  0.0139197   -9.80898 
               38.92 0.0702302 -0.292332   149.618   -2.29683   0.104126 -0.0510899 0 0 0 0 0 0 -0.000927861   0.00337133  -0.00141981  -0.00147036 -0.000650404  0.000121038 -0.00687881   0.0026158   0.0195702 -0.0112981  0.0139022   -9.80898 
               38.94 0.0700843 -0.291834   149.618   -2.2968  0.104135 -0.051085 0 0 0 0 0 0 -0.000624501   0.00342834  -0.00152375  -0.00146931 -0.000650262  0.000120967 -0.00685704  0.00260787   0.0195604 -0.0112869  0.0138899   -9.80898 
               38.96 0.0705511 -0.292049   149.618   -2.29674   0.104156 -0.0510949 0 0 0 0 0 0 -0.000162774   0.00354572  -0.00173338  -0.00146861 -0.000649714  0.000120842 -0.00683162  0.00260433   0.0195544 -0.011272 0.0138793  -9.80898 
               38.98 0.0705393 -0.292001   149.618    -2.2967   0.104174 -0.0511001 0 0 0 0 0 0 0.000131365  0.00364496 -0.00186701  -0.00146764 -0.000649316  0.000120769 -0.00681092  0.00259747   0.0195456 -0.0112612  0.0138681   -9.80898 
                  39 0.070609   -0.292  149.618   -2.29664     0.1042 -0.0510995 0 0 0 0 0 0 0.000435334  0.00379134 -0.00193152  -0.00146672 -0.000648892  0.000120681 -0.00679077  0.00259218   0.0195344 -0.0112502  0.0138581   -9.80898 
               39.02 0.0701715 -0.291453   149.617    -2.2966   0.104224 -0.0511077 0 0 0 0 0 0 0.000644418  0.00390543 -0.00205645  -0.00146551 -0.000648779  0.000120674 -0.00677285  0.00258441   0.0195253 -0.0112414  0.0138473   -9.80898 
               39.04 0.0697913 -0.290899   149.618   -2.29645   0.104307 -0.0510907 0 0 0 0 0 0  0.00157823  0.00437491 -0.00196169  -0.00146433 -0.000648671   0.00012012 -0.00673934  0.00259924   0.0195082 -0.0112153  0.0138456   -9.80898 
               39.06 0.0699261 -0.290854   149.618   -2.29637    0.10434 -0.0510825 0 0 0 0 0 0  0.00179828  0.00447594 -0.00194592  -0.00146345 -0.000648272  0.000120054 -0.00672091   0.0025913    0.019494 -0.0112063  0.0138345   -9.80898 
               39.08 0.0698681 -0.290769   149.618  -2.29632  0.104366 -0.051072 0 0 0 0 0 0  0.00183161  0.00452101 -0.00191143  -0.00146246 -0.000647897  0.000119982 -0.00670711  0.00257863   0.0194792 -0.0112017  0.0138219   -9.80898 
                39.1 0.0698603  -0.29073   149.618   -2.29629   0.104386 -0.0510604 0 0 0 0 0 0 0.00172744 0.00452363 -0.0018712  -0.00146149 -0.000647495    0.0001199 -0.0066967 0.00256245  0.0194643 -0.0112005  0.0138083   -9.80898 
               39.12 0.0698027 -0.290973   149.618   -2.29628   0.104402 -0.0510296 0 0 0 0 0 0  0.00144464  0.00451712 -0.00167708   -0.0014605 -0.000646933  0.000119915 -0.00669149  0.00254309   0.0194437 -0.0112035  0.0137944   -9.80898 
               39.14 0.0698377 -0.290933   149.618    -2.2963   0.104397 -0.0509955 0 0 0 0 0 0  0.00100438  0.00437302 -0.00148556  -0.00145956 -0.000646533  0.000119822 -0.00668867  0.00251708   0.0194234 -0.0112102  0.0137771   -9.80898 
               39.16 0.0701016 -0.291139   149.618  -2.29638  0.104368 -0.050964 0 0 0 0 0 0 0.000230216  0.00409433 -0.00134135  -0.00145876 -0.000645993  0.000119729 -0.0066935 0.00248161  0.0194048 -0.0112249  0.0137564   -9.80898 
               39.18 0.0685436 -0.290687   149.618   -2.29647   0.104342 -0.0508589 0 0 0 0 0 0  -0.00063276   0.00389747 -0.000613912  -0.00145691 -0.000645828  0.000119444 -0.00670234  0.00244731   0.0193649 -0.0112416  0.0137377   -9.80898 
                39.2  0.068691 -0.290935   149.618    -2.2965   0.104344 -0.0507632 0 0 0 0 0 0 -0.000783859   0.00385938 -9.24486e-05  -0.00145604 -0.000645264  0.000119347 -0.00669276  0.00242948   0.0193326 -0.0112414  0.0137233   -9.80898 
               39.22 0.0686773 -0.290874   149.618   -2.29651   0.104349 -0.0506924 0 0 0 0 0 0 -0.000851875   0.00383843  0.000136934  -0.00145508 -0.000644877  0.000119269 -0.00668099  0.00241357   0.0193108 -0.0112391  0.0137095   -9.80898 
               39.24  0.068571 -0.290665   149.618   -2.29649   0.104365 -0.0506327 0 0 0 0 0 0 -0.000640295   0.00387486  0.000234503  -0.00145407 -0.000644575  0.000119175 -0.00666189  0.00240401   0.0192939 -0.0112302  0.0136972   -9.80898 
               39.26 0.0685467 -0.290622   149.618   -2.29647   0.104378 -0.0505904 0 0 0 0 0 0 -0.000481001   0.00388094  0.000173133   -0.0014531 -0.000644177  0.000119085 -0.00664384  0.00239271   0.0192827 -0.0112226  0.0136842   -9.80898 
               39.28 0.0685031 -0.290571   149.618   -2.29646    0.10439 -0.0505614 0 0 0 0 0 0 -0.000365668   0.00388867  1.40353e-05  -0.00145212 -0.000643785  0.000119025 -0.00662712  0.00238076   0.0192751 -0.011216 0.0136712  -9.80898 
                39.3 0.0685122 -0.290607   149.618   -2.29645   0.104397 -0.0505451 0 0 0 0 0 0 -0.000329068   0.00386484 -0.000222854  -0.00145117 -0.000643344  0.000118937 -0.00661222  0.00236662   0.0192704 -0.0112114  0.0136575   -9.80898 
               39.32 0.0685257  -0.29061   149.618   -2.29644   0.104403 -0.0505347 0 0 0 0 0 0 -0.000307667   0.00383582 -0.000468883  -0.00145023 -0.000642921  0.000118844 -0.00659771  0.00235209    0.019266 -0.011207 0.0136436  -9.80898 
               39.34 0.0685318 -0.290582   149.618  -2.29643  0.104403 -0.050523 0 0 0 0 0 0 -0.000256507   0.00376334 -0.000663989  -0.00144928 -0.000642517  0.000118775 -0.00658164  0.00233681   0.0192598 -0.011202 0.0136288  -9.80898 
               39.36 0.0685398 -0.290587   149.618   -2.29644   0.104398 -0.0505155 0 0 0 0 0 0 -0.000345594   0.00367253  -0.00085984  -0.00144834 -0.000642094  0.000118758 -0.00656941   0.0023187   0.0192536 -0.0112002  0.0136135   -9.80898 
               39.38 0.0685244  -0.29059   149.618   -2.29645   0.104393 -0.0505107 0 0 0 0 0 0 -0.000407795   0.00359804  -0.00104516  -0.00144738 -0.000641673  0.000118674 -0.00655668  0.00230155    0.019247 -0.0111979  0.0135986   -9.80898 
                39.4 0.0685846 -0.290637   149.618   -2.29645   0.104388 -0.0505057 0 0 0 0 0 0 -0.000454522   0.00352571  -0.00119945  -0.00144646 -0.000641226  0.000118591 -0.00654357  0.00228474   0.0192394 -0.0111952  0.0135838   -9.80898 
               39.42 0.0685856  -0.29064   149.618 -2.29646 0.104384  -0.0505 0 0 0 0 0 0 -0.000480852   0.00347566   -0.0013222  -0.00144552 -0.000640805  0.000118504 -0.00653025  0.00226894   0.0192305 -0.011192 0.0135696  -9.80898 
               39.44 0.0693304 -0.291086   149.619   -2.29647   0.104394 -0.0504966 0 0 0 0 0 0 -0.000601228   0.00356065  -0.00144126  -0.00144499 -0.000640133   0.00011822 -0.00652199   0.0022555   0.0192216 -0.0111913  0.0135585   -9.80898 
               39.46 0.0696622 -0.290884   149.619   -2.29647   0.104391 -0.0504753 0 0 0 0 0 0 -0.000581884   0.00350585  -0.00139618 -0.00144424 -0.00063983 0.000118114 -0.00650735  0.00224024   0.0192067 -0.0111871  0.0135442   -9.80898 
               39.48  0.069709 -0.291384   149.619   -2.29648   0.104399 -0.0504474 0 0 0 0 0 0 -0.000644544   0.00355946  -0.00130205  -0.00144332 -0.000639127  0.000118048 -0.00649698  0.00222683     0.01919 -0.0111849  0.0135325   -9.80898 
                39.5 0.0696231 -0.291859   149.619  -2.29649  0.104412 -0.050402 0 0 0 0 0 0 -0.000700081   0.00363979  -0.00107913  -0.00144232 -0.000638438  0.000117979 -0.00648693  0.00221434   0.0191687 -0.0111827  0.0135214   -9.80898 
               39.52 0.0690245 -0.291554   149.618   -2.29645   0.104446 -0.0503621 0 0 0 0 0 0 -0.000361995   0.00382789 -0.000943395  -0.00144104 -0.000638194  0.000118035 -0.0064671 0.00221154  0.0191504 -0.0111712  0.0135132   -9.80898 
               39.54 0.0696295 -0.291842   149.618   -2.29642   0.104467 -0.0503286 0 0 0 0 0 0 -0.000184696   0.00390167 -0.000879216  -0.00144044 -0.000637613  0.000117823 -0.00645015  0.00220271   0.0191349 -0.0111635  0.0135022   -9.80898 
               39.56 0.0696204 -0.291845   149.618   -2.29643   0.104451 -0.0503046 0 0 0 0 0 0  -0.00024444   0.00369537 -0.000901378  -0.00143949 -0.000637195  0.000117765 -0.00643556  0.00218185   0.0191225 -0.0111612  0.0134845   -9.80898 
               39.58 0.0696281 -0.291817   149.618   -2.29643   0.104437 -0.0502867 0 0 0 0 0 0 -0.000302533   0.00353819 -0.000970287  -0.00143855 -0.000636794  0.000117681 -0.00642175  0.00216249   0.0191118 -0.0111589   0.013468   -9.80898 
                39.6 0.0699004  -0.29194   149.618   -2.29644   0.104427 -0.0502627 0 0 0 0 0 0 -0.000382419   0.00344018  -0.00097597  -0.00143776 -0.000636308  0.000117593 -0.00640958   0.0021445   0.0190988 -0.0111572  0.0134528   -9.80898 
               39.62 0.0695918 -0.291705   149.618   -2.29645   0.104416 -0.0502397 0 0 0 0 0 0 -0.000432174   0.00334619 -0.000989533  -0.00143664 -0.000636027  0.000117507 -0.00639659  0.00212718   0.0190861 -0.0111547  0.0134379   -9.80898 
               39.64 0.0696143 -0.291704   149.618   -2.29645   0.104407 -0.0502204 0 0 0 0 0 0 -0.000477692   0.00328665  -0.00103132  -0.00143571 -0.000635611  0.000117424 -0.00638406  0.00211096   0.0190745 -0.0111522  0.0134237   -9.80898 
               39.66 0.0696356 -0.291629   149.618   -2.29646     0.1044 -0.0502011 0 0 0 0 0 0 -0.000496977   0.00324025  -0.00106651  -0.00143479 -0.000635239  0.000117343 -0.00637099  0.00209558   0.0190626 -0.0111491    0.01341   -9.80898 
               39.68 0.0696218 -0.291604   149.618   -2.29646   0.104395 -0.0501844 0 0 0 0 0 0 -0.000505253   0.00321437  -0.00111699  -0.00143384 -0.000634838  0.000117275 -0.00635796    0.002081   0.0190513 -0.0111457  0.0133967   -9.80898 
                39.7 0.0696344 -0.291605   149.618   -2.29646    0.10439 -0.0501699 0 0 0 0 0 0 -0.000506493   0.00319869  -0.00117632  -0.00143291 -0.000634423  0.000117234 -0.0063449 0.00206685  0.0190403 -0.0111422  0.0133837   -9.80898 
               39.72 0.0696145 -0.291526   149.618   -2.29646   0.104389 -0.0501582 0 0 0 0 0 0 -0.0005132 0.00321626 -0.0012499  -0.00143196 -0.000634053  0.000117231 -0.00633256  0.00205361   0.0190299 -0.0111388  0.0133715   -9.80898 
               39.74 0.0695801  -0.29147   149.618    -2.2965   0.104371 -0.0501544 0 0 0 0 0 0 -0.000799697   0.00312288  -0.00137198    -0.001431 -0.000633671  0.000117126 -0.00632655  0.00203262   0.0190213 -0.0111419  0.0133566   -9.80898 
               39.76 0.0695639 -0.291508   149.618   -2.29653    0.10436 -0.0501442 0 0 0 0 0 0 -0.000959381   0.00308858  -0.00142267  -0.00143005 -0.000633235  0.000117038 -0.00631785  0.00201545     0.01901 -0.011142 0.0133432  -9.80898 
               39.78 0.0695847 -0.291472   149.618   -2.29655    0.10435 -0.0501314 0 0 0 0 0 0 -0.00102696  0.00306006 -0.00144419  -0.00142913 -0.000632842  0.000116947 -0.00630658  0.00199997   0.0189977 -0.0111401    0.01333   -9.80898 
                39.8 0.0694456 -0.291654   149.618   -2.29656   0.104347 -0.0501047 0 0 0 0 0 0 -0.00104811  0.00307546 -0.00134902  -0.00142811 -0.000632325  0.000116864 -0.00629473  0.00198655   0.0189812 -0.0111371  0.0133178   -9.80898 
               39.82 0.0694278 -0.291619   149.618   -2.29657   0.104341 -0.0500812 0 0 0 0 0 0 -0.00101797  0.00305853 -0.00129528  -0.00142717 -0.000631932  0.000116838 -0.00628087  0.00197306   0.0189662 -0.0111328   0.013305   -9.80898 
               39.84 0.0696064 -0.291877   149.618   -2.29659   0.104322 -0.0500536 0 0 0 0 0 0 -0.00107042  0.00295885 -0.00121592  -0.00142633 -0.000631372  0.000116591 -0.00626813  0.00195583   0.0189503 -0.0111305  0.0132903   -9.80898 
               39.86 0.0695949 -0.292082   149.618   -2.29656   0.104328 -0.0500154 0 0 0 0 0 0 -0.00078485  0.00302373 -0.00106539  -0.00142539 -0.000630843  0.000116506 -0.00624831  0.00194888   0.0189318 -0.0111205  0.0132796   -9.80898 
               39.88 0.0696237 -0.292119   149.619   -2.29653   0.104329 -0.0499808 0 0 0 0 0 0 -0.000462382   0.00303915 -0.000970435 -0.00142448 -0.00063041 0.000116341 -0.00622665   0.0019411   0.0189152 -0.0111096  0.0132679   -9.80898 
                39.9 0.0695434 -0.291857   149.618   -2.29651   0.104339 -0.0499522 0 0 0 0 0 0 -0.000363727   0.00314184 -0.000936416   -0.0014235 -0.000630148  0.000116352 -0.00621288  0.00193224    0.018901 -0.011104  0.013258  -9.80898 
               39.92 0.0697618 -0.291826   149.619   -2.29649   0.104343 -0.0499429 0 0 0 0 0 0 -0.000200581   0.00318013  -0.00106818  -0.00142269 -0.000629754  0.000116167 -0.0061962 0.00192257  0.0188927 -0.0110968  0.0132466   -9.80898 
               39.94 0.0697061 -0.291735   149.618  -2.29645  0.104357 -0.049937 0 0 0 0 0 0 7.41622e-05  0.00327161 -0.00120662  -0.00142173 -0.000629394   0.00011619 -0.00617717  0.00191626   0.0188847 -0.0110872  0.0132366   -9.80898 
               39.96 0.0696804 -0.291691   149.618   -2.29642    0.10437 -0.0499288 0 0 0 0 0 0 0.000233791   0.0033616 -0.00130272  -0.00142078 -0.000629008  0.000116119 -0.00616148  0.00190805   0.0188752 -0.0110801  0.0132266   -9.80898 
               39.98 0.0696098 -0.291567   149.618   -2.29643   0.104363 -0.0499209 0 0 0 0 0 0  1.4293e-05  0.00332162 -0.00138004  -0.00141981 -0.000628668  0.000116014 -0.00615464  0.00188999   0.0188651 -0.0110817  0.0132133   -9.80898 
                  40 0.0696286 -0.291595   149.618   -2.29644   0.104357 -0.0499135 0 0 0 0 0 0 -0.000150992   0.00328449  -0.00144925  -0.00141889 -0.000628241   0.00011593 -0.00614631  0.00187291   0.0188546 -0.0110821  0.0132001   -9.80898 
               40.02 0.0696406 -0.291609   149.618   -2.29646   0.104352 -0.0499053 0 0 0 0 0 0 -0.000281404   0.00326556  -0.00150082  -0.00141797 -0.000627823  0.000115841 -0.00613728  0.00185695   0.0188436 -0.0110817  0.0131874   -9.80898 
               40.04 0.0696199  -0.29162   149.618   -2.29641   0.104372 -0.0499013 0 0 0 0 0 0 3.54546e-05   0.0033825 -0.00158395  -0.00141703 -0.000627407  0.000115772 -0.00611756  0.00185215   0.0188336 -0.0110711  0.0131782   -9.80898 
               40.06 0.0695919 -0.291532   149.618   -2.29637    0.10439 -0.0498926 0 0 0 0 0 0 0.000239571  0.00348485 -0.00161243  -0.00141609 -0.000627048  0.000115695 -0.00610088  0.00184513   0.0188217 -0.0110631  0.0131685   -9.80898 
               40.08 0.0694114 -0.290961   149.618   -2.29636   0.104387 -0.0498481 0 0 0 0 0 0 0.000233672  0.00342416 -0.00133949  -0.00141506 -0.000626963  0.000115635 -0.00608762  0.00183005   0.0187989 -0.0110598   0.013155   -9.80898 
                40.1 0.0699479  -0.29206   149.618   -2.29646   0.104349 -0.0499007 0 0 0 0 0 0 -0.000611302   0.00320451  -0.00190017  -0.00141443 -0.000625928  0.000115703  -0.006096 0.00179686  0.0188064 -0.0110756  0.0131374   -9.80898 
               40.12 0.0699915  -0.29219   149.618   -2.29641   0.104375 -0.0499435 0 0 0 0 0 0 -0.000243955   0.00337342  -0.00230199  -0.00141353 -0.000625446  0.000115553 -0.00607577  0.00179442    0.018808 -0.011064 0.0131294  -9.80898 
               40.14 0.0700103 -0.292243   149.618   -2.29638   0.104397 -0.0499715 0 0 0 0 0 0 -1.89462e-05   0.00350446  -0.00251522  -0.00141262 -0.000625008  0.000115467 -0.00605909  0.00178859   0.0188027 -0.0110557  0.0131206   -9.80898 
               40.16 0.0699982 -0.292244   149.618   -2.29635   0.104416 -0.0499874 0 0 0 0 0 0 0.000120102  0.00359621 -0.00259197  -0.00141169 -0.000624599  0.000115387 -0.00604429  0.00178026   0.0187926 -0.0110493  0.0131107   -9.80899 
               40.18 0.0699693 -0.292787   149.618   -2.29633   0.104436 -0.0499762 0 0 0 0 0 0 0.000144519   0.0036934 -0.00243174  -0.00141075 -0.000623883   0.00011532  -0.006033 0.00177026  0.0187739 -0.0110456   0.013101   -9.80899 
                40.2 0.0700361 -0.292768   149.618   -2.29633    0.10445 -0.0499573 0 0 0 0 0 0 7.87381e-05  0.00374335 -0.00223292  -0.00140986 -0.000623486  0.000115303 -0.00602356  0.00175746   0.0187539 -0.0110438  0.0130902   -9.80899 
               40.22 0.0705211 -0.293354   149.618  -2.29623  0.104523 -0.049941 0 0 0 0 0 0 0.000729002  0.00416379 -0.00209654  -0.00140921 -0.000622745   0.00011539 -0.0059996 0.00176676   0.018736 -0.0110262  0.0130882   -9.80899 
               40.24 0.0712168 -0.293496   149.618   -2.29615   0.104567 -0.0498991 0 0 0 0 0 0   0.0011281  0.00431687 -0.00176809  -0.00140869 -0.000622258  0.000115328 -0.00597862  0.00176427   0.0187113 -0.0110142    0.01308   -9.80899 
               40.26 0.0711916 -0.293425   149.618   -2.29612   0.104591 -0.0498619 0 0 0 0 0 0   0.0011649  0.00433519 -0.00152829  -0.00140775 -0.000621892   0.00011526 -0.00596589  0.00175211   0.0186898 -0.0110103  0.0130685   -9.80899 
               40.28 0.0681431 -0.291141   149.618    -2.2962   0.104507 -0.0498278 0 0 0 0 0 0 0.000372053  0.00359797 -0.00134266   -0.0014051 -0.000622786  0.000114806 -0.00596453  0.00170536   0.0186704 -0.0110243  0.0130397   -9.80899 
                40.3 0.0715005 -0.293297   149.617   -2.29624   0.104507 -0.0497997 0 0 0 0 0 0 -5.63798e-05   0.00359877  -0.00123995  -0.00140609 -0.000621153  0.000115208 -0.00596484  0.00168529    0.018654 -0.0110308  0.0130276   -9.80899 
               40.32 0.0681089 -0.290833   149.618   -2.29629   0.104466 -0.0497505 0 0 0 0 0 0 -0.000465549   0.00325851 -0.000981585  -0.00140324 -0.000622149   0.00011469 -0.00595886  0.00165617    0.018632 -0.0110364   0.013008   -9.80899 
               40.34 0.0681666 -0.290857   149.618   -2.29629    0.10445 -0.0497068 0 0 0 0 0 0 -0.000464299   0.00312257 -0.000815868  -0.00140235 -0.000621729  0.000114618 -0.0059444 0.00163951  0.0186132 -0.0110329  0.0129932   -9.80899 
               40.36 0.0681108 -0.290757   149.618   -2.29629   0.104437 -0.0496715 0 0 0 0 0 0  -0.00046581   0.00303532 -0.000745539   -0.0014014 -0.000621381  0.000114549 -0.00593081  0.00162424    0.018598 -0.0110295  0.0129796   -9.80899 
               40.38 0.0684211 -0.290439   149.618   -2.29633    0.10441 -0.0496644 0 0 0 0 0 0 -0.000752723   0.00287792 -0.000915441  -0.00140066 -0.000621156  0.000114384 -0.0059242 0.00160239  0.0185914 -0.0110324  0.0129643   -9.80899 
                40.4 0.0683404 -0.290548   149.618   -2.29636   0.104391 -0.0496641 0 0 0 0 0 0 -0.000944067   0.00280314  -0.00111394   -0.0013997 -0.000620689   0.00011429 -0.00591621  0.00158447   0.0185859 -0.0110332  0.0129509   -9.80899 
               40.42  0.068343 -0.290537   149.618   -2.29636   0.104391 -0.0496613 0 0 0 0 0 0 -0.00086563  0.00285548 -0.00126265 -0.00139879 -0.00062029   0.0001142 -0.00590256  0.00157452   0.0185785 -0.0110281  0.0129405   -9.80899 
               40.44 0.0683002  -0.29049   149.618   -2.29639   0.104377 -0.0496632 0 0 0 0 0 0 -0.00107832  0.00282564 -0.00142235  -0.00139785 -0.000619912  0.000114133 -0.00589593   0.0015576   0.0185716 -0.0110295  0.0129282   -9.80899 
               40.46 0.0681173 -0.290731   149.618    -2.2964   0.104425 -0.0496549 0 0 0 0 0 0 -0.00109788  0.00325809 -0.00147181  -0.00139683 -0.000619371  0.000113964 -0.00589124  0.00155697   0.0185607 -0.0110268  0.0129263   -9.80899 
               40.48 0.0681065 -0.290814   149.618   -2.29635   0.104487 -0.0496501 0 0 0 0 0 0 -0.000656137   0.00367905  -0.00154865 -0.00139591 -0.00061892 0.000113848 -0.00587323  0.00156339   0.0185508 -0.0110138  0.0129245   -9.80899 
                40.5 0.0680852 -0.290867   149.618   -2.2963  0.104534 -0.049644 0 0 0 0 0 0 -0.000301288   0.00393282  -0.00160047  -0.00139499 -0.000618485  0.000113733 -0.00585505  0.00156366   0.0185399 -0.0110028  0.0129189   -9.80899 
               40.52 0.0685287 -0.291513   149.618   -2.29614   0.104632 -0.0496546 0 0 0 0 0 0 0.000876133  0.00443902 -0.00179107  -0.00139433 -0.000617714  0.000113963 -0.00581755   0.0015842   0.0185339 -0.0109736  0.0129194   -9.80899 
               40.54  0.068523 -0.291372   149.618   -2.29602   0.104676 -0.0496587 0 0 0 0 0 0  0.00159932  0.00449689 -0.00189215  -0.00139341 -0.000617391  0.000113892 -0.00578588   0.0015847   0.0185248 -0.0109543  0.0129097   -9.80899 
               40.56 0.0685091 -0.291294   149.618   -2.29594   0.104708 -0.0496602 0 0 0 0 0 0  0.00194812   0.0044911 -0.00195045  -0.00139249 -0.000617033  0.000113826 -0.00576389  0.00157743   0.0185142 -0.0109434  0.0128984   -9.80899 
               40.58 0.0683815 -0.291102   149.618   -2.29587   0.104732 -0.0496548 0 0 0 0 0 0  0.00207185  0.00446194 -0.00193957 -0.00139151 -0.00061674 0.000113758 -0.00574796  0.00156594   0.0185011 -0.0109374  0.0128864   -9.80899 
                40.6 0.0682589 -0.289507   149.618   -2.29598    0.10461 -0.0496638 0 0 0 0 0 0 0.000993625  0.00342169 -0.00203534  -0.00139053 -0.000617244  0.000113502 -0.0057499 0.00150662  0.0184921 -0.0109573  0.0128513   -9.80899 
               40.62 0.0680205 -0.288987   149.618   -2.29608   0.104516 -0.0496692 0 0 0 0 0 0 7.01993e-05  0.00275351 -0.00208678  -0.00138948 -0.000617137  0.000113685 -0.00575333  0.00146045   0.0184814 -0.0109739  0.0128246   -9.80899 
